latitude,longitude,bright_ti4,scan,track,acq_date,acq_time,satellite,instrument,confidence,version,bright_ti5,frp,daynight
49.89589,-121.46109,313.66,0.39,0.36,2026-07-03,1028,N,VIIRS,n,2.0NRT,281.03,0.93,N
49.89685,-121.46677,298.08,0.39,0.36,2026-07-03,1028,N,VIIRS,n,2.0NRT,277.95,0.93,N
49.89506,-121.44967,333.79,0.47,0.48,2026-07-04,2138,N,VIIRS,n,2.0NRT,279.13,6.31,D
49.89624,-121.43263,329.44,0.48,0.48,2026-07-04,2138,N,VIIRS,n,2.0NRT,286.06,5.73,D
49.89994,-121.44421,347.06,0.47,0.48,2026-07-04,2138,N,VIIRS,n,2.0NRT,277.9,6.44,D
49.90031,-121.43896,331.88,0.48,0.48,2026-07-04,2138,N,VIIRS,n,2.0NRT,282.04,6.44,D
49.90327,-121.46086,353.11,0.47,0.48,2026-07-04,2138,N,VIIRS,n,2.0NRT,289.35,10.77,D
49.90395,-121.45127,350.53,0.47,0.48,2026-07-04,2138,N,VIIRS,n,2.0NRT,279.77,10.77,D
49.90444,-121.44426,349.72,0.47,0.48,2026-07-04,2138,N,VIIRS,n,2.0NRT,282.72,7.44,D
49.90477,-121.43954,343.66,0.48,0.48,2026-07-04,2138,N,VIIRS,n,2.0NRT,279.96,7.44,D
49.90839,-121.45203,336.17,0.47,0.48,2026-07-04,2138,N,VIIRS,n,2.0NRT,280.5,10.77,D
49.90887,-121.44531,341.58,0.47,0.48,2026-07-04,2138,N,VIIRS,n,2.0NRT,280.78,7.44,D
49.89271,-121.4684,310.21,0.4,0.44,2026-07-05,0949,N,VIIRS,n,2.0NRT,283.45,1.4,N
49.8972,-121.47198,296.88,0.4,0.44,2026-07-05,0949,N,VIIRS,n,2.0NRT,283.26,1.4,N
49.89758,-121.47618,296.46,0.4,0.44,2026-07-05,0949,N,VIIRS,n,2.0NRT,281.75,0.79,N
49.89794,-121.48035,298.25,0.4,0.44,2026-07-05,0949,N,VIIRS,n,2.0NRT,280.7,0.79,N
49.89832,-121.48466,300.8,0.4,0.44,2026-07-05,0949,N,VIIRS,n,2.0NRT,278.97,1.29,N
49.90243,-121.4839,312.19,0.4,0.44,2026-07-05,0949,N,VIIRS,n,2.0NRT,282.07,1.79,N
49.90541,-121.47051,297.94,0.4,0.44,2026-07-05,0949,N,VIIRS,n,2.0NRT,281.88,1.11,N
49.90617,-121.47904,300.07,0.4,0.44,2026-07-05,0949,N,VIIRS,n,2.0NRT,278.62,2.07,N
49.90657,-121.48357,309.64,0.4,0.44,2026-07-05,0949,N,VIIRS,n,2.0NRT,282.12,1.79,N
49.90919,-121.46602,323.65,0.4,0.44,2026-07-05,0949,N,VIIRS,n,2.0NRT,283.52,1.78,N
49.9096,-121.47057,296.35,0.4,0.44,2026-07-05,0949,N,VIIRS,n,2.0NRT,280.59,1.78,N
49.91036,-121.47925,303.64,0.4,0.44,2026-07-05,0949,N,VIIRS,n,2.0NRT,281.48,2.48,N
49.91076,-121.48366,320.95,0.4,0.44,2026-07-05,0949,N,VIIRS,n,2.0NRT,281.87,2.1,N
49.91338,-121.46621,329.09,0.4,0.44,2026-07-05,0949,N,VIIRS,n,2.0NRT,283.91,1.78,N
49.91378,-121.47064,301.48,0.4,0.44,2026-07-05,0949,N,VIIRS,n,2.0NRT,279.98,1.78,N
49.91495,-121.48382,304.93,0.4,0.44,2026-07-05,0949,N,VIIRS,n,2.0NRT,283.16,2.1,N
49.91534,-121.48822,308.26,0.4,0.44,2026-07-05,0949,N,VIIRS,n,2.0NRT,279.38,2.1,N
49.91555,-121.46515,316.07,0.4,0.44,2026-07-05,0949,N,VIIRS,n,2.0NRT,281.86,2.12,N
49.91595,-121.46982,308.53,0.4,0.44,2026-07-05,0949,N,VIIRS,n,2.0NRT,283.29,4.0,N
49.91711,-121.48319,303.05,0.4,0.44,2026-07-05,0949,N,VIIRS,n,2.0NRT,280.62,3.31,N
49.9175,-121.48765,307.9,0.4,0.44,2026-07-05,0949,N,VIIRS,n,2.0NRT,277.98,2.18,N
49.91752,-121.46583,311.49,0.4,0.44,2026-07-05,0949,N,VIIRS,n,2.0NRT,280.44,0.51,N
49.91795,-121.47066,302.52,0.4,0.44,2026-07-05,0949,N,VIIRS,n,2.0NRT,283.77,0.51,N
49.91825,-121.49636,302.55,0.4,0.44,2026-07-05,0949,N,VIIRS,n,2.0NRT,276.75,1.88,N
49.91914,-121.48404,299.42,0.4,0.44,2026-07-05,0949,N,VIIRS,n,2.0NRT,278.76,2.38,N
49.92031,-121.49719,305.11,0.4,0.44,2026-07-05,0949,N,VIIRS,n,2.0NRT,276.7,2.62,N
49.92168,-121.48777,308.81,0.4,0.44,2026-07-05,0949,N,VIIRS,n,2.0NRT,279.66,2.18,N
49.92205,-121.49206,319.78,0.4,0.44,2026-07-05,0949,N,VIIRS,n,2.0NRT,281.16,2.18,N
49.92243,-121.4964,314.6,0.4,0.44,2026-07-05,0949,N,VIIRS,n,2.0NRT,278.88,1.88,N
49.92282,-121.50098,301.22,0.4,0.44,2026-07-05,0949,N,VIIRS,n,2.0NRT,274.69,1.88,N
49.92372,-121.48849,317.46,0.4,0.44,2026-07-05,0949,N,VIIRS,n,2.0NRT,282.55,2.38,N
49.9241,-121.49275,325.73,0.4,0.44,2026-07-05,0949,N,VIIRS,n,2.0NRT,284.74,2.62,N
49.92448,-121.49709,314.01,0.4,0.44,2026-07-05,0949,N,VIIRS,n,2.0NRT,279.95,2.62,N
49.9249,-121.5017,304.86,0.4,0.44,2026-07-05,0949,N,VIIRS,n,2.0NRT,273.65,2.96,N
49.92585,-121.48772,314.82,0.4,0.44,2026-07-05,0949,N,VIIRS,n,2.0NRT,282.31,2.32,N
49.92621,-121.49199,314.96,0.4,0.44,2026-07-05,0949,N,VIIRS,n,2.0NRT,283.08,2.32,N
49.92658,-121.49624,319.26,0.4,0.44,2026-07-05,0949,N,VIIRS,n,2.0NRT,286.26,2.3,N
49.92698,-121.5008,322.22,0.4,0.44,2026-07-05,0949,N,VIIRS,n,2.0NRT,283.19,2.3,N
49.92738,-121.50549,299.44,0.4,0.44,2026-07-05,0949,N,VIIRS,n,2.0NRT,271.66,0.98,N
49.93076,-121.49636,313.92,0.4,0.44,2026-07-05,0949,N,VIIRS,n,2.0NRT,285.05,2.3,N
49.93116,-121.50087,317.09,0.4,0.44,2026-07-05,0949,N,VIIRS,n,2.0NRT,283.52,2.3,N
49.93458,-121.49225,305.99,0.4,0.44,2026-07-05,0949,N,VIIRS,n,2.0NRT,278.94,2.05,N
49.93497,-121.49674,300.88,0.4,0.44,2026-07-05,0949,N,VIIRS,n,2.0NRT,275.43,1.68,N
49.91133,-121.46363,347.2,0.59,0.7,2026-07-05,1938,N,VIIRS,n,2.0NRT,290.87,8.23,D
49.91583,-121.4928,340.25,0.59,0.7,2026-07-05,1938,N,VIIRS,n,2.0NRT,289.79,5.9,D
49.91717,-121.48914,339.24,0.59,0.7,2026-07-05,1938,N,VIIRS,n,2.0NRT,289.72,5.9,D
49.92159,-121.4978,326.97,0.59,0.7,2026-07-05,1938,N,VIIRS,n,2.0NRT,289.52,8.41,D
49.92748,-121.50244,332.21,0.59,0.7,2026-07-05,1938,N,VIIRS,n,2.0NRT,288.6,8.41,D
49.93599,-121.49992,367.0,0.59,0.7,2026-07-05,1938,N,VIIRS,h,2.0NRT,292.29,15.15,D
49.93739,-121.49607,367.0,0.59,0.7,2026-07-05,1938,N,VIIRS,h,2.0NRT,293.12,15.15,D
49.93889,-121.49197,346.13,0.59,0.7,2026-07-05,1938,N,VIIRS,n,2.0NRT,291.34,9.28,D
49.94044,-121.48772,334.15,0.59,0.7,2026-07-05,1938,N,VIIRS,n,2.0NRT,289.12,9.28,D
49.89338,-121.46999,335.6,0.47,0.39,2026-07-05,2118,N,VIIRS,n,2.0NRT,292.94,4.71,D
49.89962,-121.48075,333.31,0.47,0.39,2026-07-05,2118,N,VIIRS,n,2.0NRT,292.8,3.75,D
49.90961,-121.45879,330.14,0.47,0.4,2026-07-05,2118,N,VIIRS,n,2.0NRT,295.08,3.09,D
49.91196,-121.46073,337.76,0.47,0.4,2026-07-05,2118,N,VIIRS,n,2.0NRT,298.21,6.11,D
49.91242,-121.46695,334.56,0.47,0.39,2026-07-05,2118,N,VIIRS,n,2.0NRT,295.9,5.18,D
49.91479,-121.46914,327.42,0.47,0.4,2026-07-05,2118,N,VIIRS,n,2.0NRT,294.89,2.92,D
49.9161,-121.46748,328.71,0.47,0.39,2026-07-05,2118,N,VIIRS,n,2.0NRT,296.99,5.18,D
49.91927,-121.46228,334.14,0.47,0.4,2026-07-05,2118,N,VIIRS,n,2.0NRT,299.04,3.94,D
49.92963,-121.50433,342.28,0.47,0.39,2026-07-05,2118,N,VIIRS,n,2.0NRT,301.48,42.73,D
49.93699,-121.50519,344.05,0.47,0.39,2026-07-05,2118,N,VIIRS,n,2.0NRT,293.9,22.98,D
49.93788,-121.49706,343.82,0.47,0.39,2026-07-05,2118,N,VIIRS,n,2.0NRT,297.12,8.32,D
49.93874,-121.48916,340.98,0.47,0.39,2026-07-05,2118,N,VIIRS,n,2.0NRT,297.53,8.32,D
49.93958,-121.48153,348.05,0.47,0.39,2026-07-05,2118,N,VIIRS,n,2.0NRT,300.76,9.99,D
49.94296,-121.45076,355.1,0.47,0.4,2026-07-05,2118,N,VIIRS,n,2.0NRT,303.05,25.74,D
49.94358,-121.44501,335.61,0.47,0.4,2026-07-05,2118,N,VIIRS,n,2.0NRT,307.57,46.05,D
49.94599,-121.45717,336.97,0.47,0.4,2026-07-05,2118,N,VIIRS,n,2.0NRT,297.85,13.56,D
49.94662,-121.45139,367.0,0.47,0.4,2026-07-05,2118,N,VIIRS,h,2.0NRT,301.7,13.56,D
49.89341,-121.47213,310.28,0.32,0.55,2026-07-06,0932,N,VIIRS,n,2.0NRT,285.76,0.91,N
49.8992,-121.48646,303.09,0.32,0.55,2026-07-06,0932,N,VIIRS,n,2.0NRT,283.93,1.23,N
49.89935,-121.48962,299.01,0.32,0.55,2026-07-06,0932,N,VIIRS,n,2.0NRT,281.13,0.92,N
49.90831,-121.46185,333.56,0.32,0.55,2026-07-06,0932,N,VIIRS,n,2.0NRT,286.78,1.67,N
49.90846,-121.46516,298.68,0.32,0.55,2026-07-06,0932,N,VIIRS,n,2.0NRT,286.02,1.44,N
49.91347,-121.4627,305.92,0.32,0.55,2026-07-06,0932,N,VIIRS,n,2.0NRT,285.87,1.67,N
49.91363,-121.46612,304.57,0.32,0.55,2026-07-06,0932,N,VIIRS,n,2.0NRT,286.95,1.44,N
49.91879,-121.46671,305.92,0.32,0.55,2026-07-06,0932,N,VIIRS,n,2.0NRT,286.52,0.75,N
49.91983,-121.48908,296.46,0.32,0.55,2026-07-06,0932,N,VIIRS,n,2.0NRT,285.4,0.88,N
49.91998,-121.49206,304.85,0.32,0.55,2026-07-06,0932,N,VIIRS,n,2.0NRT,285.65,1.16,N
49.92011,-121.49505,309.33,0.32,0.55,2026-07-06,0932,N,VIIRS,n,2.0NRT,285.99,1.16,N
49.92027,-121.49823,300.3,0.32,0.55,2026-07-06,0932,N,VIIRS,n,2.0NRT,285.38,0.7,N
49.92042,-121.50161,295.23,0.32,0.55,2026-07-06,0932,N,VIIRS,n,2.0NRT,284.46,0.7,N
49.92559,-121.5022,296.18,0.32,0.55,2026-07-06,0932,N,VIIRS,n,2.0NRT,284.24,0.7,N
49.92575,-121.50571,296.63,0.32,0.55,2026-07-06,0932,N,VIIRS,n,2.0NRT,284.33,1.35,N
49.92591,-121.50924,324.54,0.32,0.55,2026-07-06,0932,N,VIIRS,n,2.0NRT,285.74,1.35,N
49.92608,-121.51286,298.09,0.32,0.55,2026-07-06,0932,N,VIIRS,n,2.0NRT,283.1,1.54,N
49.93076,-121.50304,305.15,0.32,0.55,2026-07-06,0932,N,VIIRS,n,2.0NRT,284.88,1.14,N
49.93091,-121.50632,333.82,0.32,0.55,2026-07-06,0932,N,VIIRS,n,2.0NRT,288.16,1.97,N
49.93106,-121.50964,315.74,0.32,0.55,2026-07-06,0932,N,VIIRS,n,2.0NRT,286.59,1.97,N
49.93489,-121.48205,315.42,0.32,0.55,2026-07-06,0932,N,VIIRS,n,2.0NRT,286.84,1.36,N
49.93595,-121.50435,304.65,0.32,0.55,2026-07-06,0932,N,VIIRS,n,2.0NRT,286.16,1.14,N
49.9361,-121.50747,298.1,0.32,0.55,2026-07-06,0932,N,VIIRS,n,2.0NRT,285.21,1.97,N
49.93624,-121.51054,328.63,0.32,0.55,2026-07-06,0932,N,VIIRS,n,2.0NRT,285.25,1.97,N
49.93639,-121.51369,302.94,0.32,0.55,2026-07-06,0932,N,VIIRS,n,2.0NRT,284.24,3.06,N
49.93988,-121.47901,297.65,0.32,0.55,2026-07-06,0932,N,VIIRS,n,2.0NRT,285.53,0.39,N
49.94038,-121.48955,304.8,0.32,0.55,2026-07-06,0932,N,VIIRS,n,2.0NRT,286.71,0.79,N
49.94054,-121.49289,302.96,0.32,0.55,2026-07-06,0932,N,VIIRS,n,2.0NRT,286.84,0.79,N
49.9407,-121.49613,307.9,0.32,0.55,2026-07-06,0932,N,VIIRS,n,2.0NRT,286.71,1.21,N
49.94085,-121.49924,298.35,0.32,0.55,2026-07-06,0932,N,VIIRS,n,2.0NRT,286.29,1.21,N
49.94113,-121.50531,303.17,0.32,0.55,2026-07-06,0932,N,VIIRS,n,2.0NRT,285.47,0.94,N
49.94141,-121.51126,343.35,0.32,0.55,2026-07-06,0932,N,VIIRS,n,2.0NRT,286.51,3.38,N
49.94357,-121.44885,345.23,0.32,0.55,2026-07-06,0932,N,VIIRS,n,2.0NRT,288.24,3.58,N
49.94397,-121.4571,330.02,0.32,0.55,2026-07-06,0932,N,VIIRS,n,2.0NRT,286.98,3.58,N
49.94572,-121.49382,306.61,0.32,0.55,2026-07-06,0932,N,VIIRS,n,2.0NRT,286.07,0.79,N
49.94874,-121.44982,339.88,0.32,0.55,2026-07-06,0932,N,VIIRS,n,2.0NRT,289.24,3.99,N
49.95071,-121.45007,325.72,0.32,0.55,2026-07-06,0932,N,VIIRS,n,2.0NRT,286.99,1.89,N
49.95096,-121.45605,311.11,0.32,0.55,2026-07-06,0932,N,VIIRS,n,2.0NRT,286.02,2.23,N
49.92882,-121.50531,301.71,0.59,0.53,2026-07-06,1113,N,VIIRS,n,2.0NRT,284.99,1.96,N
49.93526,-121.50919,304.84,0.59,0.53,2026-07-06,1113,N,VIIRS,n,2.0NRT,285.51,2.99,N
49.93909,-121.48457,300.3,0.59,0.53,2026-07-06,1113,N,VIIRS,n,2.0NRT,284.85,1.62,N
49.94042,-121.45095,299.52,0.59,0.53,2026-07-06,1113,N,VIIRS,n,2.0NRT,284.18,1.11,N
49.94339,-121.44239,311.66,0.59,0.53,2026-07-06,1113,N,VIIRS,n,2.0NRT,283.98,1.91,N
49.94514,-121.44865,312.03,0.59,0.53,2026-07-06,1113,N,VIIRS,n,2.0NRT,286.43,1.91,N
49.94836,-121.46014,316.32,0.59,0.53,2026-07-06,1113,N,VIIRS,n,2.0NRT,285.27,3.12,N
49.94947,-121.44493,302.06,0.59,0.53,2026-07-06,1113,N,VIIRS,n,2.0NRT,285.16,1.91,N
49.95113,-121.45087,324.17,0.59,0.53,2026-07-06,1113,N,VIIRS,n,2.0NRT,287.05,3.12,N
49.95297,-121.45747,300.31,0.59,0.53,2026-07-06,1113,N,VIIRS,n,2.0NRT,285.0,3.12,N
49.88987,-121.47431,332.79,0.38,0.36,2026-07-06,2059,N,VIIRS,n,2.0NRT,299.79,108.38,D
49.89314,-121.47552,367.0,0.38,0.36,2026-07-06,2059,N,VIIRS,h,2.0NRT,356.54,108.38,D
49.89397,-121.47018,337.1,0.38,0.36,2026-07-06,2059,N,VIIRS,n,2.0NRT,305.84,32.25,D
49.89468,-121.47867,367.0,0.38,0.36,2026-07-06,2059,N,VIIRS,h,2.0NRT,356.74,179.1,D
49.89549,-121.4733,367.0,0.38,0.36,2026-07-06,2059,N,VIIRS,h,2.0NRT,337.74,179.1,D
49.89714,-121.48523,347.25,0.38,0.36,2026-07-06,2059,N,VIIRS,n,2.0NRT,308.23,26.44,D
49.89795,-121.47987,367.0,0.38,0.36,2026-07-06,2059,N,VIIRS,h,2.0NRT,329.73,179.1,D
49.89876,-121.47453,341.58,0.38,0.36,2026-07-06,2059,N,VIIRS,n,2.0NRT,302.53,179.1,D
49.90037,-121.46384,344.79,0.38,0.36,2026-07-06,2059,N,VIIRS,n,2.0NRT,304.02,5.66,D
49.90041,-121.48643,344.4,0.38,0.36,2026-07-06,2059,N,VIIRS,n,2.0NRT,313.39,37.74,D
49.90368,-121.48765,345.63,0.38,0.36,2026-07-06,2059,N,VIIRS,n,2.0NRT,308.87,37.74,D
49.90448,-121.48229,348.78,0.38,0.36,2026-07-06,2059,N,VIIRS,n,2.0NRT,302.2,20.3,D
49.91594,-121.49773,342.5,0.38,0.36,2026-07-06,2059,N,VIIRS,n,2.0NRT,307.13,18.5,D
49.91674,-121.49237,355.5,0.38,0.36,2026-07-06,2059,N,VIIRS,n,2.0NRT,306.14,18.5,D
49.91756,-121.48701,345.36,0.38,0.36,2026-07-06,2059,N,VIIRS,n,2.0NRT,304.2,10.96,D
49.9192,-121.4989,348.86,0.38,0.36,2026-07-06,2059,N,VIIRS,n,2.0NRT,300.38,9.25,D
49.92411,-121.51191,329.73,0.38,0.36,2026-07-06,2059,N,VIIRS,l,2.0NRT,300.77,26.56,D
49.92492,-121.50661,367.0,0.38,0.36,2026-07-06,2059,N,VIIRS,l,2.0NRT,331.31,26.56,D
49.92573,-121.50128,346.34,0.38,0.36,2026-07-06,2059,N,VIIRS,n,2.0NRT,301.16,11.31,D
49.92819,-121.5078,348.78,0.38,0.36,2026-07-06,2059,N,VIIRS,n,2.0NRT,300.66,26.56,D
49.93635,-121.47688,329.69,0.38,0.36,2026-07-06,2059,N,VIIRS,l,2.0NRT,300.11,3.33,D
49.93799,-121.51134,353.88,0.38,0.36,2026-07-06,2059,N,VIIRS,n,2.0NRT,303.56,18.01,D
49.93881,-121.50599,340.79,0.38,0.36,2026-07-06,2059,N,VIIRS,n,2.0NRT,303.23,13.84,D
49.93962,-121.47808,333.93,0.38,0.36,2026-07-06,2059,N,VIIRS,n,2.0NRT,298.79,3.33,D
49.94036,-121.45055,332.8,0.38,0.36,2026-07-06,2059,N,VIIRS,n,2.0NRT,304.79,6.04,D
49.94044,-121.49529,341.5,0.38,0.36,2026-07-06,2059,N,VIIRS,n,2.0NRT,300.45,5.71,D
49.94115,-121.44533,351.07,0.38,0.36,2026-07-06,2059,N,VIIRS,n,2.0NRT,308.47,6.04,D
49.94126,-121.51255,338.73,0.38,0.36,2026-07-06,2059,N,VIIRS,n,2.0NRT,300.51,18.01,D
49.94196,-121.44006,331.49,0.38,0.36,2026-07-06,2059,N,VIIRS,n,2.0NRT,301.28,10.21,D
49.94207,-121.48459,335.34,0.38,0.36,2026-07-06,2059,N,VIIRS,n,2.0NRT,299.76,3.29,D
49.94208,-121.50718,332.64,0.38,0.36,2026-07-06,2059,N,VIIRS,n,2.0NRT,295.62,13.84,D
49.94363,-121.45174,345.64,0.38,0.36,2026-07-06,2059,N,VIIRS,n,2.0NRT,303.04,6.04,D
49.94371,-121.49647,341.03,0.38,0.36,2026-07-06,2059,N,VIIRS,n,2.0NRT,300.58,5.71,D
49.94443,-121.44652,335.57,0.38,0.36,2026-07-06,2059,N,VIIRS,n,2.0NRT,302.01,6.04,D
49.94453,-121.49114,335.61,0.38,0.36,2026-07-06,2059,N,VIIRS,n,2.0NRT,300.13,5.71,D
49.94523,-121.44123,344.2,0.38,0.36,2026-07-06,2059,N,VIIRS,n,2.0NRT,305.66,10.21,D
49.94851,-121.44239,341.44,0.38,0.36,2026-07-06,2059,N,VIIRS,n,2.0NRT,304.0,12.23,D
49.95018,-121.45407,354.39,0.38,0.36,2026-07-06,2059,N,VIIRS,n,2.0NRT,303.08,11.69,D
49.95098,-121.44882,355.51,0.38,0.36,2026-07-06,2059,N,VIIRS,n,2.0NRT,307.78,11.69,D
49.95178,-121.44355,346.09,0.38,0.36,2026-07-06,2059,N,VIIRS,n,2.0NRT,299.5,12.23,D
49.95425,-121.44998,337.52,0.38,0.36,2026-07-06,2059,N,VIIRS,n,2.0NRT,298.41,10.77,D
49.88689,-121.47938,299.12,0.38,0.43,2026-07-07,1053,N,VIIRS,n,2.0NRT,280.32,1.06,N
49.88726,-121.47737,303.23,0.38,0.43,2026-07-07,1053,N,VIIRS,n,2.0NRT,280.29,1.45,N
49.88905,-121.46667,302.55,0.38,0.43,2026-07-07,1053,N,VIIRS,n,2.0NRT,282.62,1.76,N
49.89077,-121.47398,307.77,0.38,0.43,2026-07-07,1053,N,VIIRS,n,2.0NRT,284.71,1.76,N
49.89289,-121.48303,298.55,0.57,0.43,2026-07-07,1053,N,VIIRS,n,2.0NRT,281.55,2.25,N
49.89398,-121.49165,309.43,0.57,0.43,2026-07-07,1053,N,VIIRS,n,2.0NRT,279.37,3.8,N
49.89482,-121.45454,300.04,0.38,0.43,2026-07-07,1053,N,VIIRS,n,2.0NRT,281.0,0.32,N
49.89523,-121.49294,310.73,0.57,0.43,2026-07-07,1053,N,VIIRS,n,2.0NRT,279.11,2.25,N
49.89645,-121.47984,309.05,0.57,0.43,2026-07-07,1053,N,VIIRS,n,2.0NRT,281.83,2.25,N
49.89762,-121.48875,329.83,0.57,0.43,2026-07-07,1053,N,VIIRS,n,2.0NRT,280.79,3.8,N
49.89888,-121.4902,328.57,0.57,0.43,2026-07-07,1053,N,VIIRS,n,2.0NRT,278.64,2.25,N
49.90255,-121.48746,301.04,0.57,0.43,2026-07-07,1053,N,VIIRS,n,2.0NRT,278.45,1.1,N
49.9054,-121.46288,299.96,0.38,0.43,2026-07-07,1053,N,VIIRS,n,2.0NRT,281.41,1.19,N
49.90611,-121.4843,300.77,0.57,0.43,2026-07-07,1053,N,VIIRS,n,2.0NRT,279.46,1.1,N
49.90834,-121.49385,318.91,0.57,0.43,2026-07-07,1053,N,VIIRS,n,2.0NRT,283.6,4.21,N
49.91181,-121.49028,321.08,0.57,0.43,2026-07-07,1053,N,VIIRS,n,2.0NRT,284.73,2.38,N
49.91406,-121.49994,314.11,0.57,0.43,2026-07-07,1053,N,VIIRS,n,2.0NRT,282.94,2.38,N
49.91518,-121.48631,300.42,0.57,0.43,2026-07-07,1053,N,VIIRS,n,2.0NRT,280.98,2.38,N
49.91747,-121.49613,310.4,0.57,0.43,2026-07-07,1053,N,VIIRS,n,2.0NRT,283.38,2.38,N
49.91953,-121.50497,305.3,0.57,0.43,2026-07-07,1053,N,VIIRS,n,2.0NRT,278.72,1.57,N
49.92511,-121.51048,298.51,0.57,0.43,2026-07-07,1053,N,VIIRS,n,2.0NRT,277.59,1.58,N
49.92875,-121.50764,306.4,0.57,0.43,2026-07-07,1053,N,VIIRS,n,2.0NRT,281.07,1.58,N
49.93081,-121.51654,318.97,0.57,0.43,2026-07-07,1053,N,VIIRS,n,2.0NRT,282.04,4.93,N
49.93437,-121.51335,308.77,0.57,0.43,2026-07-07,1053,N,VIIRS,n,2.0NRT,282.74,1.65,N
49.93663,-121.52311,311.79,0.57,0.43,2026-07-07,1053,N,VIIRS,n,2.0NRT,279.95,1.65,N
49.93782,-121.50977,296.77,0.57,0.43,2026-07-07,1053,N,VIIRS,n,2.0NRT,280.33,1.65,N
49.93838,-121.47507,296.47,0.57,0.43,2026-07-07,1053,N,VIIRS,n,2.0NRT,279.75,1.27,N
49.93913,-121.44122,320.52,0.38,0.43,2026-07-07,1053,N,VIIRS,n,2.0NRT,277.69,2.9,N
49.94016,-121.51983,305.67,0.57,0.43,2026-07-07,1053,N,VIIRS,n,2.0NRT,281.17,1.65,N
49.9402,-121.44583,319.87,0.38,0.43,2026-07-07,1053,N,VIIRS,n,2.0NRT,283.12,2.9,N
49.94123,-121.50595,305.53,0.57,0.43,2026-07-07,1053,N,VIIRS,n,2.0NRT,284.66,2.64,N
49.94141,-121.45102,319.75,0.57,0.43,2026-07-07,1053,N,VIIRS,n,2.0NRT,285.81,4.05,N
49.94284,-121.45718,322.1,0.57,0.43,2026-07-07,1053,N,VIIRS,n,2.0NRT,286.27,4.05,N
49.94288,-121.43881,337.95,0.38,0.43,2026-07-07,1053,N,VIIRS,n,2.0NRT,279.67,4.83,N
49.94363,-121.51628,319.92,0.57,0.43,2026-07-07,1053,N,VIIRS,n,2.0NRT,284.85,2.64,N
49.94404,-121.44381,335.48,0.38,0.43,2026-07-07,1053,N,VIIRS,n,2.0NRT,282.98,4.83,N
49.94441,-121.46399,301.96,0.57,0.43,2026-07-07,1053,N,VIIRS,n,2.0NRT,283.87,2.34,N
49.94592,-121.48905,312.88,0.57,0.43,2026-07-07,1053,N,VIIRS,n,2.0NRT,283.81,1.99,N
49.94603,-121.47095,319.93,0.57,0.43,2026-07-07,1053,N,VIIRS,n,2.0NRT,282.7,2.34,N
49.94606,-121.52679,315.39,0.57,0.43,2026-07-07,1053,N,VIIRS,n,2.0NRT,280.36,3.51,N
49.94655,-121.43605,308.27,0.38,0.43,2026-07-07,1053,N,VIIRS,n,2.0NRT,277.39,4.83,N
49.94693,-121.51199,309.4,0.57,0.43,2026-07-07,1053,N,VIIRS,n,2.0NRT,283.24,2.64,N
49.94769,-121.44097,321.76,0.38,0.43,2026-07-07,1053,N,VIIRS,n,2.0NRT,284.1,4.83,N
49.94798,-121.49796,313.81,0.57,0.43,2026-07-07,1053,N,VIIRS,n,2.0NRT,284.7,1.92,N
49.94912,-121.52148,316.25,0.57,0.43,2026-07-07,1053,N,VIIRS,n,2.0NRT,280.67,3.51,N
49.94953,-121.48609,305.78,0.57,0.43,2026-07-07,1053,N,VIIRS,n,2.0NRT,281.22,1.99,N
49.94999,-121.46949,321.37,0.57,0.43,2026-07-07,1053,N,VIIRS,n,2.0NRT,285.67,2.98,N
49.95012,-121.50722,307.3,0.57,0.43,2026-07-07,1053,N,VIIRS,n,2.0NRT,283.75,1.92,N
49.95018,-121.43313,345.08,0.38,0.43,2026-07-07,1053,N,VIIRS,n,2.0NRT,279.83,5.41,N
49.95121,-121.53051,322.5,0.57,0.43,2026-07-07,1053,N,VIIRS,n,2.0NRT,277.27,3.51,N
49.95129,-121.43791,321.18,0.38,0.43,2026-07-07,1053,N,VIIRS,n,2.0NRT,283.61,5.41,N
49.95145,-121.49438,302.68,0.57,0.43,2026-07-07,1053,N,VIIRS,n,2.0NRT,281.44,1.92,N
49.95218,-121.46038,306.76,0.57,0.43,2026-07-07,1053,N,VIIRS,n,2.0NRT,285.46,2.98,N
49.95226,-121.51651,304.34,0.57,0.43,2026-07-07,1053,N,VIIRS,n,2.0NRT,280.82,5.96,N
49.95343,-121.50294,313.91,0.57,0.43,2026-07-07,1053,N,VIIRS,n,2.0NRT,283.66,1.92,N
49.95387,-121.43047,328.77,0.38,0.43,2026-07-07,1053,N,VIIRS,n,2.0NRT,279.83,5.41,N
49.95396,-121.46809,319.56,0.57,0.43,2026-07-07,1053,N,VIIRS,n,2.0NRT,287.87,2.98,N
49.95435,-121.52554,330.25,0.57,0.43,2026-07-07,1053,N,VIIRS,n,2.0NRT,279.8,5.96,N
49.95501,-121.43539,328.98,0.38,0.43,2026-07-07,1053,N,VIIRS,n,2.0NRT,283.37,5.41,N
49.95551,-121.51199,309.31,0.57,0.43,2026-07-07,1053,N,VIIRS,n,2.0NRT,281.9,5.96,N
49.95554,-121.4749,312.29,0.57,0.43,2026-07-07,1053,N,VIIRS,n,2.0NRT,285.85,3.0,N
49.95608,-121.45865,307.55,0.57,0.43,2026-07-07,1053,N,VIIRS,n,2.0NRT,286.15,2.34,N
49.95642,-121.4415,320.12,0.57,0.43,2026-07-07,1053,N,VIIRS,n,2.0NRT,285.65,3.64,N
49.95762,-121.5211,347.25,0.57,0.43,2026-07-07,1053,N,VIIRS,n,2.0NRT,286.43,5.96,N
49.95795,-121.46673,314.28,0.57,0.43,2026-07-07,1053,N,VIIRS,n,2.0NRT,287.67,2.34,N
49.95812,-121.44885,308.3,0.57,0.43,2026-07-07,1053,N,VIIRS,n,2.0NRT,286.37,3.64,N
49.95894,-121.43375,327.39,0.38,0.43,2026-07-07,1053,N,VIIRS,n,2.0NRT,283.37,8.25,N
49.95956,-121.47372,317.03,0.57,0.43,2026-07-07,1053,N,VIIRS,n,2.0NRT,286.77,1.95,N
49.96008,-121.45739,309.1,0.57,0.43,2026-07-07,1053,N,VIIRS,n,2.0NRT,285.87,2.34,N
49.96031,-121.4397,315.66,0.57,0.43,2026-07-07,1053,N,VIIRS,n,2.0NRT,285.19,3.97,N
49.9618,-121.42754,307.68,0.38,0.43,2026-07-07,1053,N,VIIRS,n,2.0NRT,281.68,8.25,N
49.96193,-121.46535,321.36,0.57,0.43,2026-07-07,1053,N,VIIRS,n,2.0NRT,287.41,2.34,N
49.96288,-121.43217,347.21,0.38,0.43,2026-07-07,1053,N,VIIRS,n,2.0NRT,289.63,8.25,N
49.96352,-121.47224,312.04,0.57,0.43,2026-07-07,1053,N,VIIRS,n,2.0NRT,287.18,1.95,N
49.96368,-121.41708,298.78,0.38,0.43,2026-07-07,1053,N,VIIRS,n,2.0NRT,275.79,0.85,N
49.96421,-121.43795,306.26,0.57,0.43,2026-07-07,1053,N,VIIRS,n,2.0NRT,284.22,3.97,N
49.96582,-121.46363,345.89,0.57,0.43,2026-07-07,1053,N,VIIRS,n,2.0NRT,290.5,5.51,N
49.96779,-121.41624,302.45,0.38,0.43,2026-07-07,1053,N,VIIRS,n,2.0NRT,269.87,0.85,N
49.96796,-121.45425,308.55,0.57,0.43,2026-07-07,1053,N,VIIRS,n,2.0NRT,285.11,5.51,N
49.96803,-121.43584,315.63,0.57,0.43,2026-07-07,1053,N,VIIRS,n,2.0NRT,284.29,4.14,N
49.96971,-121.46187,335.34,0.57,0.43,2026-07-07,1053,N,VIIRS,n,2.0NRT,289.01,5.51,N
49.97077,-121.41051,297.71,0.38,0.43,2026-07-07,1053,N,VIIRS,n,2.0NRT,265.79,0.71,N
49.97179,-121.41495,304.57,0.38,0.43,2026-07-07,1053,N,VIIRS,n,2.0NRT,268.81,0.82,N
49.97189,-121.45262,314.86,0.57,0.43,2026-07-07,1053,N,VIIRS,n,2.0NRT,285.68,4.93,N
49.97271,-121.41891,305.86,0.38,0.43,2026-07-07,1053,N,VIIRS,n,2.0NRT,274.18,0.82,N
49.97364,-121.46027,319.88,0.57,0.43,2026-07-07,1053,N,VIIRS,n,2.0NRT,285.19,4.93,N
49.97371,-121.44189,326.43,0.57,0.43,2026-07-07,1053,N,VIIRS,n,2.0NRT,285.56,4.14,N
49.97469,-121.4089,298.08,0.38,0.43,2026-07-07,1053,N,VIIRS,n,2.0NRT,267.84,0.71,N
49.97566,-121.41306,304.9,0.38,0.43,2026-07-07,1053,N,VIIRS,n,2.0NRT,269.29,0.82,N
49.97583,-121.45112,347.03,0.57,0.43,2026-07-07,1053,N,VIIRS,n,2.0NRT,287.35,4.93,N
49.97585,-121.43249,333.2,0.57,0.43,2026-07-07,1053,N,VIIRS,n,2.0NRT,285.15,20.68,N
49.97653,-121.41683,307.48,0.38,0.43,2026-07-07,1053,N,VIIRS,n,2.0NRT,272.37,0.82,N
49.97742,-121.42067,300.78,0.38,0.43,2026-07-07,1053,N,VIIRS,n,2.0NRT,276.83,1.61,N
49.97743,-121.43314,347.09,0.57,0.43,2026-07-07,1053,N,VIIRS,n,2.0NRT,285.78,15.69,N
49.97762,-121.45889,322.45,0.57,0.43,2026-07-07,1053,N,VIIRS,n,2.0NRT,285.27,4.93,N
49.97768,-121.44045,343.79,0.57,0.43,2026-07-07,1053,N,VIIRS,n,2.0NRT,288.94,20.68,N
49.97842,-121.425,304.5,0.38,0.43,2026-07-07,1053,N,VIIRS,n,2.0NRT,277.68,1.61,N
49.97932,-121.44115,352.4,0.57,0.43,2026-07-07,1053,N,VIIRS,n,2.0NRT,290.04,34.69,N
49.97948,-121.41098,302.42,0.38,0.43,2026-07-07,1053,N,VIIRS,n,2.0NRT,269.52,1.05,N
49.97964,-121.42422,308.92,0.57,0.43,2026-07-07,1053,N,VIIRS,n,2.0NRT,276.84,15.69,N
49.97974,-121.44941,351.19,0.57,0.43,2026-07-07,1053,N,VIIRS,n,2.0NRT,300.49,34.52,N
49.97983,-121.43112,345.28,0.57,0.43,2026-07-07,1053,N,VIIRS,n,2.0NRT,285.75,20.68,N
49.98037,-121.41481,306.81,0.38,0.43,2026-07-07,1053,N,VIIRS,n,2.0NRT,272.0,1.05,N
49.98046,-121.40925,295.87,0.38,0.43,2026-07-07,1053,N,VIIRS,n,2.0NRT,270.29,1.22,N
49.98123,-121.41853,307.4,0.38,0.43,2026-07-07,1053,N,VIIRS,n,2.0NRT,275.09,1.98,N
49.98137,-121.41312,305.04,0.38,0.43,2026-07-07,1053,N,VIIRS,n,2.0NRT,270.4,1.12,N
49.98138,-121.44994,367.0,0.57,0.43,2026-07-07,1053,N,VIIRS,h,2.0NRT,297.31,34.69,N
49.98143,-121.43182,349.55,0.57,0.43,2026-07-07,1053,N,VIIRS,n,2.0NRT,291.58,15.69,N
49.98157,-121.45744,348.76,0.57,0.43,2026-07-07,1053,N,VIIRS,n,2.0NRT,289.1,34.52,N
49.98162,-121.4389,367.0,0.57,0.43,2026-07-07,1053,N,VIIRS,h,2.0NRT,297.94,20.68,N
49.98223,-121.41685,306.38,0.38,0.43,2026-07-07,1053,N,VIIRS,n,2.0NRT,273.89,1.12,N
49.98228,-121.4231,311.17,0.38,0.43,2026-07-07,1053,N,VIIRS,n,2.0NRT,277.03,1.98,N
49.98325,-121.43954,353.66,0.57,0.43,2026-07-07,1053,N,VIIRS,n,2.0NRT,304.18,34.69,N
49.98326,-121.45791,343.21,0.57,0.43,2026-07-07,1053,N,VIIRS,n,2.0NRT,294.95,24.67,N
49.98352,-121.42236,309.4,0.57,0.43,2026-07-07,1053,N,VIIRS,n,2.0NRT,278.17,65.02,N
49.98354,-121.44727,355.47,0.57,0.43,2026-07-07,1053,N,VIIRS,n,2.0NRT,299.55,34.52,N
49.98384,-121.42986,335.92,0.57,0.43,2026-07-07,1053,N,VIIRS,n,2.0NRT,295.6,64.07,N
49.98417,-121.41265,304.61,0.38,0.43,2026-07-07,1053,N,VIIRS,n,2.0NRT,271.84,1.05,N
49.98509,-121.41659,300.91,0.38,0.43,2026-07-07,1053,N,VIIRS,n,2.0NRT,276.24,1.98,N
49.98515,-121.41087,300.16,0.38,0.43,2026-07-07,1053,N,VIIRS,n,2.0NRT,272.72,1.12,N
49.9852,-121.44782,351.94,0.57,0.43,2026-07-07,1053,N,VIIRS,n,2.0NRT,296.51,34.69,N
49.98547,-121.45571,352.78,0.57,0.43,2026-07-07,1053,N,VIIRS,n,2.0NRT,294.5,34.52,N
49.98558,-121.43742,348.62,0.57,0.43,2026-07-07,1053,N,VIIRS,n,2.0NRT,306.81,64.07,N
49.98607,-121.41483,301.22,0.38,0.43,2026-07-07,1053,N,VIIRS,n,2.0NRT,274.75,1.12,N
49.98614,-121.42117,303.46,0.38,0.43,2026-07-07,1053,N,VIIRS,n,2.0NRT,278.58,1.98,N
49.98715,-121.45615,335.82,0.57,0.43,2026-07-07,1053,N,VIIRS,n,2.0NRT,283.96,24.67,N
49.98721,-121.43806,345.02,0.57,0.43,2026-07-07,1053,N,VIIRS,n,2.0NRT,297.99,30.03,N
49.98737,-121.44527,345.09,0.57,0.43,2026-07-07,1053,N,VIIRS,n,2.0NRT,285.65,11.38,N
49.98786,-121.42867,328.62,0.57,0.43,2026-07-07,1053,N,VIIRS,n,2.0NRT,295.21,64.07,N
49.98893,-121.40864,297.78,0.38,0.43,2026-07-07,1053,N,VIIRS,n,2.0NRT,272.89,1.24,N
49.98907,-121.446,306.93,0.57,0.43,2026-07-07,1053,N,VIIRS,n,2.0NRT,281.73,30.03,N
49.98949,-121.4294,347.05,0.57,0.43,2026-07-07,1053,N,VIIRS,n,2.0NRT,282.06,65.02,N
49.98958,-121.43617,341.18,0.57,0.43,2026-07-07,1053,N,VIIRS,n,2.0NRT,289.7,64.07,N
49.98988,-121.41272,298.37,0.38,0.43,2026-07-07,1053,N,VIIRS,n,2.0NRT,274.1,1.24,N
49.99121,-121.43674,318.19,0.57,0.43,2026-07-07,1053,N,VIIRS,n,2.0NRT,280.79,30.03,N
49.88402,-121.47374,331.82,0.45,0.39,2026-07-07,2040,N,VIIRS,n,2.0NRT,283.64,11.82,D
49.88502,-121.46862,356.27,0.45,0.39,2026-07-07,2040,N,VIIRS,n,2.0NRT,297.56,11.82,D
49.88605,-121.46341,345.12,0.45,0.39,2026-07-07,2040,N,VIIRS,n,2.0NRT,296.01,14.27,D
49.8875,-121.47519,343.09,0.45,0.39,2026-07-07,2040,N,VIIRS,n,2.0NRT,287.61,10.4,D
49.88849,-121.47013,352.75,0.45,0.39,2026-07-07,2040,N,VIIRS,n,2.0NRT,295.62,10.4,D
49.88895,-121.48691,330.0,0.45,0.39,2026-07-07,2040,N,VIIRS,n,2.0NRT,285.25,4.63,D
49.8895,-121.465,354.86,0.45,0.39,2026-07-07,2040,N,VIIRS,n,2.0NRT,301.32,27.65,D
49.89137,-121.49378,334.61,0.45,0.39,2026-07-07,2040,N,VIIRS,n,2.0NRT,302.48,76.29,D
49.89242,-121.48844,339.5,0.45,0.39,2026-07-07,2040,N,VIIRS,n,2.0NRT,300.02,33.56,D
49.89588,-121.48997,354.84,0.45,0.39,2026-07-07,2040,N,VIIRS,n,2.0NRT,317.55,33.56,D
49.89692,-121.48468,335.79,0.45,0.39,2026-07-07,2040,N,VIIRS,n,2.0NRT,292.49,33.56,D
49.89728,-121.49232,367.0,0.45,0.39,2026-07-07,2040,N,VIIRS,h,2.0NRT,295.53,15.12,D
49.89755,-121.46235,338.84,0.45,0.39,2026-07-07,2040,N,VIIRS,n,2.0NRT,298.2,6.69,D
49.89833,-121.48695,339.97,0.45,0.39,2026-07-07,2040,N,VIIRS,n,2.0NRT,298.88,5.33,D
49.90182,-121.48837,333.84,0.45,0.39,2026-07-07,2040,N,VIIRS,n,2.0NRT,296.96,5.33,D
49.90205,-121.45858,347.31,0.45,0.39,2026-07-07,2040,N,VIIRS,n,2.0NRT,302.97,25.44,D
49.9035,-121.46066,346.15,0.45,0.39,2026-07-07,2040,N,VIIRS,n,2.0NRT,302.13,7.03,D
49.90388,-121.48756,332.49,0.45,0.39,2026-07-07,2040,N,VIIRS,n,2.0NRT,297.35,7.91,D
49.90528,-121.48993,332.23,0.45,0.39,2026-07-07,2040,N,VIIRS,n,2.0NRT,301.17,6.37,D
49.90557,-121.45979,339.43,0.45,0.39,2026-07-07,2040,N,VIIRS,n,2.0NRT,301.03,7.48,D
49.90696,-121.46223,335.89,0.45,0.39,2026-07-07,2040,N,VIIRS,n,2.0NRT,300.35,7.03,D
49.90769,-121.49686,343.17,0.45,0.39,2026-07-07,2040,N,VIIRS,n,2.0NRT,300.76,5.22,D
49.90872,-121.49161,349.89,0.45,0.39,2026-07-07,2040,N,VIIRS,n,2.0NRT,309.95,6.37,D
49.91216,-121.49327,347.03,0.45,0.39,2026-07-07,2040,N,VIIRS,n,2.0NRT,304.69,12.93,D
49.91454,-121.50025,336.95,0.45,0.39,2026-07-07,2040,N,VIIRS,n,2.0NRT,300.56,5.09,D
49.92133,-121.50403,345.89,0.45,0.39,2026-07-07,2040,N,VIIRS,n,2.0NRT,292.54,9.62,D
49.92366,-121.51132,353.39,0.45,0.39,2026-07-07,2040,N,VIIRS,n,2.0NRT,315.04,17.71,D
49.92476,-121.50574,336.03,0.45,0.39,2026-07-07,2040,N,VIIRS,n,2.0NRT,296.66,17.71,D
49.92712,-121.51288,347.87,0.45,0.39,2026-07-07,2040,N,VIIRS,n,2.0NRT,305.18,17.71,D
49.92946,-121.52009,346.53,0.45,0.39,2026-07-07,2040,N,VIIRS,n,2.0NRT,301.59,54.23,D
49.93292,-121.52164,367.0,0.45,0.39,2026-07-07,2040,N,VIIRS,h,2.0NRT,329.92,54.23,D
49.93399,-121.51621,367.0,0.45,0.39,2026-07-07,2040,N,VIIRS,l,2.0NRT,326.68,123.14,D
49.93641,-121.52304,367.0,0.45,0.39,2026-07-07,2040,N,VIIRS,l,2.0NRT,339.07,179.12,D
49.93887,-121.52973,346.49,0.45,0.39,2026-07-07,2040,N,VIIRS,n,2.0NRT,303.1,179.12,D
49.93946,-121.45019,357.1,0.44,0.39,2026-07-07,2040,N,VIIRS,l,2.0NRT,285.91,35.3,D
49.9408,-121.44341,348.11,0.44,0.39,2026-07-07,2040,N,VIIRS,n,2.0NRT,288.41,114.91,D
49.94538,-121.43925,342.71,0.44,0.39,2026-07-07,2040,N,VIIRS,n,2.0NRT,286.92,7.99,D
49.94653,-121.43337,350.7,0.44,0.39,2026-07-07,2040,N,VIIRS,n,2.0NRT,287.63,27.79,D
49.94772,-121.42735,354.6,0.44,0.39,2026-07-07,2040,N,VIIRS,n,2.0NRT,301.11,27.79,D
49.94893,-121.42117,367.0,0.44,0.39,2026-07-07,2040,N,VIIRS,h,2.0NRT,337.17,398.98,D
49.9499,-121.43538,350.45,0.44,0.39,2026-07-07,2040,N,VIIRS,n,2.0NRT,295.18,27.79,D
49.95226,-121.42335,367.0,0.44,0.39,2026-07-07,2040,N,VIIRS,h,2.0NRT,337.62,398.98,D
49.95568,-121.42504,356.3,0.44,0.39,2026-07-07,2040,N,VIIRS,l,2.0NRT,286.46,34.17,D
49.95695,-121.41858,367.0,0.44,0.39,2026-07-07,2040,N,VIIRS,h,2.0NRT,291.84,34.17,D
49.96481,-121.43595,347.41,0.44,0.39,2026-07-07,2040,N,VIIRS,n,2.0NRT,287.49,18.25,D
49.97265,-121.39593,338.57,0.44,0.39,2026-07-07,2040,N,VIIRS,n,2.0NRT,281.06,16.02,D
49.97557,-121.41934,299.03,0.44,0.39,2026-07-07,2040,N,VIIRS,l,2.0NRT,320.83,728.05,D
49.97616,-121.39715,353.7,0.44,0.39,2026-07-07,2040,N,VIIRS,n,2.0NRT,281.02,525.44,D
49.97738,-121.39095,334.48,0.44,0.39,2026-07-07,2040,N,VIIRS,n,2.0NRT,283.89,13.23,D
49.97764,-121.42799,367.0,0.44,0.39,2026-07-07,2040,N,VIIRS,h,2.0NRT,328.36,116.81,D
49.97833,-121.40524,367.0,0.44,0.39,2026-07-07,2040,N,VIIRS,l,2.0NRT,363.57,525.44,D
49.9799,-121.43564,367.0,0.44,0.39,2026-07-07,2040,N,VIIRS,h,2.0NRT,298.55,116.81,D
49.97996,-121.45456,367.0,0.44,0.39,2026-07-07,2040,N,VIIRS,h,2.0NRT,299.22,34.02,D
49.98088,-121.39216,358.05,0.44,0.39,2026-07-07,2040,N,VIIRS,l,2.0NRT,281.33,13.23,D
49.98222,-121.44302,367.0,0.44,0.39,2026-07-07,2040,N,VIIRS,h,2.0NRT,296.4,76.73,D
49.98341,-121.43691,367.0,0.44,0.39,2026-07-07,2040,N,VIIRS,h,2.0NRT,298.41,97.58,D
49.98343,-121.45599,356.77,0.44,0.39,2026-07-07,2040,N,VIIRS,l,2.0NRT,292.36,34.02,D
49.98346,-121.35979,326.23,0.44,0.38,2026-07-07,2040,N,VIIRS,n,2.0NRT,276.96,6.37,D
49.98458,-121.45013,356.74,0.44,0.39,2026-07-07,2040,N,VIIRS,l,2.0NRT,293.85,76.73,D
49.98569,-121.44443,367.0,0.44,0.39,2026-07-07,2040,N,VIIRS,h,2.0NRT,331.57,76.73,D
49.9869,-121.43828,356.74,0.44,0.39,2026-07-07,2040,N,VIIRS,l,2.0NRT,292.8,97.58,D
49.98817,-121.43173,323.46,0.44,0.39,2026-07-07,2040,N,VIIRS,l,2.0NRT,324.89,97.58,D
49.9892,-121.44568,357.08,0.44,0.39,2026-07-07,2040,N,VIIRS,l,2.0NRT,284.63,45.41,D
49.9904,-121.43954,357.09,0.44,0.39,2026-07-07,2040,N,VIIRS,l,2.0NRT,283.79,128.84,D
49.90248,-121.18522,350.08,0.76,0.77,2026-07-07,2222,N,VIIRS,n,2.0NRT,269.52,22.82,D
49.90974,-121.18529,356.85,0.76,0.77,2026-07-07,2222,N,VIIRS,l,2.0NRT,256.73,22.82,D
49.91008,-121.19974,351.36,0.75,0.77,2026-07-07,2222,N,VIIRS,n,2.0NRT,269.9,22.82,D
49.91094,-121.2345,341.04,0.75,0.77,2026-07-07,2222,N,VIIRS,n,2.0NRT,276.01,38.24,D
49.91143,-121.25498,346.84,0.75,0.77,2026-07-07,2222,N,VIIRS,n,2.0NRT,266.66,38.94,D
49.91171,-121.26669,345.73,0.75,0.77,2026-07-07,2222,N,VIIRS,n,2.0NRT,268.8,41.82,D
49.91346,-121.34129,344.02,0.74,0.76,2026-07-07,2222,N,VIIRS,n,2.0NRT,268.08,23.67,D
49.91367,-121.35033,341.91,0.74,0.76,2026-07-07,2222,N,VIIRS,n,2.0NRT,270.78,23.67,D
49.91695,-121.18382,357.86,0.76,0.77,2026-07-07,2222,N,VIIRS,l,2.0NRT,261.69,32.64,D
49.91731,-121.19896,352.99,0.75,0.77,2026-07-07,2222,N,VIIRS,n,2.0NRT,273.32,32.64,D
49.91758,-121.21012,354.54,0.75,0.77,2026-07-07,2222,N,VIIRS,n,2.0NRT,266.02,23.47,D
49.91777,-121.21811,356.04,0.75,0.77,2026-07-07,2222,N,VIIRS,n,2.0NRT,270.0,23.47,D
49.91794,-121.22471,345.46,0.75,0.77,2026-07-07,2222,N,VIIRS,n,2.0NRT,273.9,47.38,D
49.9188,-121.26101,355.74,0.75,0.77,2026-07-07,2222,N,VIIRS,n,2.0NRT,265.99,66.63,D
49.9192,-121.27817,350.55,0.75,0.77,2026-07-07,2222,N,VIIRS,n,2.0NRT,265.95,41.45,D
49.92003,-121.31405,351.71,0.75,0.77,2026-07-07,2222,N,VIIRS,n,2.0NRT,271.22,27.11,D
49.92051,-121.33463,355.05,0.74,0.76,2026-07-07,2222,N,VIIRS,n,2.0NRT,268.77,25.01,D
49.92249,-121.11275,349.52,0.76,0.77,2026-07-07,2222,N,VIIRS,n,2.0NRT,268.64,45.78,D
49.92285,-121.12794,357.14,0.76,0.77,2026-07-07,2222,N,VIIRS,l,2.0NRT,256.62,110.93,D
49.92406,-121.17776,357.14,0.76,0.77,2026-07-07,2222,N,VIIRS,l,2.0NRT,259.48,32.64,D
49.92437,-121.19082,357.09,0.75,0.77,2026-07-07,2222,N,VIIRS,l,2.0NRT,268.94,32.64,D
49.92468,-121.20396,351.15,0.75,0.77,2026-07-07,2222,N,VIIRS,n,2.0NRT,276.38,23.47,D
49.92479,-121.16917,356.83,0.76,0.77,2026-07-07,2222,N,VIIRS,l,2.0NRT,257.87,154.8,D
49.9249,-121.21313,354.87,0.75,0.77,2026-07-07,2222,N,VIIRS,n,2.0NRT,276.17,23.47,D
49.92508,-121.17929,356.85,0.76,0.77,2026-07-07,2222,N,VIIRS,l,2.0NRT,262.81,68.31,D
49.92547,-121.19322,356.83,0.75,0.77,2026-07-07,2222,N,VIIRS,l,2.0NRT,271.02,68.31,D
49.92647,-121.28072,357.14,0.75,0.77,2026-07-07,2222,N,VIIRS,l,2.0NRT,259.94,41.45,D
49.92688,-121.29792,357.14,0.75,0.77,2026-07-07,2222,N,VIIRS,l,2.0NRT,264.27,27.11,D
49.92721,-121.31248,339.94,0.75,0.77,2026-07-07,2222,N,VIIRS,n,2.0NRT,278.2,27.11,D
49.92741,-121.32124,357.14,0.75,0.77,2026-07-07,2222,N,VIIRS,l,2.0NRT,276.26,25.01,D
49.92771,-121.33439,343.67,0.74,0.76,2026-07-07,2222,N,VIIRS,n,2.0NRT,267.5,25.01,D
49.93046,-121.11268,356.79,0.76,0.77,2026-07-07,2222,N,VIIRS,l,2.0NRT,263.17,43.09,D
49.93084,-121.12624,356.81,0.76,0.77,2026-07-07,2222,N,VIIRS,l,2.0NRT,261.26,108.85,D
49.9319,-121.16373,356.79,0.76,0.77,2026-07-07,2222,N,VIIRS,l,2.0NRT,266.5,69.31,D
49.93219,-121.17411,355.15,0.76,0.77,2026-07-07,2222,N,VIIRS,n,2.0NRT,280.59,50.92,D
49.93252,-121.18582,356.79,0.75,0.77,2026-07-07,2222,N,VIIRS,l,2.0NRT,272.43,50.92,D
49.93769,-121.11105,346.78,0.76,0.77,2026-07-07,2222,N,VIIRS,n,2.0NRT,279.94,43.09,D
49.93913,-121.16269,356.78,0.76,0.77,2026-07-07,2222,N,VIIRS,l,2.0NRT,277.0,69.31,D
49.883,-121.46777,329.18,0.41,0.37,2026-07-08,1034,N,VIIRS,n,2.0NRT,286.92,3.98,N
49.8842,-121.47421,330.76,0.41,0.37,2026-07-08,1034,N,VIIRS,n,2.0NRT,286.75,3.98,N
49.88629,-121.46598,349.52,0.41,0.37,2026-07-08,1034,N,VIIRS,n,2.0NRT,293.5,3.98,N
49.88749,-121.4724,312.81,0.41,0.37,2026-07-08,1034,N,VIIRS,n,2.0NRT,289.46,3.98,N
49.8896,-121.4643,324.84,0.41,0.37,2026-07-08,1034,N,VIIRS,n,2.0NRT,290.68,1.73,N
49.89292,-121.46268,308.64,0.41,0.37,2026-07-08,1034,N,VIIRS,n,2.0NRT,288.23,1.73,N
49.89428,-121.48959,303.98,0.41,0.37,2026-07-08,1034,N,VIIRS,n,2.0NRT,282.69,1.3,N
49.8954,-121.4956,308.31,0.41,0.37,2026-07-08,1034,N,VIIRS,n,2.0NRT,282.75,1.3,N
49.89622,-121.46094,306.85,0.41,0.37,2026-07-08,1034,N,VIIRS,n,2.0NRT,287.11,2.27,N
49.89951,-121.45915,332.38,0.41,0.37,2026-07-08,1034,N,VIIRS,n,2.0NRT,290.99,2.27,N
49.90531,-121.49065,302.6,0.41,0.37,2026-07-08,1034,N,VIIRS,n,2.0NRT,284.74,1.73,N
49.90972,-121.49496,308.85,0.41,0.37,2026-07-08,1034,N,VIIRS,n,2.0NRT,284.64,1.11,N
49.91299,-121.49304,306.04,0.41,0.37,2026-07-08,1034,N,VIIRS,n,2.0NRT,285.14,1.11,N
49.91412,-121.49916,304.32,0.41,0.37,2026-07-08,1034,N,VIIRS,n,2.0NRT,283.88,1.11,N
49.91847,-121.50318,307.85,0.41,0.37,2026-07-08,1034,N,VIIRS,n,2.0NRT,283.53,1.44,N
49.9217,-121.50568,312.89,0.41,0.37,2026-07-08,1034,N,VIIRS,n,2.0NRT,285.66,1.47,N
49.92279,-121.5115,302.65,0.41,0.37,2026-07-08,1034,N,VIIRS,n,2.0NRT,282.78,1.47,N
49.92282,-121.50716,308.38,0.41,0.37,2026-07-08,1034,N,VIIRS,n,2.0NRT,285.12,1.44,N
49.9239,-121.51302,306.1,0.41,0.37,2026-07-08,1034,N,VIIRS,n,2.0NRT,282.56,0.9,N
49.9283,-121.52158,301.87,0.41,0.37,2026-07-08,1034,N,VIIRS,n,2.0NRT,281.41,1.25,N
49.93162,-121.52,333.4,0.41,0.37,2026-07-08,1034,N,VIIRS,n,2.0NRT,287.65,2.8,N
49.93273,-121.52593,329.55,0.41,0.37,2026-07-08,1034,N,VIIRS,n,2.0NRT,284.0,1.91,N
49.93385,-121.53188,313.88,0.41,0.37,2026-07-08,1034,N,VIIRS,n,2.0NRT,280.78,1.91,N
49.93491,-121.51831,321.46,0.41,0.37,2026-07-08,1034,N,VIIRS,n,2.0NRT,286.39,2.8,N
49.93519,-121.44289,332.79,0.41,0.37,2026-07-08,1034,N,VIIRS,n,2.0NRT,294.2,32.38,N
49.93606,-121.52444,308.15,0.41,0.37,2026-07-08,1034,N,VIIRS,n,2.0NRT,285.27,1.91,N
49.93618,-121.44818,345.46,0.41,0.37,2026-07-08,1034,N,VIIRS,n,2.0NRT,295.02,14.75,N
49.93716,-121.45343,338.96,0.41,0.37,2026-07-08,1034,N,VIIRS,n,2.0NRT,292.24,14.75,N
49.93723,-121.53062,303.26,0.41,0.37,2026-07-08,1034,N,VIIRS,n,2.0NRT,281.37,1.91,N
49.93753,-121.43609,329.29,0.41,0.37,2026-07-08,1034,N,VIIRS,n,2.0NRT,287.76,7.6,N
49.93811,-121.4585,343.39,0.41,0.37,2026-07-08,1034,N,VIIRS,n,2.0NRT,292.23,5.57,N
49.93857,-121.4416,335.74,0.41,0.37,2026-07-08,1034,N,VIIRS,n,2.0NRT,291.32,7.6,N
49.9391,-121.4638,345.11,0.41,0.37,2026-07-08,1034,N,VIIRS,n,2.0NRT,292.68,5.57,N
49.93958,-121.44697,318.04,0.41,0.37,2026-07-08,1034,N,VIIRS,n,2.0NRT,288.06,1.65,N
49.94009,-121.41112,327.43,0.41,0.37,2026-07-08,1034,N,VIIRS,n,2.0NRT,284.62,12.96,N
49.9401,-121.46916,315.21,0.41,0.37,2026-07-08,1034,N,VIIRS,n,2.0NRT,287.85,2.18,N
49.94085,-121.43448,321.09,0.41,0.37,2026-07-08,1034,N,VIIRS,n,2.0NRT,287.71,7.6,N
49.9411,-121.4165,349.34,0.41,0.37,2026-07-08,1034,N,VIIRS,n,2.0NRT,294.97,12.96,N
49.94189,-121.44004,332.38,0.41,0.37,2026-07-08,1034,N,VIIRS,n,2.0NRT,292.05,7.6,N
49.94342,-121.40956,328.86,0.41,0.37,2026-07-08,1034,N,VIIRS,n,2.0NRT,287.13,12.96,N
49.94347,-121.46783,332.67,0.41,0.37,2026-07-08,1034,N,VIIRS,n,2.0NRT,290.26,1.93,N
49.94384,-121.39249,308.29,0.41,0.37,2026-07-08,1034,N,VIIRS,n,2.0NRT,282.4,3.55,N
49.94442,-121.41489,342.49,0.41,0.37,2026-07-08,1034,N,VIIRS,n,2.0NRT,297.28,12.96,N
49.94483,-121.39777,331.89,0.41,0.37,2026-07-08,1034,N,VIIRS,n,2.0NRT,285.11,3.55,N
49.94519,-121.43835,317.85,0.41,0.37,2026-07-08,1034,N,VIIRS,n,2.0NRT,288.54,2.76,N
49.94544,-121.42033,351.82,0.41,0.37,2026-07-08,1034,N,VIIRS,n,2.0NRT,292.45,16.63,N
49.94579,-121.40289,325.88,0.41,0.37,2026-07-08,1034,N,VIIRS,n,2.0NRT,286.14,3.55,N
49.94615,-121.38551,334.74,0.41,0.37,2026-07-08,1034,N,VIIRS,n,2.0NRT,285.68,3.55,N
49.94644,-121.42567,350.57,0.41,0.37,2026-07-08,1034,N,VIIRS,n,2.0NRT,293.81,16.63,N
49.94675,-121.40804,331.38,0.41,0.37,2026-07-08,1034,N,VIIRS,n,2.0NRT,288.22,2.02,N
49.94716,-121.39088,340.07,0.41,0.37,2026-07-08,1034,N,VIIRS,n,2.0NRT,288.48,3.55,N
49.94745,-121.43109,334.7,0.41,0.37,2026-07-08,1034,N,VIIRS,n,2.0NRT,290.37,2.76,N
49.94747,-121.37327,312.0,0.41,0.37,2026-07-08,1034,N,VIIRS,n,2.0NRT,282.6,1.88,N
49.94773,-121.41322,311.36,0.41,0.37,2026-07-08,1034,N,VIIRS,n,2.0NRT,287.67,2.02,N
49.94786,-121.47192,309.55,0.41,0.37,2026-07-08,1034,N,VIIRS,n,2.0NRT,289.67,1.93,N
49.94815,-121.39615,335.33,0.41,0.37,2026-07-08,1034,N,VIIRS,n,2.0NRT,288.55,3.55,N
49.94846,-121.3785,306.59,0.41,0.37,2026-07-08,1034,N,VIIRS,n,2.0NRT,283.63,1.88,N
49.94848,-121.43658,307.6,0.41,0.37,2026-07-08,1034,N,VIIRS,n,2.0NRT,288.38,2.76,N
49.94873,-121.41858,331.53,0.41,0.37,2026-07-08,1034,N,VIIRS,n,2.0NRT,289.62,1.94,N
49.9489,-121.47749,303.6,0.41,0.37,2026-07-08,1034,N,VIIRS,n,2.0NRT,287.71,1.15,N
49.94911,-121.40131,306.04,0.41,0.37,2026-07-08,1034,N,VIIRS,n,2.0NRT,285.5,3.55,N
49.94943,-121.38371,313.25,0.41,0.37,2026-07-08,1034,N,VIIRS,n,2.0NRT,285.62,1.95,N
49.94972,-121.36596,312.01,0.41,0.37,2026-07-08,1034,N,VIIRS,n,2.0NRT,282.63,1.93,N
49.94973,-121.42393,309.96,0.41,0.37,2026-07-08,1034,N,VIIRS,n,2.0NRT,288.68,1.94,N
49.95018,-121.5228,312.55,0.41,0.37,2026-07-08,1034,N,VIIRS,n,2.0NRT,286.92,3.13,N
49.95042,-121.38896,304.68,0.41,0.37,2026-07-08,1034,N,VIIRS,n,2.0NRT,284.23,1.95,N
49.95079,-121.37161,321.25,0.41,0.37,2026-07-08,1034,N,VIIRS,n,2.0NRT,283.8,1.88,N
49.95102,-121.41151,308.57,0.41,0.37,2026-07-08,1034,N,VIIRS,n,2.0NRT,288.54,2.02,N
49.95131,-121.52879,305.13,0.41,0.37,2026-07-08,1034,N,VIIRS,n,2.0NRT,285.73,2.29,N
49.95195,-121.35853,346.46,0.41,0.37,2026-07-08,1034,N,VIIRS,n,2.0NRT,289.55,8.54,N
49.95201,-121.4168,307.01,0.41,0.37,2026-07-08,1034,N,VIIRS,n,2.0NRT,287.13,1.94,N
49.95221,-121.47586,312.24,0.41,0.37,2026-07-08,1034,N,VIIRS,n,2.0NRT,289.94,1.14,N
49.953,-121.36411,345.9,0.41,0.37,2026-07-08,1034,N,VIIRS,n,2.0NRT,289.81,8.54,N
49.95324,-121.3461,326.79,0.41,0.37,2026-07-08,1034,N,VIIRS,n,2.0NRT,291.69,30.25,N
49.95326,-121.48146,311.71,0.41,0.37,2026-07-08,1034,N,VIIRS,n,2.0NRT,287.5,1.14,N
49.95406,-121.36974,325.6,0.41,0.37,2026-07-08,1034,N,VIIRS,n,2.0NRT,287.07,2.8,N
49.95424,-121.35141,346.64,0.41,0.37,2026-07-08,1034,N,VIIRS,n,2.0NRT,290.83,30.25,N
49.95454,-121.33371,320.2,0.42,0.37,2026-07-08,1034,N,VIIRS,n,2.0NRT,281.71,3.64,N
49.95525,-121.3568,331.44,0.41,0.37,2026-07-08,1034,N,VIIRS,n,2.0NRT,286.32,8.54,N
49.95557,-121.33921,310.31,0.42,0.37,2026-07-08,1034,N,VIIRS,n,2.0NRT,281.73,3.64,N
49.95627,-121.36224,323.55,0.41,0.37,2026-07-08,1034,N,VIIRS,n,2.0NRT,287.49,8.54,N
49.95657,-121.34453,351.19,0.41,0.37,2026-07-08,1034,N,VIIRS,n,2.0NRT,290.4,12.33,N
49.95665,-121.48022,305.46,0.41,0.37,2026-07-08,1034,N,VIIRS,n,2.0NRT,288.97,1.14,N
49.95679,-121.32642,317.91,0.42,0.37,2026-07-08,1034,N,VIIRS,n,2.0NRT,283.82,2.45,N
49.95733,-121.36786,306.09,0.41,0.37,2026-07-08,1034,N,VIIRS,n,2.0NRT,283.98,2.8,N
49.95758,-121.34991,344.08,0.41,0.37,2026-07-08,1034,N,VIIRS,n,2.0NRT,297.79,12.33,N
49.95783,-121.33195,339.58,0.42,0.37,2026-07-08,1034,N,VIIRS,n,2.0NRT,288.37,3.64,N
49.95857,-121.35519,348.09,0.41,0.37,2026-07-08,1034,N,VIIRS,n,2.0NRT,289.17,6.32,N
49.95866,-121.51032,302.28,0.41,0.37,2026-07-08,1034,N,VIIRS,n,2.0NRT,288.71,0.88,N
49.95886,-121.33741,340.71,0.42,0.37,2026-07-08,1034,N,VIIRS,n,2.0NRT,287.73,3.64,N
49.95956,-121.36048,321.9,0.41,0.37,2026-07-08,1034,N,VIIRS,n,2.0NRT,288.25,6.32,N
49.95975,-121.51614,301.19,0.41,0.37,2026-07-08,1034,N,VIIRS,n,2.0NRT,288.0,0.88,N
49.95992,-121.34306,318.41,0.41,0.37,2026-07-08,1034,N,VIIRS,n,2.0NRT,284.6,12.33,N
49.9601,-121.32473,337.11,0.42,0.37,2026-07-08,1034,N,VIIRS,n,2.0NRT,283.86,3.28,N
49.96059,-121.36596,315.93,0.41,0.37,2026-07-08,1034,N,VIIRS,n,2.0NRT,286.09,2.21,N
49.96112,-121.33017,330.63,0.42,0.37,2026-07-08,1034,N,VIIRS,n,2.0NRT,288.91,3.54,N
49.9614,-121.46695,321.35,0.41,0.37,2026-07-08,1034,N,VIIRS,n,2.0NRT,288.81,2.3,N
49.96189,-121.5083,308.41,0.41,0.37,2026-07-08,1034,N,VIIRS,n,2.0NRT,289.79,0.88,N
49.96216,-121.33567,342.3,0.42,0.37,2026-07-08,1034,N,VIIRS,n,2.0NRT,292.71,3.54,N
49.96246,-121.31797,323.95,0.42,0.37,2026-07-08,1034,N,VIIRS,n,2.0NRT,282.68,3.28,N
49.96297,-121.51408,307.34,0.41,0.37,2026-07-08,1034,N,VIIRS,n,2.0NRT,289.29,0.88,N
49.96321,-121.34132,317.29,0.41,0.37,2026-07-08,1034,N,VIIRS,n,2.0NRT,286.13,3.41,N
49.96339,-121.47762,329.75,0.41,0.37,2026-07-08,1034,N,VIIRS,n,2.0NRT,292.88,4.01,N
49.96346,-121.32329,327.29,0.42,0.37,2026-07-08,1034,N,VIIRS,n,2.0NRT,287.67,3.28,N
49.96392,-121.36437,316.18,0.41,0.37,2026-07-08,1034,N,VIIRS,n,2.0NRT,287.05,2.21,N
49.96449,-121.32879,316.29,0.42,0.37,2026-07-08,1034,N,VIIRS,n,2.0NRT,287.09,3.54,N
49.96478,-121.46564,313.92,0.41,0.37,2026-07-08,1034,N,VIIRS,n,2.0NRT,289.08,1.93,N
49.96497,-121.36997,315.32,0.41,0.37,2026-07-08,1034,N,VIIRS,n,2.0NRT,287.62,2.21,N
49.96551,-121.3342,320.43,0.42,0.37,2026-07-08,1034,N,VIIRS,n,2.0NRT,288.38,3.54,N
49.96577,-121.47097,311.59,0.41,0.37,2026-07-08,1034,N,VIIRS,n,2.0NRT,289.34,2.39,N
49.96586,-121.3168,316.21,0.42,0.37,2026-07-08,1034,N,VIIRS,n,2.0NRT,283.08,1.67,N
49.96601,-121.37552,308.21,0.41,0.37,2026-07-08,1034,N,VIIRS,n,2.0NRT,286.72,2.72,N
49.96654,-121.33971,324.46,0.41,0.37,2026-07-08,1034,N,VIIRS,n,2.0NRT,288.66,3.41,N
49.96677,-121.47632,327.6,0.41,0.37,2026-07-08,1034,N,VIIRS,n,2.0NRT,292.44,2.39,N
49.96688,-121.32226,318.33,0.42,0.37,2026-07-08,1034,N,VIIRS,n,2.0NRT,283.46,1.67,N
49.96777,-121.4817,313.1,0.41,0.37,2026-07-08,1034,N,VIIRS,n,2.0NRT,289.6,3.72,N
49.96791,-121.32771,317.0,0.42,0.37,2026-07-08,1034,N,VIIRS,n,2.0NRT,284.17,2.64,N
49.96846,-121.52411,315.13,0.41,0.37,2026-07-08,1034,N,VIIRS,n,2.0NRT,288.78,1.69,N
49.96856,-121.35049,314.4,0.41,0.37,2026-07-08,1034,N,VIIRS,n,2.0NRT,286.32,4.7,N
49.96881,-121.48727,337.03,0.41,0.37,2026-07-08,1034,N,VIIRS,n,2.0NRT,290.77,3.72,N
49.96911,-121.46947,321.32,0.41,0.37,2026-07-08,1034,N,VIIRS,n,2.0NRT,290.99,2.39,N
49.96926,-121.31561,312.86,0.42,0.37,2026-07-08,1034,N,VIIRS,n,2.0NRT,280.56,1.67,N
49.96951,-121.52976,311.98,0.41,0.37,2026-07-08,1034,N,VIIRS,n,2.0NRT,287.92,2.35,N
49.96957,-121.5107,310.55,0.41,0.37,2026-07-08,1034,N,VIIRS,n,2.0NRT,288.05,1.72,N
49.97012,-121.47488,329.19,0.41,0.37,2026-07-08,1034,N,VIIRS,n,2.0NRT,292.19,2.39,N
49.97029,-121.32113,308.37,0.42,0.37,2026-07-08,1034,N,VIIRS,n,2.0NRT,280.9,1.67,N
49.97049,-121.38014,311.86,0.41,0.37,2026-07-08,1034,N,VIIRS,n,2.0NRT,284.13,2.69,N
49.97054,-121.43844,309.1,0.41,0.37,2026-07-08,1034,N,VIIRS,n,2.0NRT,289.01,2.23,N
49.97087,-121.34349,321.01,0.41,0.37,2026-07-08,1034,N,VIIRS,n,2.0NRT,287.43,4.79,N
49.97113,-121.48031,328.67,0.41,0.37,2026-07-08,1034,N,VIIRS,n,2.0NRT,293.2,3.72,N
49.97132,-121.32658,310.56,0.42,0.37,2026-07-08,1034,N,VIIRS,n,2.0NRT,281.72,2.64,N
49.97159,-121.38604,306.48,0.41,0.37,2026-07-08,1034,N,VIIRS,n,2.0NRT,282.58,1.94,N
49.97171,-121.52216,307.04,0.41,0.37,2026-07-08,1034,N,VIIRS,n,2.0NRT,287.11,1.69,N
49.97191,-121.34901,324.73,0.41,0.37,2026-07-08,1034,N,VIIRS,n,2.0NRT,287.49,2.72,N
49.97217,-121.48587,344.73,0.41,0.37,2026-07-08,1034,N,VIIRS,n,2.0NRT,296.18,3.72,N
49.97248,-121.46818,313.47,0.41,0.37,2026-07-08,1034,N,VIIRS,n,2.0NRT,289.7,2.03,N
49.9728,-121.52804,332.19,0.41,0.37,2026-07-08,1034,N,VIIRS,n,2.0NRT,292.94,2.35,N
49.97281,-121.37321,326.39,0.41,0.37,2026-07-08,1034,N,VIIRS,n,2.0NRT,287.09,2.69,N
49.97319,-121.49135,332.27,0.41,0.37,2026-07-08,1034,N,VIIRS,n,2.0NRT,288.07,6.03,N
49.97346,-121.47345,327.86,0.41,0.37,2026-07-08,1034,N,VIIRS,n,2.0NRT,291.33,2.03,N
49.97388,-121.53384,313.58,0.41,0.37,2026-07-08,1034,N,VIIRS,n,2.0NRT,289.36,2.35,N
49.97389,-121.37897,327.79,0.41,0.37,2026-07-08,1034,N,VIIRS,n,2.0NRT,286.41,2.69,N
49.97449,-121.47897,323.83,0.41,0.37,2026-07-08,1034,N,VIIRS,n,2.0NRT,291.22,3.12,N
49.97478,-121.40311,307.57,0.41,0.37,2026-07-08,1034,N,VIIRS,n,2.0NRT,282.42,2.84,N
49.97486,-121.46154,304.34,0.41,0.37,2026-07-08,1034,N,VIIRS,n,2.0NRT,287.33,1.46,N
49.97499,-121.53977,311.73,0.41,0.37,2026-07-08,1034,N,VIIRS,n,2.0NRT,288.17,2.16,N
49.97501,-121.52052,320.38,0.41,0.37,2026-07-08,1034,N,VIIRS,n,2.0NRT,289.34,1.85,N
49.97528,-121.34771,313.54,0.41,0.37,2026-07-08,1034,N,VIIRS,n,2.0NRT,284.97,2.72,N
49.97551,-121.4844,324.01,0.41,0.37,2026-07-08,1034,N,VIIRS,n,2.0NRT,292.53,3.12,N
49.97562,-121.33018,309.08,0.42,0.37,2026-07-08,1034,N,VIIRS,n,2.0NRT,281.41,3.3,N
49.97585,-121.46687,308.48,0.41,0.37,2026-07-08,1034,N,VIIRS,n,2.0NRT,288.87,2.03,N
49.97609,-121.39071,307.96,0.41,0.37,2026-07-08,1034,N,VIIRS,n,2.0NRT,282.21,1.94,N
49.97623,-121.37215,306.96,0.41,0.37,2026-07-08,1034,N,VIIRS,n,2.0NRT,283.47,1.14,N
49.97654,-121.48993,342.07,0.41,0.37,2026-07-08,1034,N,VIIRS,n,2.0NRT,291.62,8.09,N
49.97683,-121.47213,324.53,0.41,0.37,2026-07-08,1034,N,VIIRS,n,2.0NRT,291.78,2.03,N
49.97691,-121.3177,304.06,0.42,0.37,2026-07-08,1034,N,VIIRS,n,2.0NRT,282.3,1.98,N
49.97713,-121.53191,306.51,0.41,0.37,2026-07-08,1034,N,VIIRS,n,2.0NRT,287.99,1.83,N
49.97729,-121.37785,309.11,0.41,0.37,2026-07-08,1034,N,VIIRS,n,2.0NRT,282.53,1.14,N
49.97756,-121.49539,333.65,0.41,0.37,2026-07-08,1034,N,VIIRS,n,2.0NRT,292.53,8.09,N
49.97786,-121.47763,322.49,0.41,0.37,2026-07-08,1034,N,VIIRS,n,2.0NRT,291.37,3.12,N
49.97791,-121.32308,324.14,0.42,0.37,2026-07-08,1034,N,VIIRS,n,2.0NRT,286.44,3.3,N
49.97817,-121.30516,307.86,0.42,0.37,2026-07-08,1034,N,VIIRS,n,2.0NRT,282.52,1.45,N
49.97824,-121.53783,330.56,0.41,0.37,2026-07-08,1034,N,VIIRS,n,2.0NRT,293.31,2.08,N
49.97852,-121.28775,295.78,0.42,0.37,2026-07-08,1034,N,VIIRS,n,2.0NRT,279.18,1.04,N
49.97867,-121.34645,330.6,0.41,0.37,2026-07-08,1034,N,VIIRS,n,2.0NRT,288.72,3.7,N
49.97887,-121.48306,338.49,0.41,0.37,2026-07-08,1034,N,VIIRS,n,2.0NRT,294.49,3.12,N
49.97895,-121.3286,336.08,0.42,0.37,2026-07-08,1034,N,VIIRS,n,2.0NRT,290.17,3.3,N
49.97921,-121.31068,321.69,0.42,0.37,2026-07-08,1034,N,VIIRS,n,2.0NRT,286.19,2.2,N
49.97922,-121.46555,306.82,0.41,0.37,2026-07-08,1034,N,VIIRS,n,2.0NRT,287.98,1.14,N
49.97953,-121.29307,300.34,0.42,0.37,2026-07-08,1034,N,VIIRS,n,2.0NRT,279.2,1.04,N
49.97966,-121.37114,307.44,0.41,0.37,2026-07-08,1034,N,VIIRS,n,2.0NRT,283.04,1.14,N
49.9799,-121.48859,331.52,0.41,0.37,2026-07-08,1034,N,VIIRS,n,2.0NRT,292.53,8.09,N
49.97998,-121.33411,337.11,0.41,0.37,2026-07-08,1034,N,VIIRS,n,2.0NRT,291.14,4.15,N
49.98022,-121.4709,311.55,0.41,0.37,2026-07-08,1034,N,VIIRS,n,2.0NRT,288.93,1.14,N
49.98024,-121.31618,321.03,0.42,0.37,2026-07-08,1034,N,VIIRS,n,2.0NRT,286.9,2.2,N
49.98071,-121.37679,305.53,0.41,0.37,2026-07-08,1034,N,VIIRS,n,2.0NRT,282.64,1.14,N
49.98092,-121.49404,344.1,0.41,0.37,2026-07-08,1034,N,VIIRS,n,2.0NRT,291.31,8.09,N
49.98101,-121.33966,312.05,0.41,0.37,2026-07-08,1034,N,VIIRS,n,2.0NRT,285.08,4.15,N
49.98122,-121.47624,320.13,0.41,0.37,2026-07-08,1034,N,VIIRS,n,2.0NRT,290.1,2.76,N
49.98128,-121.32172,325.88,0.42,0.37,2026-07-08,1034,N,VIIRS,n,2.0NRT,287.5,3.35,N
49.98151,-121.53603,299.93,0.41,0.37,2026-07-08,1034,N,VIIRS,n,2.0NRT,286.89,2.08,N
49.98151,-121.40038,307.96,0.41,0.37,2026-07-08,1034,N,VIIRS,n,2.0NRT,282.75,1.86,N
49.98157,-121.30392,300.61,0.42,0.37,2026-07-08,1034,N,VIIRS,n,2.0NRT,280.39,1.45,N
49.98209,-121.34536,314.43,0.41,0.37,2026-07-08,1034,N,VIIRS,n,2.0NRT,286.66,3.7,N
49.98224,-121.48174,330.63,0.41,0.37,2026-07-08,1034,N,VIIRS,n,2.0NRT,291.84,2.76,N
49.98233,-121.32732,322.14,0.42,0.37,2026-07-08,1034,N,VIIRS,n,2.0NRT,287.06,3.35,N
49.9826,-121.30947,302.06,0.42,0.37,2026-07-08,1034,N,VIIRS,n,2.0NRT,280.37,2.2,N
49.98261,-121.46437,303.79,0.41,0.37,2026-07-08,1034,N,VIIRS,n,2.0NRT,286.72,1.14,N
49.98325,-121.48715,338.69,0.41,0.37,2026-07-08,1034,N,VIIRS,n,2.0NRT,294.47,3.99,N
49.98361,-121.4697,314.47,0.41,0.37,2026-07-08,1034,N,VIIRS,n,2.0NRT,288.72,1.14,N
49.98429,-121.49274,349.6,0.41,0.37,2026-07-08,1034,N,VIIRS,n,2.0NRT,295.66,3.99,N
49.98434,-121.35749,307.65,0.41,0.37,2026-07-08,1034,N,VIIRS,n,2.0NRT,281.48,2.43,N
49.9846,-121.47502,325.26,0.41,0.37,2026-07-08,1034,N,VIIRS,n,2.0NRT,291.01,2.76,N
49.98483,-121.39881,307.99,0.41,0.37,2026-07-08,1034,N,VIIRS,n,2.0NRT,283.21,1.86,N
49.98499,-121.45776,310.31,0.41,0.37,2026-07-08,1034,N,VIIRS,n,2.0NRT,285.61,2.03,N
49.98512,-121.43907,317.15,0.41,0.37,2026-07-08,1034,N,VIIRS,n,2.0NRT,288.34,1.83,N
49.9853,-121.49816,329.3,0.41,0.37,2026-07-08,1034,N,VIIRS,n,2.0NRT,288.34,7.12,N
49.98562,-121.48048,327.63,0.41,0.37,2026-07-08,1034,N,VIIRS,n,2.0NRT,291.68,2.76,N
49.98578,-121.40385,305.01,0.41,0.37,2026-07-08,1034,N,VIIRS,n,2.0NRT,284.57,2.61,N
49.98601,-121.4632,311.34,0.41,0.37,2026-07-08,1034,N,VIIRS,n,2.0NRT,285.71,2.32,N
49.98618,-121.44473,306.25,0.41,0.37,2026-07-08,1034,N,VIIRS,n,2.0NRT,287.18,1.83,N
49.98662,-121.48586,324.38,0.41,0.37,2026-07-08,1034,N,VIIRS,n,2.0NRT,291.76,3.99,N
49.98699,-121.46847,307.39,0.41,0.37,2026-07-08,1034,N,VIIRS,n,2.0NRT,286.54,2.32,N
49.98728,-121.45062,311.51,0.41,0.37,2026-07-08,1034,N,VIIRS,n,2.0NRT,287.85,2.03,N
49.98765,-121.49139,306.54,0.41,0.37,2026-07-08,1034,N,VIIRS,n,2.0NRT,288.44,3.99,N
49.98798,-121.47379,320.27,0.41,0.37,2026-07-08,1034,N,VIIRS,n,2.0NRT,291.03,2.03,N
49.98835,-121.45636,328.09,0.41,0.37,2026-07-08,1034,N,VIIRS,n,2.0NRT,289.57,2.03,N
49.98851,-121.43783,330.56,0.41,0.37,2026-07-08,1034,N,VIIRS,n,2.0NRT,291.69,2.15,N
49.98867,-121.49686,352.27,0.41,0.37,2026-07-08,1034,N,VIIRS,n,2.0NRT,297.26,7.12,N
49.98897,-121.47911,318.65,0.41,0.37,2026-07-08,1034,N,VIIRS,n,2.0NRT,288.96,2.03,N
49.98938,-121.46188,334.88,0.41,0.37,2026-07-08,1034,N,VIIRS,n,2.0NRT,291.7,2.32,N
49.98956,-121.44347,308.56,0.41,0.37,2026-07-08,1034,N,VIIRS,n,2.0NRT,287.59,2.15,N
49.98965,-121.50215,329.86,0.41,0.37,2026-07-08,1034,N,VIIRS,n,2.0NRT,288.55,7.12,N
49.98999,-121.48454,310.25,0.41,0.37,2026-07-08,1034,N,VIIRS,n,2.0NRT,288.51,1.91,N
49.99037,-121.46719,323.98,0.41,0.37,2026-07-08,1034,N,VIIRS,n,2.0NRT,289.41,2.32,N
49.99063,-121.44922,305.08,0.41,0.37,2026-07-08,1034,N,VIIRS,n,2.0NRT,286.49,1.57,N
49.99099,-121.48995,307.03,0.41,0.37,2026-07-08,1034,N,VIIRS,n,2.0NRT,288.96,1.91,N
49.99136,-121.47253,314.6,0.41,0.37,2026-07-08,1034,N,VIIRS,n,2.0NRT,288.77,2.03,N
49.99169,-121.45489,308.21,0.41,0.37,2026-07-08,1034,N,VIIRS,n,2.0NRT,286.21,1.57,N
49.99189,-121.43658,326.06,0.41,0.37,2026-07-08,1034,N,VIIRS,n,2.0NRT,287.74,2.15,N
49.99202,-121.49545,304.46,0.41,0.37,2026-07-08,1034,N,VIIRS,n,2.0NRT,289.22,4.4,N
49.99235,-121.47782,323.44,0.41,0.37,2026-07-08,1034,N,VIIRS,n,2.0NRT,290.58,2.03,N
49.9927,-121.30539,306.98,0.42,0.37,2026-07-08,1034,N,VIIRS,n,2.0NRT,278.47,1.13,N
49.99272,-121.46045,324.0,0.41,0.37,2026-07-08,1034,N,VIIRS,n,2.0NRT,288.96,2.77,N
49.99294,-121.44224,309.83,0.41,0.37,2026-07-08,1034,N,VIIRS,n,2.0NRT,286.81,2.15,N
49.993,-121.50069,343.25,0.41,0.37,2026-07-08,1034,N,VIIRS,n,2.0NRT,293.99,4.4,N
49.99336,-121.48325,323.36,0.41,0.37,2026-07-08,1034,N,VIIRS,n,2.0NRT,289.95,1.91,N
49.99371,-121.31076,304.86,0.42,0.37,2026-07-08,1034,N,VIIRS,n,2.0NRT,279.23,1.13,N
49.99372,-121.46584,325.11,0.41,0.37,2026-07-08,1034,N,VIIRS,n,2.0NRT,289.98,2.77,N
49.99435,-121.30383,309.98,0.42,0.37,2026-07-08,1034,N,VIIRS,n,2.0NRT,277.93,1.4,N
49.99436,-121.48862,328.83,0.41,0.37,2026-07-08,1034,N,VIIRS,n,2.0NRT,290.79,1.91,N
49.99472,-121.47117,323.81,0.41,0.37,2026-07-08,1034,N,VIIRS,n,2.0NRT,289.53,3.48,N
49.99504,-121.29853,299.26,0.42,0.37,2026-07-08,1034,N,VIIRS,n,2.0NRT,276.63,1.18,N
49.99529,-121.43543,342.98,0.41,0.37,2026-07-08,1034,N,VIIRS,n,2.0NRT,291.7,10.69,N
49.99537,-121.49401,304.57,0.41,0.37,2026-07-08,1034,N,VIIRS,n,2.0NRT,288.88,4.4,N
49.99572,-121.4765,330.82,0.41,0.37,2026-07-08,1034,N,VIIRS,n,2.0NRT,292.28,3.48,N
49.99604,-121.30389,306.4,0.42,0.37,2026-07-08,1034,N,VIIRS,n,2.0NRT,278.48,1.13,N
49.99606,-121.45898,314.6,0.41,0.37,2026-07-08,1034,N,VIIRS,n,2.0NRT,287.36,2.77,N
49.99636,-121.49938,338.76,0.41,0.37,2026-07-08,1034,N,VIIRS,n,2.0NRT,293.78,4.4,N
49.99671,-121.48184,336.45,0.41,0.37,2026-07-08,1034,N,VIIRS,n,2.0NRT,292.6,4.59,N
49.99708,-121.46444,334.55,0.41,0.37,2026-07-08,1034,N,VIIRS,n,2.0NRT,292.59,2.77,N
49.99736,-121.50476,329.22,0.41,0.37,2026-07-08,1034,N,VIIRS,n,2.0NRT,290.22,8.78,N
49.99772,-121.48727,338.98,0.41,0.37,2026-07-08,1034,N,VIIRS,n,2.0NRT,293.24,4.59,N
49.99772,-121.30249,304.71,0.42,0.37,2026-07-08,1034,N,VIIRS,n,2.0NRT,278.36,1.4,N
49.99807,-121.46978,332.34,0.41,0.37,2026-07-08,1034,N,VIIRS,n,2.0NRT,291.57,3.48,N
49.99868,-121.43427,331.19,0.41,0.37,2026-07-08,1034,N,VIIRS,n,2.0NRT,287.39,10.69,N
49.99871,-121.49258,317.24,0.41,0.37,2026-07-08,1034,N,VIIRS,n,2.0NRT,289.27,3.98,N
49.99907,-121.47514,333.09,0.41,0.37,2026-07-08,1034,N,VIIRS,n,2.0NRT,293.33,3.48,N
49.99943,-121.45769,311.62,0.41,0.37,2026-07-08,1034,N,VIIRS,n,2.0NRT,287.09,1.89,N
49.99971,-121.49796,336.0,0.41,0.37,2026-07-08,1034,N,VIIRS,n,2.0NRT,292.28,3.98,N
49.99973,-121.43994,340.91,0.41,0.37,2026-07-08,1034,N,VIIRS,n,2.0NRT,285.82,10.69,N
50.00006,-121.48048,342.51,0.41,0.37,2026-07-08,1034,N,VIIRS,n,2.0NRT,297.43,4.59,N
50.00042,-121.46301,328.95,0.41,0.37,2026-07-08,1034,N,VIIRS,n,2.0NRT,291.48,1.89,N
50.0007,-121.50329,332.56,0.41,0.37,2026-07-08,1034,N,VIIRS,n,2.0NRT,290.0,11.69,N
50.00108,-121.4859,332.77,0.41,0.37,2026-07-08,1034,N,VIIRS,n,2.0NRT,292.27,4.59,N
50.00142,-121.46836,330.65,0.41,0.37,2026-07-08,1034,N,VIIRS,n,2.0NRT,292.46,4.13,N
50.00146,-121.391,305.3,0.41,0.37,2026-07-08,1034,N,VIIRS,n,2.0NRT,282.73,2.38,N
50.00206,-121.49121,326.06,0.41,0.37,2026-07-08,1034,N,VIIRS,n,2.0NRT,291.47,3.98,N
50.00208,-121.43314,307.37,0.41,0.37,2026-07-08,1034,N,VIIRS,n,2.0NRT,286.09,2.44,N
50.00241,-121.47369,340.88,0.41,0.37,2026-07-08,1034,N,VIIRS,n,2.0NRT,294.25,4.13,N
50.00281,-121.45646,310.44,0.41,0.37,2026-07-08,1034,N,VIIRS,n,2.0NRT,286.89,1.89,N
50.00308,-121.49666,346.75,0.41,0.37,2026-07-08,1034,N,VIIRS,n,2.0NRT,293.69,3.98,N
50.00314,-121.43884,346.56,0.41,0.37,2026-07-08,1034,N,VIIRS,n,2.0NRT,289.08,2.44,N
50.00314,-121.312,305.19,0.42,0.37,2026-07-08,1034,N,VIIRS,n,2.0NRT,280.12,2.0,N
50.00342,-121.4791,337.34,0.41,0.37,2026-07-08,1034,N,VIIRS,n,2.0NRT,295.31,4.74,N
50.00378,-121.46164,317.93,0.41,0.37,2026-07-08,1034,N,VIIRS,n,2.0NRT,289.35,1.89,N
50.0039,-121.33525,308.76,0.41,0.37,2026-07-08,1034,N,VIIRS,n,2.0NRT,282.37,2.77,N
50.00407,-121.50201,350.05,0.41,0.37,2026-07-08,1034,N,VIIRS,n,2.0NRT,301.91,11.69,N
50.00441,-121.42627,312.94,0.41,0.37,2026-07-08,1034,N,VIIRS,n,2.0NRT,285.57,3.11,N
50.00443,-121.4845,339.47,0.41,0.37,2026-07-08,1034,N,VIIRS,n,2.0NRT,294.25,4.74,N
50.00477,-121.46693,330.4,0.41,0.37,2026-07-08,1034,N,VIIRS,n,2.0NRT,292.6,4.13,N
50.00493,-121.3407,307.82,0.41,0.37,2026-07-08,1034,N,VIIRS,n,2.0NRT,282.58,3.06,N
50.0051,-121.50752,329.7,0.41,0.37,2026-07-08,1034,N,VIIRS,n,2.0NRT,287.36,11.69,N
50.00543,-121.48991,330.1,0.41,0.37,2026-07-08,1034,N,VIIRS,n,2.0NRT,291.6,7.88,N
50.00547,-121.43195,308.04,0.41,0.37,2026-07-08,1034,N,VIIRS,n,2.0NRT,283.84,2.44,N
50.00576,-121.47229,334.6,0.41,0.37,2026-07-08,1034,N,VIIRS,n,2.0NRT,294.58,4.13,N
50.00587,-121.36485,308.87,0.41,0.37,2026-07-08,1034,N,VIIRS,n,2.0NRT,282.57,2.87,N
50.00599,-121.3463,326.52,0.41,0.37,2026-07-08,1034,N,VIIRS,n,2.0NRT,286.45,3.06,N
50.00619,-121.37759,310.08,0.41,0.37,2026-07-08,1034,N,VIIRS,n,2.0NRT,282.91,1.97,N
50.0062,-121.45525,302.72,0.41,0.37,2026-07-08,1034,N,VIIRS,n,2.0NRT,284.71,2.74,N
50.00623,-121.32835,309.8,0.41,0.37,2026-07-08,1034,N,VIIRS,n,2.0NRT,282.42,1.89,N
50.00637,-121.35917,314.27,0.41,0.37,2026-07-08,1034,N,VIIRS,n,2.0NRT,283.66,2.57,N
50.00642,-121.49522,354.52,0.41,0.37,2026-07-08,1034,N,VIIRS,n,2.0NRT,298.26,7.88,N
50.00652,-121.43759,317.59,0.41,0.37,2026-07-08,1034,N,VIIRS,n,2.0NRT,286.19,2.44,N
50.00674,-121.39985,316.16,0.41,0.37,2026-07-08,1034,N,VIIRS,n,2.0NRT,287.87,3.49,N
50.00677,-121.47771,332.53,0.41,0.37,2026-07-08,1034,N,VIIRS,n,2.0NRT,293.77,4.74,N
50.00703,-121.35182,314.66,0.41,0.37,2026-07-08,1034,N,VIIRS,n,2.0NRT,283.97,3.45,N
50.00716,-121.38276,321.53,0.41,0.37,2026-07-08,1034,N,VIIRS,n,2.0NRT,286.1,3.3,N
50.00728,-121.33392,320.93,0.41,0.37,2026-07-08,1034,N,VIIRS,n,2.0NRT,284.69,1.89,N
50.00742,-121.36481,312.24,0.41,0.37,2026-07-08,1034,N,VIIRS,n,2.0NRT,283.63,2.57,N
50.00745,-121.50076,357.5,0.41,0.37,2026-07-08,1034,N,VIIRS,n,2.0NRT,301.66,11.58,N
50.00759,-121.44339,310.73,0.41,0.37,2026-07-08,1034,N,VIIRS,n,2.0NRT,282.52,2.21,N
50.00779,-121.48314,338.9,0.41,0.37,2026-07-08,1034,N,VIIRS,n,2.0NRT,294.11,4.74,N
50.00793,-121.37577,309.41,0.41,0.37,2026-07-08,1034,N,VIIRS,n,2.0NRT,282.42,2.59,N
50.00809,-121.35742,314.79,0.41,0.37,2026-07-08,1034,N,VIIRS,n,2.0NRT,284.82,3.45,N
50.00813,-121.4656,311.51,0.41,0.37,2026-07-08,1034,N,VIIRS,n,2.0NRT,289.01,2.0,N
50.00833,-121.33949,328.6,0.41,0.37,2026-07-08,1034,N,VIIRS,n,2.0NRT,288.2,4.34,N
50.00845,-121.50611,329.87,0.41,0.37,2026-07-08,1034,N,VIIRS,n,2.0NRT,289.69,11.58,N
50.00846,-121.37035,310.56,0.41,0.37,2026-07-08,1034,N,VIIRS,n,2.0NRT,282.48,1.97,N
50.00859,-121.32167,310.01,0.41,0.37,2026-07-08,1034,N,VIIRS,n,2.0NRT,280.11,3.41,N
50.00861,-121.44889,311.5,0.41,0.37,2026-07-08,1034,N,VIIRS,n,2.0NRT,283.47,2.21,N
50.0088,-121.4886,353.14,0.41,0.37,2026-07-08,1034,N,VIIRS,n,2.0NRT,299.53,7.88,N
50.00885,-121.43076,312.88,0.41,0.37,2026-07-08,1034,N,VIIRS,n,2.0NRT,285.0,1.75,N
50.00891,-121.381,312.66,0.41,0.37,2026-07-08,1034,N,VIIRS,n,2.0NRT,285.12,2.59,N
50.00912,-121.47095,326.4,0.41,0.37,2026-07-08,1034,N,VIIRS,n,2.0NRT,291.07,2.0,N
50.00912,-121.36295,322.81,0.41,0.37,2026-07-08,1034,N,VIIRS,n,2.0NRT,287.06,2.87,N
50.00936,-121.34495,331.35,0.41,0.37,2026-07-08,1034,N,VIIRS,n,2.0NRT,288.76,4.34,N
50.00945,-121.37569,319.01,0.41,0.37,2026-07-08,1034,N,VIIRS,n,2.0NRT,284.99,1.97,N
50.00981,-121.49401,356.35,0.41,0.37,2026-07-08,1034,N,VIIRS,n,2.0NRT,299.55,7.88,N
50.00988,-121.43629,321.03,0.41,0.37,2026-07-08,1034,N,VIIRS,n,2.0NRT,287.41,1.75,N
50.01009,-121.39838,322.46,0.41,0.37,2026-07-08,1034,N,VIIRS,n,2.0NRT,288.25,3.12,N
50.01013,-121.47635,333.15,0.41,0.37,2026-07-08,1034,N,VIIRS,n,2.0NRT,293.12,4.75,N
50.01013,-121.41821,309.35,0.41,0.37,2026-07-08,1034,N,VIIRS,n,2.0NRT,283.38,3.57,N
50.01017,-121.36847,324.96,0.41,0.37,2026-07-08,1034,N,VIIRS,n,2.0NRT,287.58,2.87,N
50.01038,-121.35039,328.52,0.41,0.37,2026-07-08,1034,N,VIIRS,n,2.0NRT,288.39,2.84,N
50.01069,-121.33276,306.79,0.41,0.37,2026-07-08,1034,N,VIIRS,n,2.0NRT,280.06,1.89,N
50.01083,-121.49952,349.77,0.41,0.37,2026-07-08,1034,N,VIIRS,n,2.0NRT,296.03,11.58,N
50.01083,-121.39131,320.28,0.41,0.37,2026-07-08,1034,N,VIIRS,n,2.0NRT,288.41,2.99,N
50.01095,-121.44205,313.21,0.41,0.37,2026-07-08,1034,N,VIIRS,n,2.0NRT,283.57,1.29,N
50.01114,-121.48181,341.0,0.41,0.37,2026-07-08,1034,N,VIIRS,n,2.0NRT,296.9,4.75,N
50.01118,-121.37386,322.34,0.41,0.37,2026-07-08,1034,N,VIIRS,n,2.0NRT,287.32,2.59,N
50.0114,-121.3558,330.21,0.41,0.37,2026-07-08,1034,N,VIIRS,n,2.0NRT,288.33,2.84,N
50.01142,-121.38615,315.03,0.41,0.37,2026-07-08,1034,N,VIIRS,n,2.0NRT,286.66,3.3,N
50.01149,-121.46429,312.33,0.41,0.37,2026-07-08,1034,N,VIIRS,n,2.0NRT,288.54,2.0,N
50.01186,-121.39679,328.37,0.41,0.37,2026-07-08,1034,N,VIIRS,n,2.0NRT,290.01,2.67,N
50.012,-121.44768,307.77,0.41,0.37,2026-07-08,1034,N,VIIRS,n,2.0NRT,283.01,1.29,N
50.01215,-121.48725,367.0,0.41,0.37,2026-07-08,1034,N,VIIRS,h,2.0NRT,307.04,15.45,N
50.01225,-121.42959,312.96,0.41,0.37,2026-07-08,1034,N,VIIRS,n,2.0NRT,282.85,1.75,N
50.0124,-121.39141,327.21,0.41,0.37,2026-07-08,1034,N,VIIRS,n,2.0NRT,290.35,3.12,N
50.01244,-121.36131,336.79,0.41,0.37,2026-07-08,1034,N,VIIRS,n,2.0NRT,290.99,3.94,N
50.01249,-121.46961,319.53,0.41,0.37,2026-07-08,1034,N,VIIRS,n,2.0NRT,289.83,2.0,N
50.01318,-121.49275,340.73,0.41,0.37,2026-07-08,1034,N,VIIRS,n,2.0NRT,294.81,15.45,N
50.01319,-121.38457,322.03,0.41,0.37,2026-07-08,1034,N,VIIRS,n,2.0NRT,288.7,2.99,N
50.01326,-121.43503,313.19,0.41,0.37,2026-07-08,1034,N,VIIRS,n,2.0NRT,285.19,1.75,N
50.01344,-121.397,321.87,0.41,0.37,2026-07-08,1034,N,VIIRS,n,2.0NRT,288.88,3.12,N
50.01348,-121.36684,333.09,0.41,0.37,2026-07-08,1034,N,VIIRS,n,2.0NRT,290.17,3.94,N
50.01349,-121.47502,335.02,0.41,0.37,2026-07-08,1034,N,VIIRS,n,2.0NRT,293.52,4.75,N
50.01352,-121.41706,310.77,0.41,0.37,2026-07-08,1034,N,VIIRS,n,2.0NRT,283.29,1.76,N
50.01377,-121.34913,316.29,0.41,0.37,2026-07-08,1034,N,VIIRS,n,2.0NRT,284.74,2.84,N
50.01391,-121.45791,311.53,0.41,0.37,2026-07-08,1034,N,VIIRS,n,2.0NRT,286.29,1.82,N
50.0142,-121.49825,310.57,0.41,0.37,2026-07-08,1034,N,VIIRS,n,2.0NRT,287.3,2.26,N
50.0142,-121.38992,321.79,0.41,0.37,2026-07-08,1034,N,VIIRS,n,2.0NRT,288.97,2.99,N
50.0143,-121.44067,313.37,0.41,0.37,2026-07-08,1034,N,VIIRS,n,2.0NRT,283.73,1.29,N
50.0145,-121.48048,338.26,0.41,0.37,2026-07-08,1034,N,VIIRS,n,2.0NRT,294.87,4.75,N
50.01451,-121.37231,330.07,0.41,0.37,2026-07-08,1034,N,VIIRS,n,2.0NRT,290.29,3.08,N
50.01459,-121.42281,308.98,0.41,0.37,2026-07-08,1034,N,VIIRS,n,2.0NRT,282.03,1.76,N
50.01479,-121.35455,316.66,0.41,0.37,2026-07-08,1034,N,VIIRS,n,2.0NRT,285.23,2.84,N
50.01487,-121.46303,324.15,0.41,0.37,2026-07-08,1034,N,VIIRS,n,2.0NRT,289.29,2.26,N
50.01523,-121.39541,314.26,0.41,0.37,2026-07-08,1034,N,VIIRS,n,2.0NRT,286.6,2.67,N
50.01534,-121.44624,306.74,0.41,0.37,2026-07-08,1034,N,VIIRS,n,2.0NRT,282.27,1.29,N
50.0154,-121.41541,305.72,0.41,0.37,2026-07-08,1034,N,VIIRS,n,2.0NRT,281.29,3.58,N
50.01551,-121.4859,367.0,0.41,0.37,2026-07-08,1034,N,VIIRS,h,2.0NRT,310.43,15.45,N
50.01554,-121.37779,321.3,0.41,0.37,2026-07-08,1034,N,VIIRS,n,2.0NRT,288.09,3.08,N
50.01561,-121.42826,306.65,0.41,0.37,2026-07-08,1034,N,VIIRS,n,2.0NRT,282.36,1.89,N
50.01583,-121.36012,310.51,0.41,0.37,2026-07-08,1034,N,VIIRS,n,2.0NRT,283.85,3.94,N
50.01586,-121.46832,322.53,0.41,0.37,2026-07-08,1034,N,VIIRS,n,2.0NRT,290.21,2.26,N
50.01632,-121.45152,309.61,0.41,0.37,2026-07-08,1034,N,VIIRS,n,2.0NRT,284.49,1.82,N
50.01636,-121.40138,311.62,0.41,0.37,2026-07-08,1034,N,VIIRS,n,2.0NRT,284.66,2.67,N
50.01651,-121.42129,313.87,0.41,0.37,2026-07-08,1034,N,VIIRS,n,2.0NRT,282.47,1.83,N
50.01655,-121.49146,352.68,0.41,0.37,2026-07-08,1034,N,VIIRS,n,2.0NRT,299.83,15.45,N
50.01662,-121.43369,314.69,0.41,0.37,2026-07-08,1034,N,VIIRS,n,2.0NRT,283.95,1.89,N
50.01686,-121.47374,351.06,0.41,0.37,2026-07-08,1034,N,VIIRS,n,2.0NRT,298.01,7.51,N
50.01719,-121.34801,309.54,0.41,0.37,2026-07-08,1034,N,VIIRS,n,2.0NRT,281.92,3.61,N
50.01728,-121.45665,317.23,0.41,0.37,2026-07-08,1034,N,VIIRS,n,2.0NRT,288.21,1.82,N
50.01764,-121.43919,335.58,0.41,0.37,2026-07-08,1034,N,VIIRS,n,2.0NRT,285.77,2.12,N
50.01787,-121.47913,302.81,0.41,0.37,2026-07-08,1034,N,VIIRS,n,2.0NRT,286.88,7.51,N
50.01795,-121.42149,316.57,0.41,0.37,2026-07-08,1034,N,VIIRS,n,2.0NRT,282.75,1.76,N
50.01824,-121.46176,310.39,0.41,0.37,2026-07-08,1034,N,VIIRS,n,2.0NRT,286.89,2.26,N
50.01868,-121.44479,305.33,0.41,0.37,2026-07-08,1034,N,VIIRS,n,2.0NRT,282.91,2.12,N
50.01888,-121.48457,354.7,0.41,0.37,2026-07-08,1034,N,VIIRS,n,2.0NRT,304.84,14.05,N
50.01891,-121.37645,312.34,0.41,0.37,2026-07-08,1034,N,VIIRS,n,2.0NRT,285.34,3.08,N
50.01957,-121.43754,324.68,0.41,0.37,2026-07-08,1034,N,VIIRS,n,2.0NRT,285.9,2.6,N
50.01968,-121.45013,336.51,0.41,0.37,2026-07-08,1034,N,VIIRS,n,2.0NRT,289.57,4.06,N
50.01974,-121.40009,339.06,0.41,0.37,2026-07-08,1034,N,VIIRS,n,2.0NRT,291.9,5.85,N
50.01987,-121.41988,308.73,0.41,0.37,2026-07-08,1034,N,VIIRS,n,2.0NRT,280.19,1.83,N
50.0199,-121.49007,352.46,0.41,0.37,2026-07-08,1034,N,VIIRS,n,2.0NRT,299.44,14.05,N
50.01996,-121.38201,324.18,0.41,0.37,2026-07-08,1034,N,VIIRS,n,2.0NRT,287.99,6.14,N
50.02023,-121.47247,335.34,0.41,0.37,2026-07-08,1034,N,VIIRS,n,2.0NRT,288.64,7.51,N
50.02064,-121.45532,324.41,0.41,0.37,2026-07-08,1034,N,VIIRS,n,2.0NRT,288.37,4.06,N
50.02091,-121.40627,307.78,0.41,0.37,2026-07-08,1034,N,VIIRS,n,2.0NRT,283.22,3.6,N
50.02095,-121.49577,315.07,0.41,0.37,2026-07-08,1034,N,VIIRS,n,2.0NRT,285.98,15.92,N
50.02098,-121.43777,321.43,0.41,0.37,2026-07-08,1034,N,VIIRS,n,2.0NRT,285.59,2.12,N
50.02161,-121.4605,330.15,0.41,0.37,2026-07-08,1034,N,VIIRS,n,2.0NRT,287.18,6.0,N
50.02161,-121.44847,333.45,0.41,0.37,2026-07-08,1034,N,VIIRS,n,2.0NRT,286.57,2.47,N
50.02201,-121.44328,305.87,0.41,0.37,2026-07-08,1034,N,VIIRS,n,2.0NRT,281.73,2.12,N
50.02225,-121.48328,332.91,0.41,0.37,2026-07-08,1034,N,VIIRS,n,2.0NRT,290.69,14.05,N
50.0223,-121.37519,331.97,0.41,0.37,2026-07-08,1034,N,VIIRS,n,2.0NRT,289.03,3.64,N
50.0226,-121.45374,329.21,0.41,0.37,2026-07-08,1034,N,VIIRS,n,2.0NRT,289.54,6.83,N
50.02291,-121.43609,321.2,0.41,0.37,2026-07-08,1034,N,VIIRS,n,2.0NRT,284.93,2.6,N
50.02301,-121.44866,332.02,0.41,0.37,2026-07-08,1034,N,VIIRS,n,2.0NRT,286.8,4.06,N
50.02311,-121.39876,338.25,0.41,0.37,2026-07-08,1034,N,VIIRS,n,2.0NRT,292.46,5.85,N
50.02322,-121.41847,309.67,0.41,0.37,2026-07-08,1034,N,VIIRS,n,2.0NRT,280.28,2.0,N
50.02325,-121.48871,356.39,0.41,0.37,2026-07-08,1034,N,VIIRS,n,2.0NRT,304.06,14.05,N
50.02335,-121.38078,343.33,0.41,0.37,2026-07-08,1034,N,VIIRS,n,2.0NRT,294.69,4.82,N
50.02357,-121.45896,344.23,0.41,0.37,2026-07-08,1034,N,VIIRS,n,2.0NRT,289.86,6.83,N
50.02393,-121.44154,324.7,0.41,0.37,2026-07-08,1034,N,VIIRS,n,2.0NRT,284.5,2.47,N
50.024,-121.45395,335.63,0.41,0.37,2026-07-08,1034,N,VIIRS,n,2.0NRT,290.95,4.06,N
50.02429,-121.4943,333.54,0.41,0.37,2026-07-08,1034,N,VIIRS,n,2.0NRT,296.69,15.92,N
50.02442,-121.38649,322.45,0.41,0.37,2026-07-08,1034,N,VIIRS,n,2.0NRT,286.13,4.82,N
50.02465,-121.36843,306.77,0.41,0.37,2026-07-08,1034,N,VIIRS,n,2.0NRT,281.69,3.64,N
50.02494,-121.44694,303.71,0.41,0.37,2026-07-08,1034,N,VIIRS,n,2.0NRT,282.69,2.47,N
50.02498,-121.45921,331.97,0.41,0.37,2026-07-08,1034,N,VIIRS,n,2.0NRT,288.96,6.0,N
50.02526,-121.42933,311.19,0.41,0.37,2026-07-08,1034,N,VIIRS,n,2.0NRT,281.46,2.07,N
50.02545,-121.39194,307.4,0.41,0.37,2026-07-08,1034,N,VIIRS,n,2.0NRT,283.08,4.05,N
50.02567,-121.37389,338.28,0.41,0.37,2026-07-08,1034,N,VIIRS,n,2.0NRT,292.28,3.64,N
50.02594,-121.45228,335.0,0.41,0.37,2026-07-08,1034,N,VIIRS,n,2.0NRT,291.13,6.83,N
50.02625,-121.43463,322.82,0.41,0.37,2026-07-08,1034,N,VIIRS,n,2.0NRT,284.89,2.07,N
50.02649,-121.39748,347.87,0.41,0.37,2026-07-08,1034,N,VIIRS,n,2.0NRT,293.83,4.05,N
50.02654,-121.41692,313.17,0.41,0.37,2026-07-08,1034,N,VIIRS,n,2.0NRT,280.53,2.0,N
50.02662,-121.48744,313.69,0.41,0.37,2026-07-08,1034,N,VIIRS,n,2.0NRT,287.7,3.85,N
50.02674,-121.37958,333.46,0.41,0.37,2026-07-08,1034,N,VIIRS,n,2.0NRT,291.01,4.82,N
50.02694,-121.4576,345.97,0.41,0.37,2026-07-08,1034,N,VIIRS,n,2.0NRT,293.46,6.83,N
50.02759,-121.40334,313.06,0.41,0.37,2026-07-08,1034,N,VIIRS,n,2.0NRT,283.68,4.34,N
50.0276,-121.42254,324.66,0.41,0.37,2026-07-08,1034,N,VIIRS,n,2.0NRT,282.76,2.0,N
50.02762,-121.49281,328.21,0.41,0.37,2026-07-08,1034,N,VIIRS,n,2.0NRT,306.31,20.56,N
50.02861,-121.42793,326.99,0.41,0.37,2026-07-08,1034,N,VIIRS,n,2.0NRT,283.58,2.07,N
50.02866,-121.49845,296.28,0.41,0.37,2026-07-08,1034,N,VIIRS,n,2.0NRT,284.58,20.56,N
50.02903,-121.37251,314.36,0.41,0.37,2026-07-08,1034,N,VIIRS,n,2.0NRT,284.62,2.93,N
50.02959,-121.49117,309.71,0.41,0.37,2026-07-08,1034,N,VIIRS,n,2.0NRT,285.65,1.09,N
50.02959,-121.43314,313.93,0.41,0.37,2026-07-08,1034,N,VIIRS,n,2.0NRT,283.55,2.07,N
50.02989,-121.3963,323.0,0.41,0.37,2026-07-08,1034,N,VIIRS,n,2.0NRT,286.97,4.05,N
50.03012,-121.37828,314.03,0.41,0.37,2026-07-08,1034,N,VIIRS,n,2.0NRT,284.14,2.5,N
50.03025,-121.45605,336.33,0.41,0.37,2026-07-08,1034,N,VIIRS,n,2.0NRT,292.41,31.81,N
50.03093,-121.42101,312.43,0.41,0.37,2026-07-08,1034,N,VIIRS,n,2.0NRT,281.6,1.48,N
50.03096,-121.40201,343.1,0.41,0.37,2026-07-08,1034,N,VIIRS,n,2.0NRT,292.47,4.34,N
50.03192,-121.42632,303.42,0.41,0.37,2026-07-08,1034,N,VIIRS,n,2.0NRT,281.01,0.72,N
50.03436,-121.40081,328.59,0.41,0.37,2026-07-08,1034,N,VIIRS,n,2.0NRT,288.06,2.37,N
50.03775,-121.39959,302.83,0.41,0.37,2026-07-08,1034,N,VIIRS,n,2.0NRT,280.39,2.37,N
50.04113,-121.39832,301.35,0.41,0.37,2026-07-08,1034,N,VIIRS,n,2.0NRT,277.92,0.83,N
50.04449,-121.39698,298.81,0.41,0.37,2026-07-08,1034,N,VIIRS,n,2.0NRT,278.08,0.83,N
50.04551,-121.40244,301.55,0.41,0.37,2026-07-08,1034,N,VIIRS,n,2.0NRT,279.36,0.83,N
50.05401,-121.33207,300.71,0.41,0.37,2026-07-08,1034,N,VIIRS,n,2.0NRT,278.62,0.99,N
50.05452,-121.39265,300.47,0.41,0.37,2026-07-08,1034,N,VIIRS,n,2.0NRT,277.04,1.11,N
50.05508,-121.33774,303.32,0.41,0.37,2026-07-08,1034,N,VIIRS,n,2.0NRT,277.44,0.99,N
50.05577,-121.37997,303.87,0.41,0.37,2026-07-08,1034,N,VIIRS,n,2.0NRT,277.09,1.22,N
50.05679,-121.38545,311.31,0.41,0.37,2026-07-08,1034,N,VIIRS,n,2.0NRT,278.18,1.22,N
50.05731,-121.33035,319.17,0.41,0.37,2026-07-08,1034,N,VIIRS,n,2.0NRT,281.29,1.22,N
50.05782,-121.391,308.08,0.41,0.37,2026-07-08,1034,N,VIIRS,n,2.0NRT,279.77,1.11,N
50.05838,-121.33603,301.74,0.41,0.37,2026-07-08,1034,N,VIIRS,n,2.0NRT,278.67,1.22,N
50.05909,-121.3784,306.59,0.41,0.37,2026-07-08,1034,N,VIIRS,n,2.0NRT,278.19,1.1,N
50.05926,-121.36005,301.11,0.41,0.37,2026-07-08,1034,N,VIIRS,n,2.0NRT,276.95,1.32,N
50.05944,-121.34168,300.46,0.41,0.37,2026-07-08,1034,N,VIIRS,n,2.0NRT,276.66,0.82,N
50.05959,-121.3232,312.2,0.41,0.37,2026-07-08,1034,N,VIIRS,n,2.0NRT,279.64,2.13,N
50.06009,-121.3838,309.62,0.41,0.37,2026-07-08,1034,N,VIIRS,n,2.0NRT,280.24,1.1,N
50.06047,-121.34721,297.39,0.41,0.37,2026-07-08,1034,N,VIIRS,n,2.0NRT,277.16,0.82,N
50.06061,-121.32865,310.35,0.41,0.37,2026-07-08,1034,N,VIIRS,n,2.0NRT,280.56,1.22,N
50.06084,-121.31061,312.78,0.41,0.37,2026-07-08,1034,N,VIIRS,n,2.0NRT,279.24,1.76,N
50.06142,-121.37156,298.42,0.41,0.37,2026-07-08,1034,N,VIIRS,n,2.0NRT,276.95,1.02,N
50.0615,-121.35271,307.88,0.41,0.37,2026-07-08,1034,N,VIIRS,n,2.0NRT,277.4,1.1,N
50.06167,-121.3343,296.77,0.41,0.37,2026-07-08,1034,N,VIIRS,n,2.0NRT,279.41,1.22,N
50.0619,-121.31619,319.11,0.41,0.37,2026-07-08,1034,N,VIIRS,n,2.0NRT,279.1,1.82,N
50.06242,-121.37693,307.94,0.41,0.37,2026-07-08,1034,N,VIIRS,n,2.0NRT,279.53,1.1,N
50.06258,-121.35843,303.67,0.41,0.37,2026-07-08,1034,N,VIIRS,n,2.0NRT,278.5,1.1,N
50.06274,-121.34,304.54,0.41,0.37,2026-07-08,1034,N,VIIRS,n,2.0NRT,277.56,0.82,N
50.06291,-121.32162,315.99,0.41,0.37,2026-07-08,1034,N,VIIRS,n,2.0NRT,281.19,1.82,N
50.06342,-121.38227,308.87,0.41,0.37,2026-07-08,1034,N,VIIRS,n,2.0NRT,280.35,1.1,N
50.06377,-121.34551,306.45,0.41,0.37,2026-07-08,1034,N,VIIRS,n,2.0NRT,277.51,0.82,N
50.06417,-121.30898,320.13,0.41,0.37,2026-07-08,1034,N,VIIRS,n,2.0NRT,280.71,1.76,N
50.06481,-121.35106,311.67,0.41,0.37,2026-07-08,1034,N,VIIRS,n,2.0NRT,278.46,1.1,N
50.06522,-121.31462,312.71,0.41,0.37,2026-07-08,1034,N,VIIRS,n,2.0NRT,279.25,1.82,N
50.06588,-121.3568,309.15,0.41,0.37,2026-07-08,1034,N,VIIRS,n,2.0NRT,278.52,1.1,N
50.06603,-121.33826,312.79,0.41,0.37,2026-07-08,1034,N,VIIRS,n,2.0NRT,278.71,1.16,N
50.06623,-121.32005,309.3,0.41,0.37,2026-07-08,1034,N,VIIRS,n,2.0NRT,280.71,1.82,N
50.06639,-121.30155,311.86,0.41,0.37,2026-07-08,1034,N,VIIRS,n,2.0NRT,280.55,1.73,N
50.06699,-121.36272,295.75,0.41,0.37,2026-07-08,1034,N,VIIRS,n,2.0NRT,277.98,0.64,N
50.06706,-121.34377,309.58,0.41,0.37,2026-07-08,1034,N,VIIRS,n,2.0NRT,278.56,1.16,N
50.06725,-121.32545,328.52,0.41,0.37,2026-07-08,1034,N,VIIRS,n,2.0NRT,282.91,2.39,N
50.06748,-121.30736,317.3,0.41,0.37,2026-07-08,1034,N,VIIRS,n,2.0NRT,280.4,1.73,N
50.0681,-121.34932,297.42,0.41,0.37,2026-07-08,1034,N,VIIRS,n,2.0NRT,278.71,1.17,N
50.06827,-121.33091,302.05,0.41,0.37,2026-07-08,1034,N,VIIRS,n,2.0NRT,280.3,2.39,N
50.06855,-121.31305,320.3,0.41,0.37,2026-07-08,1034,N,VIIRS,n,2.0NRT,281.04,1.74,N
50.06862,-121.29411,297.39,0.41,0.37,2026-07-08,1034,N,VIIRS,n,2.0NRT,280.23,0.73,N
50.06918,-121.3551,312.15,0.41,0.37,2026-07-08,1034,N,VIIRS,n,2.0NRT,280.41,1.17,N
50.06933,-121.33653,305.61,0.41,0.37,2026-07-08,1034,N,VIIRS,n,2.0NRT,279.6,1.16,N
50.06957,-121.3185,324.73,0.41,0.37,2026-07-08,1034,N,VIIRS,n,2.0NRT,282.09,1.74,N
50.0697,-121.29988,315.97,0.41,0.37,2026-07-08,1034,N,VIIRS,n,2.0NRT,281.51,1.73,N
50.0703,-121.36107,295.37,0.41,0.37,2026-07-08,1034,N,VIIRS,n,2.0NRT,278.54,1.28,N
50.07035,-121.34201,300.58,0.41,0.37,2026-07-08,1034,N,VIIRS,n,2.0NRT,280.65,1.16,N
50.07058,-121.32388,309.69,0.41,0.37,2026-07-08,1034,N,VIIRS,n,2.0NRT,281.42,0.98,N
50.07079,-121.30568,312.63,0.41,0.37,2026-07-08,1034,N,VIIRS,n,2.0NRT,281.04,1.73,N
50.0714,-121.34761,305.27,0.41,0.37,2026-07-08,1034,N,VIIRS,n,2.0NRT,280.95,1.17,N
50.07159,-121.32931,297.72,0.41,0.37,2026-07-08,1034,N,VIIRS,n,2.0NRT,280.24,0.98,N
50.07186,-121.3114,312.39,0.41,0.37,2026-07-08,1034,N,VIIRS,n,2.0NRT,280.24,1.74,N
50.07193,-121.29244,315.56,0.41,0.37,2026-07-08,1034,N,VIIRS,n,2.0NRT,283.37,1.82,N
50.07249,-121.35343,313.5,0.41,0.37,2026-07-08,1034,N,VIIRS,n,2.0NRT,281.81,1.17,N
50.07288,-121.31686,301.34,0.41,0.37,2026-07-08,1034,N,VIIRS,n,2.0NRT,280.52,1.74,N
50.07301,-121.29816,324.77,0.41,0.37,2026-07-08,1034,N,VIIRS,n,2.0NRT,283.61,2.13,N
50.07361,-121.35943,315.17,0.41,0.37,2026-07-08,1034,N,VIIRS,n,2.0NRT,280.19,1.28,N
50.0739,-121.32229,303.5,0.41,0.37,2026-07-08,1034,N,VIIRS,n,2.0NRT,280.93,0.98,N
50.07408,-121.30392,309.68,0.41,0.37,2026-07-08,1034,N,VIIRS,n,2.0NRT,282.23,2.13,N
50.07418,-121.2851,301.86,0.41,0.37,2026-07-08,1034,N,VIIRS,n,2.0NRT,282.37,1.82,N
50.0747,-121.34589,301.66,0.41,0.37,2026-07-08,1034,N,VIIRS,n,2.0NRT,282.18,1.88,N
50.07491,-121.3277,297.04,0.41,0.37,2026-07-08,1034,N,VIIRS,n,2.0NRT,278.88,0.98,N
50.07514,-121.30959,311.72,0.41,0.37,2026-07-08,1034,N,VIIRS,n,2.0NRT,281.35,1.4,N
50.07524,-121.29079,321.13,0.41,0.37,2026-07-08,1034,N,VIIRS,n,2.0NRT,286.23,1.82,N
50.0758,-121.35178,332.28,0.41,0.37,2026-07-08,1034,N,VIIRS,n,2.0NRT,283.0,1.88,N
50.07594,-121.33319,311.52,0.41,0.37,2026-07-08,1034,N,VIIRS,n,2.0NRT,282.48,2.39,N
50.07618,-121.31516,306.23,0.41,0.37,2026-07-08,1034,N,VIIRS,n,2.0NRT,281.01,1.4,N
50.07631,-121.29647,313.19,0.41,0.37,2026-07-08,1034,N,VIIRS,n,2.0NRT,284.19,2.13,N
50.07692,-121.35779,344.25,0.41,0.37,2026-07-08,1034,N,VIIRS,n,2.0NRT,283.84,6.26,N
50.07697,-121.33867,317.12,0.41,0.37,2026-07-08,1034,N,VIIRS,n,2.0NRT,284.61,2.39,N
50.07721,-121.32065,300.41,0.41,0.37,2026-07-08,1034,N,VIIRS,n,2.0NRT,279.73,1.56,N
50.07801,-121.34424,301.89,0.41,0.37,2026-07-08,1034,N,VIIRS,n,2.0NRT,282.59,1.88,N
50.0791,-121.35008,316.34,0.41,0.37,2026-07-08,1034,N,VIIRS,n,2.0NRT,282.19,1.88,N
50.07927,-121.3316,309.56,0.41,0.37,2026-07-08,1034,N,VIIRS,n,2.0NRT,283.28,1.63,N
50.08022,-121.35611,336.33,0.41,0.37,2026-07-08,1034,N,VIIRS,n,2.0NRT,282.53,6.26,N
50.08054,-121.31911,321.91,0.41,0.37,2026-07-08,1034,N,VIIRS,n,2.0NRT,282.42,1.56,N
50.08158,-121.32464,297.55,0.41,0.37,2026-07-08,1034,N,VIIRS,n,2.0NRT,280.54,1.56,N
50.08194,-121.28782,295.14,0.41,0.37,2026-07-08,1034,N,VIIRS,n,2.0NRT,281.98,1.22,N
50.08261,-121.33015,308.67,0.41,0.37,2026-07-08,1034,N,VIIRS,n,2.0NRT,280.63,1.63,N
50.08302,-121.29362,324.53,0.41,0.37,2026-07-08,1034,N,VIIRS,n,2.0NRT,284.42,3.43,N
50.0839,-121.31768,319.82,0.41,0.37,2026-07-08,1034,N,VIIRS,n,2.0NRT,284.87,5.1,N
50.08421,-121.28064,303.03,0.41,0.37,2026-07-08,1034,N,VIIRS,n,2.0NRT,281.9,1.75,N
50.08494,-121.32324,347.95,0.41,0.37,2026-07-08,1034,N,VIIRS,n,2.0NRT,290.11,5.1,N
50.08531,-121.28652,313.75,0.41,0.37,2026-07-08,1034,N,VIIRS,n,2.0NRT,284.34,1.75,N
50.08597,-121.32876,331.23,0.41,0.37,2026-07-08,1034,N,VIIRS,n,2.0NRT,282.2,3.6,N
50.0862,-121.31069,309.82,0.41,0.37,2026-07-08,1034,N,VIIRS,n,2.0NRT,283.2,2.51,N
50.08644,-121.27315,300.66,0.42,0.37,2026-07-08,1034,N,VIIRS,n,2.0NRT,281.36,0.87,N
50.08726,-121.31633,307.47,0.41,0.37,2026-07-08,1034,N,VIIRS,n,2.0NRT,282.63,5.1,N
50.08755,-121.27909,329.39,0.41,0.37,2026-07-08,1034,N,VIIRS,n,2.0NRT,285.61,1.75,N
50.08831,-121.32191,334.01,0.41,0.37,2026-07-08,1034,N,VIIRS,n,2.0NRT,285.05,5.1,N
50.08852,-121.30373,296.8,0.41,0.37,2026-07-08,1034,N,VIIRS,n,2.0NRT,280.64,1.24,N
50.08868,-121.28517,295.16,0.41,0.37,2026-07-08,1034,N,VIIRS,n,2.0NRT,280.77,1.75,N
50.08934,-121.32744,304.83,0.41,0.37,2026-07-08,1034,N,VIIRS,n,2.0NRT,279.91,3.6,N
50.08958,-121.30942,298.85,0.41,0.37,2026-07-08,1034,N,VIIRS,n,2.0NRT,280.25,1.24,N
50.08978,-121.27164,328.68,0.42,0.37,2026-07-08,1034,N,VIIRS,n,2.0NRT,284.66,3.78,N
50.09089,-121.27763,310.16,0.41,0.37,2026-07-08,1034,N,VIIRS,n,2.0NRT,283.08,1.99,N
50.09424,-121.27617,297.19,0.41,0.37,2026-07-08,1034,N,VIIRS,n,2.0NRT,281.52,1.99,N
50.0976,-121.27475,298.77,0.41,0.37,2026-07-08,1034,N,VIIRS,n,2.0NRT,281.47,0.71,N
49.8841,-121.47134,348.54,0.43,0.46,2026-07-08,2021,N,VIIRS,n,2.0NRT,304.76,32.9,D
49.88511,-121.46717,339.2,0.43,0.46,2026-07-08,2021,N,VIIRS,n,2.0NRT,296.26,32.9,D
49.88614,-121.46295,367.0,0.43,0.46,2026-07-08,2021,N,VIIRS,h,2.0NRT,300.55,12.03,D
49.88715,-121.45878,367.0,0.43,0.46,2026-07-08,2021,N,VIIRS,h,2.0NRT,303.49,12.03,D
49.89133,-121.46045,327.77,0.43,0.46,2026-07-08,2021,N,VIIRS,n,2.0NRT,297.89,2.11,D
49.89225,-121.49438,342.04,0.43,0.46,2026-07-08,2021,N,VIIRS,n,2.0NRT,295.81,16.27,D
49.92428,-121.51353,326.94,0.43,0.46,2026-07-08,2021,N,VIIRS,n,2.0NRT,293.85,3.61,D
49.92547,-121.50861,326.66,0.43,0.46,2026-07-08,2021,N,VIIRS,l,2.0NRT,298.49,3.61,D
49.92988,-121.5283,326.29,0.43,0.46,2026-07-08,2021,N,VIIRS,n,2.0NRT,290.34,9.76,D
49.93249,-121.53091,333.03,0.43,0.46,2026-07-08,2021,N,VIIRS,n,2.0NRT,293.84,8.1,D
49.93271,-121.44063,354.65,0.43,0.46,2026-07-08,2021,N,VIIRS,n,2.0NRT,301.21,15.22,D
49.93378,-121.5256,346.12,0.43,0.46,2026-07-08,2021,N,VIIRS,n,2.0NRT,300.65,23.13,D
49.93416,-121.52954,338.89,0.43,0.46,2026-07-08,2021,N,VIIRS,n,2.0NRT,300.36,9.76,D
49.93491,-121.45049,341.56,0.43,0.46,2026-07-08,2021,N,VIIRS,n,2.0NRT,296.05,15.22,D
49.93536,-121.52457,335.05,0.43,0.46,2026-07-08,2021,N,VIIRS,n,2.0NRT,292.38,9.76,D
49.93682,-121.4425,367.0,0.43,0.46,2026-07-08,2021,N,VIIRS,h,2.0NRT,298.58,15.22,D
49.93877,-121.4154,344.61,0.43,0.46,2026-07-08,2021,N,VIIRS,n,2.0NRT,299.04,9.21,D
49.93969,-121.43054,325.84,0.43,0.46,2026-07-08,2021,N,VIIRS,n,2.0NRT,282.6,11.78,D
49.9403,-121.40902,367.0,0.43,0.46,2026-07-08,2021,N,VIIRS,h,2.0NRT,299.13,21.03,D
49.94221,-121.43906,326.94,0.43,0.46,2026-07-08,2021,N,VIIRS,n,2.0NRT,286.71,5.42,D
49.94261,-121.41841,350.28,0.43,0.46,2026-07-08,2021,N,VIIRS,n,2.0NRT,295.83,9.21,D
49.94377,-121.39452,339.33,0.43,0.46,2026-07-08,2021,N,VIIRS,n,2.0NRT,294.43,9.34,D
49.94493,-121.42773,334.48,0.43,0.46,2026-07-08,2021,N,VIIRS,n,2.0NRT,291.58,4.22,D
49.9453,-121.38813,348.87,0.43,0.46,2026-07-08,2021,N,VIIRS,n,2.0NRT,297.54,9.34,D
49.94574,-121.40534,355.56,0.43,0.46,2026-07-08,2021,N,VIIRS,n,2.0NRT,298.06,21.03,D
49.94638,-121.42171,335.0,0.43,0.46,2026-07-08,2021,N,VIIRS,n,2.0NRT,294.56,4.22,D
49.94748,-121.39806,342.0,0.43,0.46,2026-07-08,2021,N,VIIRS,n,2.0NRT,297.17,9.34,D
49.95094,-121.36462,342.13,0.43,0.46,2026-07-08,2021,N,VIIRS,n,2.0NRT,301.08,11.9,D
49.95132,-121.34405,328.84,0.43,0.46,2026-07-08,2021,N,VIIRS,n,2.0NRT,294.4,34.58,D
49.9522,-121.35936,367.0,0.43,0.46,2026-07-08,2021,N,VIIRS,h,2.0NRT,296.78,13.14,D
49.95278,-121.33795,352.99,0.43,0.46,2026-07-08,2021,N,VIIRS,n,2.0NRT,304.34,34.58,D
49.95358,-121.35361,336.52,0.43,0.46,2026-07-08,2021,N,VIIRS,n,2.0NRT,291.54,13.14,D
49.9566,-121.341,352.09,0.43,0.46,2026-07-08,2021,N,VIIRS,n,2.0NRT,287.36,89.82,D
49.9593,-121.32969,334.08,0.43,0.46,2026-07-08,2021,N,VIIRS,n,2.0NRT,293.12,11.28,D
49.96,-121.30779,325.95,0.43,0.46,2026-07-08,2021,N,VIIRS,n,2.0NRT,289.41,3.14,D
49.96236,-121.31692,343.62,0.43,0.46,2026-07-08,2021,N,VIIRS,n,2.0NRT,296.64,57.71,D
49.9641,-121.30962,349.42,0.43,0.46,2026-07-08,2021,N,VIIRS,n,2.0NRT,299.74,79.52,D
49.97033,-121.48859,327.94,0.43,0.46,2026-07-08,2021,N,VIIRS,l,2.0NRT,298.82,2.58,D
49.97436,-121.49087,336.9,0.43,0.46,2026-07-08,2021,N,VIIRS,n,2.0NRT,301.13,2.58,D
49.97644,-121.51994,330.01,0.43,0.46,2026-07-08,2021,N,VIIRS,n,2.0NRT,298.66,4.53,D
49.97741,-121.3288,332.41,0.43,0.46,2026-07-08,2021,N,VIIRS,n,2.0NRT,296.58,2.84,D
49.97816,-121.34435,336.77,0.43,0.46,2026-07-08,2021,N,VIIRS,n,2.0NRT,303.45,7.95,D
49.97837,-121.4932,331.21,0.43,0.46,2026-07-08,2021,N,VIIRS,n,2.0NRT,301.06,4.16,D
49.97886,-121.32285,328.83,0.43,0.46,2026-07-08,2021,N,VIIRS,n,2.0NRT,288.04,2.84,D
49.98142,-121.331,333.27,0.43,0.46,2026-07-08,2021,N,VIIRS,n,2.0NRT,297.3,7.34,D
49.98245,-121.49524,343.86,0.43,0.46,2026-07-08,2021,N,VIIRS,n,2.0NRT,303.39,4.16,D
49.99706,-121.47279,331.21,0.43,0.46,2026-07-08,2021,N,VIIRS,l,2.0NRT,303.92,9.93,D
49.99997,-121.49849,331.2,0.43,0.46,2026-07-08,2021,N,VIIRS,n,2.0NRT,298.55,5.56,D
50.00229,-121.5078,327.77,0.43,0.46,2026-07-08,2021,N,VIIRS,n,2.0NRT,297.26,2.87,D
50.004,-121.50075,343.67,0.43,0.46,2026-07-08,2021,N,VIIRS,n,2.0NRT,300.46,5.81,D
50.0081,-121.50272,332.83,0.43,0.46,2026-07-08,2021,N,VIIRS,n,2.0NRT,295.05,5.81,D
50.0114,-121.48908,329.9,0.43,0.46,2026-07-08,2021,N,VIIRS,l,2.0NRT,301.02,5.21,D
50.01195,-121.39252,327.39,0.43,0.46,2026-07-08,2021,N,VIIRS,l,2.0NRT,300.74,4.25,D
50.01298,-121.48251,333.09,0.43,0.46,2026-07-08,2021,N,VIIRS,n,2.0NRT,300.66,5.21,D
50.01606,-121.39437,326.68,0.43,0.46,2026-07-08,2021,N,VIIRS,l,2.0NRT,300.85,4.25,D
50.01702,-121.48471,326.57,0.43,0.46,2026-07-08,2021,N,VIIRS,l,2.0NRT,297.23,4.18,D
50.02036,-121.39537,338.15,0.43,0.46,2026-07-08,2021,N,VIIRS,n,2.0NRT,303.05,4.41,D
50.02108,-121.4868,330.75,0.43,0.46,2026-07-08,2021,N,VIIRS,n,2.0NRT,296.19,4.18,D
50.02355,-121.38216,340.58,0.43,0.46,2026-07-08,2021,N,VIIRS,n,2.0NRT,306.22,4.76,D
50.02371,-121.49484,328.46,0.43,0.46,2026-07-08,2021,N,VIIRS,n,2.0NRT,295.2,12.55,D
50.02458,-121.39671,328.42,0.43,0.46,2026-07-08,2021,N,VIIRS,l,2.0NRT,299.27,4.41,D
50.02504,-121.37596,334.44,0.43,0.46,2026-07-08,2021,N,VIIRS,n,2.0NRT,299.28,4.76,D
50.02517,-121.48881,347.72,0.43,0.46,2026-07-08,2021,N,VIIRS,n,2.0NRT,304.86,12.55,D
50.02625,-121.38981,328.69,0.43,0.46,2026-07-08,2021,N,VIIRS,l,2.0NRT,298.84,4.41,D
50.02656,-121.36966,329.01,0.43,0.46,2026-07-08,2021,N,VIIRS,l,2.0NRT,299.94,7.61,D
50.02877,-121.39821,334.31,0.43,0.46,2026-07-08,2021,N,VIIRS,n,2.0NRT,298.57,5.56,D
50.02922,-121.37747,325.67,0.43,0.46,2026-07-08,2021,N,VIIRS,l,2.0NRT,297.93,4.76,D
50.03309,-121.39912,331.02,0.43,0.46,2026-07-08,2021,N,VIIRS,n,2.0NRT,296.51,5.56,D
50.06992,-121.32121,326.07,0.42,0.45,2026-07-08,2021,N,VIIRS,l,2.0NRT,299.02,4.32,D
50.07245,-121.29172,325.25,0.42,0.45,2026-07-08,2021,N,VIIRS,l,2.0NRT,297.71,5.97,D
50.07501,-121.35673,344.95,0.42,0.46,2026-07-08,2021,N,VIIRS,n,2.0NRT,297.47,3.91,D
50.07615,-121.35197,326.97,0.42,0.46,2026-07-08,2021,N,VIIRS,n,2.0NRT,295.69,3.91,D
50.07732,-121.34708,335.6,0.42,0.46,2026-07-08,2021,N,VIIRS,n,2.0NRT,293.64,4.31,D
50.08017,-121.3541,334.5,0.42,0.46,2026-07-08,2021,N,VIIRS,n,2.0NRT,288.75,3.91,D
50.08033,-121.31548,345.27,0.42,0.45,2026-07-08,2021,N,VIIRS,n,2.0NRT,293.24,8.24,D
50.0813,-121.34942,335.78,0.42,0.46,2026-07-08,2021,N,VIIRS,n,2.0NRT,285.9,4.31,D
50.08173,-121.2907,330.86,0.42,0.45,2026-07-08,2021,N,VIIRS,n,2.0NRT,294.39,3.7,D
50.08291,-121.32364,346.29,0.42,0.45,2026-07-08,2021,N,VIIRS,n,2.0NRT,293.98,17.45,D
50.08436,-121.31754,334.83,0.42,0.45,2026-07-08,2021,N,VIIRS,n,2.0NRT,296.54,17.45,D
50.08556,-121.27464,347.1,0.42,0.45,2026-07-08,2021,N,VIIRS,n,2.0NRT,294.3,7.48,D
50.08692,-121.32576,340.91,0.42,0.45,2026-07-08,2021,N,VIIRS,n,2.0NRT,294.44,17.45,D
50.08844,-121.31937,346.07,0.42,0.45,2026-07-08,2021,N,VIIRS,n,2.0NRT,300.22,17.45,D
50.08878,-121.32163,353.84,0.42,0.45,2026-07-08,2021,N,VIIRS,n,2.0NRT,300.58,54.92,D
50.09085,-121.27136,335.75,0.42,0.45,2026-07-08,2021,N,VIIRS,n,2.0NRT,291.16,7.48,D
50.09211,-121.26608,345.8,0.42,0.45,2026-07-08,2021,N,VIIRS,n,2.0NRT,292.55,8.94,D
50.09621,-121.26777,333.15,0.42,0.45,2026-07-08,2021,N,VIIRS,n,2.0NRT,288.8,3.91,D
49.93066,-121.44538,344.78,0.45,0.63,2026-07-08,2201,N,VIIRS,n,2.0NRT,294.28,14.87,D
49.93073,-121.44115,367.0,0.45,0.63,2026-07-08,2201,N,VIIRS,h,2.0NRT,307.71,22.29,D
49.9308,-121.43678,327.37,0.45,0.63,2026-07-08,2201,N,VIIRS,n,2.0NRT,293.12,22.29,D
49.93636,-121.46005,329.98,0.45,0.63,2026-07-08,2201,N,VIIRS,n,2.0NRT,294.52,5.69,D
49.93649,-121.45181,350.07,0.45,0.63,2026-07-08,2201,N,VIIRS,n,2.0NRT,297.45,104.8,D
49.93663,-121.44322,348.61,0.45,0.63,2026-07-08,2201,N,VIIRS,n,2.0NRT,305.32,58.59,D
49.93671,-121.43802,367.0,0.45,0.63,2026-07-08,2201,N,VIIRS,h,2.0NRT,298.76,58.59,D
49.9368,-121.43204,327.16,0.45,0.63,2026-07-08,2201,N,VIIRS,n,2.0NRT,291.79,9.88,D
49.93707,-121.41505,367.0,0.46,0.63,2026-07-08,2201,N,VIIRS,h,2.0NRT,296.97,24.79,D
49.93715,-121.40968,327.43,0.46,0.63,2026-07-08,2201,N,VIIRS,n,2.0NRT,290.3,21.65,D
49.94266,-121.4371,331.86,0.45,0.63,2026-07-08,2201,N,VIIRS,n,2.0NRT,291.47,58.59,D
49.94276,-121.43061,349.82,0.45,0.63,2026-07-08,2201,N,VIIRS,n,2.0NRT,292.98,9.88,D
49.94285,-121.42496,336.87,0.46,0.63,2026-07-08,2201,N,VIIRS,n,2.0NRT,292.19,9.88,D
49.94293,-121.41953,367.0,0.46,0.63,2026-07-08,2201,N,VIIRS,h,2.0NRT,298.98,24.79,D
49.94302,-121.41405,367.0,0.46,0.63,2026-07-08,2201,N,VIIRS,h,2.0NRT,296.82,24.79,D
49.9431,-121.409,367.0,0.46,0.63,2026-07-08,2201,N,VIIRS,h,2.0NRT,296.51,21.65,D
49.94317,-121.40456,367.0,0.46,0.63,2026-07-08,2201,N,VIIRS,h,2.0NRT,296.27,21.65,D
49.94323,-121.40026,352.0,0.46,0.63,2026-07-08,2201,N,VIIRS,n,2.0NRT,303.49,38.47,D
49.9433,-121.39587,367.0,0.46,0.63,2026-07-08,2201,N,VIIRS,h,2.0NRT,294.22,38.47,D
49.94338,-121.39093,357.13,0.46,0.63,2026-07-08,2201,N,VIIRS,n,2.0NRT,292.98,12.93,D
49.94346,-121.38582,355.04,0.46,0.63,2026-07-08,2201,N,VIIRS,n,2.0NRT,292.91,12.93,D
49.94968,-121.36793,325.97,0.46,0.63,2026-07-08,2201,N,VIIRS,n,2.0NRT,294.24,20.76,D
49.94981,-121.36045,356.3,0.46,0.63,2026-07-08,2201,N,VIIRS,n,2.0NRT,300.89,20.76,D
49.9499,-121.35431,367.0,0.46,0.63,2026-07-08,2201,N,VIIRS,h,2.0NRT,295.87,27.32,D
49.94998,-121.34878,353.73,0.46,0.63,2026-07-08,2201,N,VIIRS,n,2.0NRT,297.6,27.32,D
49.95007,-121.34305,367.0,0.46,0.64,2026-07-08,2201,N,VIIRS,h,2.0NRT,305.06,17.63,D
49.95017,-121.33678,336.48,0.46,0.64,2026-07-08,2201,N,VIIRS,n,2.0NRT,293.87,17.63,D
49.95588,-121.35236,367.0,0.46,0.63,2026-07-08,2201,N,VIIRS,h,2.0NRT,297.97,27.32,D
49.95597,-121.34721,339.12,0.46,0.63,2026-07-08,2201,N,VIIRS,n,2.0NRT,291.92,27.32,D
49.95604,-121.34208,332.98,0.46,0.64,2026-07-08,2201,N,VIIRS,n,2.0NRT,291.22,17.63,D
49.95612,-121.33686,348.78,0.46,0.64,2026-07-08,2201,N,VIIRS,n,2.0NRT,291.42,17.63,D
49.95622,-121.33055,327.71,0.46,0.64,2026-07-08,2201,N,VIIRS,n,2.0NRT,288.47,11.42,D
49.96178,-121.35621,331.24,0.46,0.63,2026-07-08,2201,N,VIIRS,n,2.0NRT,297.23,6.98,D
49.96238,-121.31815,357.01,0.46,0.64,2026-07-08,2201,N,VIIRS,n,2.0NRT,301.95,54.21,D
49.96245,-121.31351,354.31,0.46,0.64,2026-07-08,2201,N,VIIRS,n,2.0NRT,304.59,54.21,D
49.96252,-121.30878,350.49,0.46,0.64,2026-07-08,2201,N,VIIRS,n,2.0NRT,308.34,68.28,D
49.9626,-121.30359,367.0,0.46,0.64,2026-07-08,2201,N,VIIRS,h,2.0NRT,297.48,68.28,D
49.97136,-121.49352,337.63,0.45,0.63,2026-07-08,2201,N,VIIRS,n,2.0NRT,295.31,4.24,D
49.97145,-121.48792,345.03,0.45,0.63,2026-07-08,2201,N,VIIRS,n,2.0NRT,297.04,13.8,D
49.97413,-121.49368,367.0,0.45,0.63,2026-07-08,2201,N,VIIRS,h,2.0NRT,297.44,6.6,D
49.97421,-121.48812,331.82,0.45,0.63,2026-07-08,2201,N,VIIRS,n,2.0NRT,296.3,6.6,D
49.97685,-121.5172,337.57,0.45,0.63,2026-07-08,2201,N,VIIRS,n,2.0NRT,295.43,4.81,D
49.97726,-121.49408,338.33,0.45,0.63,2026-07-08,2201,N,VIIRS,n,2.0NRT,295.95,4.24,D
49.98005,-121.49445,335.96,0.45,0.63,2026-07-08,2201,N,VIIRS,n,2.0NRT,296.65,10.73,D
49.98025,-121.31895,326.0,0.46,0.64,2026-07-08,2201,N,VIIRS,n,2.0NRT,293.79,3.64,D
49.98307,-121.50043,326.91,0.45,0.63,2026-07-08,2201,N,VIIRS,n,2.0NRT,297.06,5.55,D
49.98316,-121.49542,367.0,0.45,0.63,2026-07-08,2201,N,VIIRS,h,2.0NRT,302.9,5.55,D
49.98588,-121.50089,339.44,0.45,0.63,2026-07-08,2201,N,VIIRS,n,2.0NRT,297.43,7.34,D
49.98595,-121.49599,367.0,0.45,0.63,2026-07-08,2201,N,VIIRS,h,2.0NRT,302.89,10.73,D
49.98897,-121.5013,325.07,0.45,0.63,2026-07-08,2201,N,VIIRS,n,2.0NRT,295.56,5.55,D
49.98905,-121.49679,352.21,0.45,0.63,2026-07-08,2201,N,VIIRS,n,2.0NRT,298.36,5.55,D
49.99542,-121.47202,327.27,0.45,0.63,2026-07-08,2201,N,VIIRS,l,2.0NRT,299.36,6.19,D
50.0008,-121.5021,367.0,0.45,0.63,2026-07-08,2201,N,VIIRS,h,2.0NRT,303.15,10.38,D
49.99771,-121.50158,351.93,0.45,0.63,2026-07-08,2203,N,VIIRS,n,2.0NRT,300.08,4.85,D
50.00362,-121.50262,367.0,0.45,0.63,2026-07-08,2203,N,VIIRS,h,2.0NRT,303.02,6.73,D
50.0058,-121.34533,328.95,0.46,0.64,2026-07-08,2203,N,VIIRS,n,2.0NRT,295.63,5.79,D
50.01152,-121.36276,328.11,0.46,0.63,2026-07-08,2203,N,VIIRS,n,2.0NRT,296.66,5.04,D
50.0116,-121.3569,331.89,0.46,0.63,2026-07-08,2203,N,VIIRS,n,2.0NRT,297.9,5.04,D
50.01168,-121.35165,325.92,0.46,0.64,2026-07-08,2203,N,VIIRS,l,2.0NRT,296.31,5.79,D
50.01573,-121.48475,327.84,0.45,0.63,2026-07-08,2203,N,VIIRS,n,2.0NRT,295.57,3.57,D
50.01588,-121.47445,367.0,0.45,0.63,2026-07-08,2203,N,VIIRS,h,2.0NRT,300.77,15.05,D
50.02163,-121.48611,326.75,0.45,0.63,2026-07-08,2203,N,VIIRS,n,2.0NRT,295.24,3.57,D
50.02171,-121.48103,367.0,0.45,0.63,2026-07-08,2203,N,VIIRS,h,2.0NRT,294.61,15.05,D
50.02178,-121.47616,367.0,0.45,0.63,2026-07-08,2203,N,VIIRS,h,2.0NRT,293.1,15.05,D
50.02206,-121.45731,367.0,0.45,0.63,2026-07-08,2203,N,VIIRS,h,2.0NRT,292.07,14.31,D
50.02323,-121.37682,331.48,0.46,0.63,2026-07-08,2203,N,VIIRS,n,2.0NRT,295.73,6.09,D
50.02331,-121.37138,333.33,0.46,0.63,2026-07-08,2203,N,VIIRS,n,2.0NRT,294.53,6.09,D
50.02798,-121.45791,356.28,0.45,0.63,2026-07-08,2203,N,VIIRS,n,2.0NRT,291.14,14.9,D
50.02806,-121.45281,367.0,0.45,0.63,2026-07-08,2203,N,VIIRS,h,2.0NRT,291.72,22.05,D
50.02889,-121.3968,328.57,0.46,0.63,2026-07-08,2203,N,VIIRS,n,2.0NRT,293.83,4.71,D
50.07706,-121.35925,325.13,0.46,0.64,2026-07-08,2203,N,VIIRS,n,2.0NRT,285.28,3.69,D
50.07775,-121.31678,351.68,0.46,0.64,2026-07-08,2203,N,VIIRS,n,2.0NRT,291.24,12.56,D
50.08011,-121.32404,340.42,0.46,0.64,2026-07-08,2203,N,VIIRS,n,2.0NRT,289.35,7.48,D
50.08018,-121.31802,350.7,0.46,0.64,2026-07-08,2203,N,VIIRS,n,2.0NRT,290.63,7.48,D
50.08352,-121.3288,341.76,0.46,0.64,2026-07-08,2203,N,VIIRS,n,2.0NRT,288.57,17.7,D
50.08361,-121.32314,367.0,0.46,0.64,2026-07-08,2203,N,VIIRS,h,2.0NRT,300.94,17.7,D
50.08371,-121.31715,336.56,0.46,0.64,2026-07-08,2203,N,VIIRS,n,2.0NRT,289.68,12.56,D
50.08426,-121.28323,338.24,0.46,0.64,2026-07-08,2203,N,VIIRS,n,2.0NRT,288.97,7.73,D
50.08606,-121.32495,357.05,0.46,0.64,2026-07-08,2203,N,VIIRS,n,2.0NRT,300.59,22.15,D
50.08613,-121.31918,367.0,0.46,0.64,2026-07-08,2203,N,VIIRS,h,2.0NRT,291.4,22.15,D
50.08651,-121.28633,367.0,0.46,0.64,2026-07-08,2203,N,VIIRS,h,2.0NRT,291.28,13.31,D
50.08955,-121.32466,357.16,0.46,0.64,2026-07-08,2203,N,VIIRS,l,2.0NRT,286.56,10.05,D
50.08964,-121.31911,328.0,0.46,0.64,2026-07-08,2203,N,VIIRS,n,2.0NRT,285.84,8.65,D
50.09018,-121.28621,347.62,0.46,0.64,2026-07-08,2203,N,VIIRS,n,2.0NRT,287.15,6.13,D
49.88111,-121.46576,348.52,0.39,0.36,2026-07-09,1015,N,VIIRS,n,2.0NRT,285.08,8.03,N
49.88185,-121.47089,348.98,0.39,0.36,2026-07-09,1015,N,VIIRS,n,2.0NRT,285.8,4.58,N
49.88258,-121.47597,312.49,0.39,0.36,2026-07-09,1015,N,VIIRS,n,2.0NRT,281.27,4.58,N
49.8837,-121.45969,345.35,0.39,0.36,2026-07-09,1015,N,VIIRS,n,2.0NRT,286.37,4.33,N
49.88445,-121.46482,333.98,0.39,0.36,2026-07-09,1015,N,VIIRS,n,2.0NRT,285.72,4.33,N
49.88518,-121.46989,296.78,0.39,0.36,2026-07-09,1015,N,VIIRS,n,2.0NRT,281.76,0.67,N
49.88591,-121.47491,299.48,0.39,0.36,2026-07-09,1015,N,VIIRS,n,2.0NRT,281.29,0.67,N
49.88702,-121.45859,301.4,0.39,0.36,2026-07-09,1015,N,VIIRS,n,2.0NRT,283.89,4.33,N
49.89035,-121.4575,317.08,0.39,0.36,2026-07-09,1015,N,VIIRS,n,2.0NRT,283.92,2.11,N
49.93077,-121.5209,299.09,0.39,0.36,2026-07-09,1015,N,VIIRS,n,2.0NRT,279.13,0.8,N
49.93153,-121.52621,311.27,0.39,0.36,2026-07-09,1015,N,VIIRS,n,2.0NRT,278.38,0.8,N
49.93228,-121.53148,298.61,0.39,0.36,2026-07-09,1015,N,VIIRS,n,2.0NRT,277.65,0.95,N
49.93332,-121.44177,330.07,0.39,0.36,2026-07-09,1015,N,VIIRS,n,2.0NRT,281.58,3.96,N
49.93409,-121.51984,296.78,0.39,0.36,2026-07-09,1015,N,VIIRS,n,2.0NRT,279.43,0.57,N
49.93483,-121.52502,300.5,0.39,0.36,2026-07-09,1015,N,VIIRS,n,2.0NRT,280.12,0.57,N
49.93495,-121.45311,300.45,0.39,0.36,2026-07-09,1015,N,VIIRS,n,2.0NRT,279.48,0.41,N
49.93558,-121.53021,295.89,0.39,0.36,2026-07-09,1015,N,VIIRS,n,2.0NRT,278.75,0.62,N
49.93576,-121.45872,295.55,0.39,0.36,2026-07-09,1015,N,VIIRS,n,2.0NRT,270.88,0.41,N
49.93581,-121.43497,321.52,0.39,0.36,2026-07-09,1015,N,VIIRS,n,2.0NRT,280.21,10.68,N
49.9366,-121.44045,302.83,0.39,0.36,2026-07-09,1015,N,VIIRS,n,2.0NRT,278.84,1.4,N
49.93913,-121.43385,342.03,0.39,0.36,2026-07-09,1015,N,VIIRS,n,2.0NRT,289.45,10.68,N
49.93925,-121.41067,301.44,0.39,0.36,2026-07-09,1015,N,VIIRS,n,2.0NRT,282.27,9.51,N
49.93992,-121.4393,312.59,0.39,0.36,2026-07-09,1015,N,VIIRS,n,2.0NRT,275.69,1.4,N
49.94006,-121.41623,348.29,0.39,0.36,2026-07-09,1015,N,VIIRS,n,2.0NRT,291.32,8.83,N
49.94071,-121.44481,297.63,0.39,0.36,2026-07-09,1015,N,VIIRS,n,2.0NRT,272.27,1.4,N
49.94086,-121.42176,349.84,0.39,0.36,2026-07-09,1015,N,VIIRS,n,2.0NRT,287.99,8.83,N
49.94166,-121.42731,308.54,0.39,0.36,2026-07-09,1015,N,VIIRS,n,2.0NRT,281.2,7.45,N
49.94175,-121.40392,356.39,0.39,0.36,2026-07-09,1015,N,VIIRS,n,2.0NRT,292.46,9.51,N
49.94246,-121.43282,354.46,0.39,0.36,2026-07-09,1015,N,VIIRS,n,2.0NRT,290.44,7.45,N
49.94257,-121.40956,328.41,0.39,0.36,2026-07-09,1015,N,VIIRS,n,2.0NRT,285.29,9.51,N
49.94324,-121.43826,314.95,0.39,0.36,2026-07-09,1015,N,VIIRS,n,2.0NRT,275.63,1.18,N
49.94338,-121.41515,307.0,0.39,0.36,2026-07-09,1015,N,VIIRS,n,2.0NRT,283.97,8.83,N
49.94342,-121.39143,301.65,0.39,0.36,2026-07-09,1015,N,VIIRS,n,2.0NRT,280.46,1.73,N
49.94402,-121.44367,296.26,0.39,0.36,2026-07-09,1015,N,VIIRS,n,2.0NRT,272.36,1.18,N
49.94418,-121.42067,336.33,0.39,0.36,2026-07-09,1015,N,VIIRS,n,2.0NRT,287.79,8.83,N
49.94499,-121.42624,314.57,0.39,0.36,2026-07-09,1015,N,VIIRS,n,2.0NRT,282.63,7.45,N
49.94506,-121.40275,331.3,0.39,0.36,2026-07-09,1015,N,VIIRS,n,2.0NRT,285.96,3.24,N
49.94579,-121.43178,328.28,0.39,0.36,2026-07-09,1015,N,VIIRS,n,2.0NRT,280.55,7.45,N
49.94593,-121.3848,305.12,0.39,0.36,2026-07-09,1015,N,VIIRS,n,2.0NRT,280.49,0.8,N
49.94658,-121.43724,304.51,0.39,0.36,2026-07-09,1015,N,VIIRS,n,2.0NRT,276.05,1.18,N
49.94673,-121.39033,318.74,0.39,0.36,2026-07-09,1015,N,VIIRS,n,2.0NRT,282.64,1.73,N
49.94858,-121.35523,325.29,0.39,0.36,2026-07-09,1015,N,VIIRS,n,2.0NRT,280.01,5.35,N
49.94912,-121.43076,301.74,0.39,0.36,2026-07-09,1015,N,VIIRS,n,2.0NRT,281.35,1.29,N
49.94938,-121.36071,319.02,0.39,0.36,2026-07-09,1015,N,VIIRS,n,2.0NRT,279.83,5.35,N
49.95029,-121.34313,335.94,0.39,0.36,2026-07-09,1015,N,VIIRS,n,2.0NRT,279.71,5.67,N
49.9511,-121.34866,296.4,0.39,0.36,2026-07-09,1015,N,VIIRS,n,2.0NRT,280.1,5.67,N
49.95191,-121.35421,321.22,0.39,0.36,2026-07-09,1015,N,VIIRS,n,2.0NRT,287.39,6.7,N
49.95271,-121.35972,346.11,0.39,0.36,2026-07-09,1015,N,VIIRS,n,2.0NRT,286.74,6.7,N
49.9528,-121.33649,320.66,0.39,0.36,2026-07-09,1015,N,VIIRS,n,2.0NRT,279.57,2.23,N
49.9535,-121.36513,303.64,0.39,0.36,2026-07-09,1015,N,VIIRS,n,2.0NRT,281.74,1.46,N
49.95361,-121.34201,355.98,0.39,0.36,2026-07-09,1015,N,VIIRS,n,2.0NRT,290.76,5.67,N
49.95369,-121.33524,299.54,0.39,0.36,2026-07-09,1015,N,VIIRS,n,2.0NRT,277.9,2.19,N
49.95441,-121.34759,311.37,0.39,0.36,2026-07-09,1015,N,VIIRS,n,2.0NRT,282.36,5.67,N
49.95448,-121.34077,334.96,0.39,0.36,2026-07-09,1015,N,VIIRS,n,2.0NRT,283.88,2.19,N
49.95523,-121.35316,310.8,0.39,0.36,2026-07-09,1015,N,VIIRS,n,2.0NRT,282.7,6.7,N
49.95528,-121.34634,297.0,0.39,0.36,2026-07-09,1015,N,VIIRS,n,2.0NRT,281.23,0.66,N
49.95607,-121.35191,308.21,0.39,0.36,2026-07-09,1015,N,VIIRS,n,2.0NRT,282.15,0.66,N
49.95687,-121.35751,296.95,0.39,0.36,2026-07-09,1015,N,VIIRS,n,2.0NRT,282.43,1.29,N
49.95718,-121.31126,323.23,0.39,0.36,2026-07-09,1015,N,VIIRS,n,2.0NRT,278.39,6.52,N
49.95797,-121.31678,308.71,0.39,0.36,2026-07-09,1015,N,VIIRS,n,2.0NRT,278.91,6.52,N
49.95955,-121.32774,299.65,0.39,0.36,2026-07-09,1015,N,VIIRS,n,2.0NRT,279.33,1.01,N
49.96033,-121.33321,296.79,0.39,0.36,2026-07-09,1015,N,VIIRS,n,2.0NRT,279.12,0.7,N
49.96046,-121.30992,335.67,0.39,0.36,2026-07-09,1015,N,VIIRS,n,2.0NRT,285.67,6.52,N
49.96112,-121.33868,297.34,0.39,0.36,2026-07-09,1015,N,VIIRS,n,2.0NRT,279.69,0.7,N
49.96125,-121.31548,339.06,0.39,0.36,2026-07-09,1015,N,VIIRS,n,2.0NRT,286.41,6.52,N
49.96206,-121.32107,298.99,0.39,0.36,2026-07-09,1015,N,VIIRS,n,2.0NRT,277.56,1.01,N
49.96443,-121.33757,299.21,0.39,0.36,2026-07-09,1015,N,VIIRS,n,2.0NRT,282.35,0.7,N
49.972,-121.43919,312.98,0.39,0.36,2026-07-09,1015,N,VIIRS,n,2.0NRT,284.88,1.09,N
49.97321,-121.37455,303.62,0.39,0.36,2026-07-09,1015,N,VIIRS,n,2.0NRT,281.52,1.77,N
49.97329,-121.52595,312.2,0.39,0.36,2026-07-09,1015,N,VIIRS,n,2.0NRT,284.88,1.62,N
49.97404,-121.5312,302.45,0.39,0.36,2026-07-09,1015,N,VIIRS,n,2.0NRT,284.47,1.84,N
49.97585,-121.51949,314.99,0.39,0.36,2026-07-09,1015,N,VIIRS,n,2.0NRT,284.32,5.11,N
49.97662,-121.52484,310.65,0.39,0.36,2026-07-09,1015,N,VIIRS,n,2.0NRT,285.89,5.11,N
49.9774,-121.5303,324.92,0.39,0.36,2026-07-09,1015,N,VIIRS,n,2.0NRT,288.52,2.66,N
49.97776,-121.30959,296.97,0.39,0.36,2026-07-09,1015,N,VIIRS,n,2.0NRT,279.94,1.73,N
49.97917,-121.51834,345.79,0.39,0.36,2026-07-09,1015,N,VIIRS,n,2.0NRT,291.38,5.11,N
49.97964,-121.51734,348.24,0.39,0.36,2026-07-09,1015,N,VIIRS,n,2.0NRT,288.93,7.35,N
49.98014,-121.32609,309.22,0.39,0.36,2026-07-09,1015,N,VIIRS,n,2.0NRT,282.78,1.62,N
49.98072,-121.52919,333.53,0.39,0.36,2026-07-09,1015,N,VIIRS,n,2.0NRT,287.73,2.66,N
49.98093,-121.33155,310.33,0.39,0.36,2026-07-09,1015,N,VIIRS,n,2.0NRT,283.95,1.62,N
49.98117,-121.52819,328.35,0.39,0.37,2026-07-09,1015,N,VIIRS,n,2.0NRT,286.56,2.64,N
49.98149,-121.53458,307.78,0.39,0.37,2026-07-09,1015,N,VIIRS,n,2.0NRT,284.91,2.66,N
49.98195,-121.53358,308.27,0.39,0.37,2026-07-09,1015,N,VIIRS,n,2.0NRT,285.39,1.45,N
49.99875,-121.50478,307.26,0.39,0.36,2026-07-09,1015,N,VIIRS,n,2.0NRT,276.21,1.91,N
50.00207,-121.5036,297.93,0.39,0.36,2026-07-09,1015,N,VIIRS,n,2.0NRT,273.32,1.91,N
50.00286,-121.50916,334.08,0.39,0.36,2026-07-09,1015,N,VIIRS,n,2.0NRT,278.19,1.91,N
50.0056,-121.33413,298.77,0.39,0.36,2026-07-09,1015,N,VIIRS,n,2.0NRT,280.11,1.41,N
50.00618,-121.508,311.35,0.39,0.36,2026-07-09,1015,N,VIIRS,n,2.0NRT,275.11,1.11,N
50.00639,-121.33958,297.61,0.39,0.36,2026-07-09,1015,N,VIIRS,n,2.0NRT,280.36,1.25,N
50.00718,-121.34507,308.78,0.39,0.36,2026-07-09,1015,N,VIIRS,n,2.0NRT,282.54,1.25,N
50.00797,-121.35055,299.39,0.39,0.36,2026-07-09,1015,N,VIIRS,n,2.0NRT,280.96,1.94,N
50.01035,-121.36698,297.72,0.39,0.36,2026-07-09,1015,N,VIIRS,n,2.0NRT,280.82,1.57,N
50.01208,-121.3549,298.11,0.39,0.36,2026-07-09,1015,N,VIIRS,n,2.0NRT,280.72,1.53,N
50.01287,-121.36041,307.2,0.39,0.36,2026-07-09,1015,N,VIIRS,n,2.0NRT,282.72,0.97,N
50.01366,-121.36588,300.43,0.39,0.36,2026-07-09,1015,N,VIIRS,n,2.0NRT,282.41,0.97,N
50.01445,-121.3714,300.76,0.39,0.36,2026-07-09,1015,N,VIIRS,n,2.0NRT,282.55,1.21,N
50.01841,-121.39886,301.37,0.39,0.36,2026-07-09,1015,N,VIIRS,n,2.0NRT,282.09,0.62,N
50.01951,-121.47934,304.73,0.39,0.36,2026-07-09,1015,N,VIIRS,n,2.0NRT,281.52,1.82,N
50.0217,-121.3976,299.74,0.39,0.36,2026-07-09,1015,N,VIIRS,n,2.0NRT,282.07,0.62,N
50.02262,-121.37988,300.97,0.39,0.36,2026-07-09,1015,N,VIIRS,n,2.0NRT,282.09,1.51,N
50.0237,-121.45995,303.44,0.39,0.36,2026-07-09,1015,N,VIIRS,n,2.0NRT,281.49,1.19,N
50.02499,-121.3963,297.84,0.39,0.36,2026-07-09,1015,N,VIIRS,n,2.0NRT,281.52,0.86,N
50.02513,-121.37313,313.08,0.39,0.36,2026-07-09,1015,N,VIIRS,n,2.0NRT,284.25,2.16,N
50.02519,-121.49471,307.12,0.39,0.36,2026-07-09,1015,N,VIIRS,n,2.0NRT,282.54,2.0,N
50.02591,-121.37858,306.03,0.39,0.36,2026-07-09,1015,N,VIIRS,n,2.0NRT,282.74,1.51,N
50.027,-121.45871,313.63,0.39,0.36,2026-07-09,1015,N,VIIRS,n,2.0NRT,283.1,2.78,N
50.02827,-121.39497,307.3,0.39,0.36,2026-07-09,1015,N,VIIRS,n,2.0NRT,283.16,0.86,N
50.02906,-121.40041,305.84,0.39,0.36,2026-07-09,1015,N,VIIRS,n,2.0NRT,281.76,1.88,N
50.03032,-121.4576,333.45,0.39,0.36,2026-07-09,1015,N,VIIRS,n,2.0NRT,285.97,2.78,N
50.03206,-121.44547,322.02,0.39,0.36,2026-07-09,1015,N,VIIRS,n,2.0NRT,283.3,2.12,N
50.03234,-121.39906,315.53,0.39,0.36,2026-07-09,1015,N,VIIRS,n,2.0NRT,284.17,1.6,N
50.03312,-121.40448,299.66,0.39,0.36,2026-07-09,1015,N,VIIRS,n,2.0NRT,280.56,1.6,N
50.03367,-121.45668,304.21,0.39,0.36,2026-07-09,1015,N,VIIRS,n,2.0NRT,281.98,0.63,N
50.03388,-121.40977,302.81,0.39,0.36,2026-07-09,1015,N,VIIRS,n,2.0NRT,278.17,0.76,N
50.03541,-121.44457,317.36,0.39,0.36,2026-07-09,1015,N,VIIRS,n,2.0NRT,283.94,2.12,N
50.0778,-121.31819,296.3,0.39,0.36,2026-07-09,1015,N,VIIRS,n,2.0NRT,278.71,0.71,N
50.0811,-121.31707,297.69,0.39,0.36,2026-07-09,1015,N,VIIRS,n,2.0NRT,279.39,1.65,N
50.0825,-121.35098,295.13,0.39,0.36,2026-07-09,1015,N,VIIRS,n,2.0NRT,278.6,0.99,N
50.08598,-121.32681,301.35,0.39,0.36,2026-07-09,1015,N,VIIRS,n,2.0NRT,277.18,1.13,N
50.08836,-121.34343,300.55,0.39,0.36,2026-07-09,1015,N,VIIRS,n,2.0NRT,277.28,0.78,N
50.08887,-121.2746,296.07,0.39,0.36,2026-07-09,1015,N,VIIRS,n,2.0NRT,272.41,0.56,N
50.08927,-121.32554,301.25,0.39,0.36,2026-07-09,1015,N,VIIRS,n,2.0NRT,277.7,1.06,N
50.09166,-121.34222,310.35,0.39,0.36,2026-07-09,1015,N,VIIRS,n,2.0NRT,280.17,1.18,N
50.09216,-121.27341,295.88,0.39,0.36,2026-07-09,1015,N,VIIRS,n,2.0NRT,268.77,0.56,N
49.9312,-121.4415,300.71,0.78,0.78,2026-07-09,1155,N,VIIRS,n,2.0NRT,280.55,1.69,N
49.93403,-121.44848,297.0,0.78,0.78,2026-07-09,1155,N,VIIRS,n,2.0NRT,280.85,1.69,N
49.9342,-121.44196,296.47,0.78,0.78,2026-07-09,1155,N,VIIRS,n,2.0NRT,279.76,1.71,N
49.93702,-121.44885,303.48,0.78,0.78,2026-07-09,1155,N,VIIRS,n,2.0NRT,280.92,3.09,N
49.94081,-121.41561,309.46,0.78,0.78,2026-07-09,1155,N,VIIRS,n,2.0NRT,280.11,4.36,N
49.94112,-121.43761,341.58,0.78,0.78,2026-07-09,1155,N,VIIRS,n,2.0NRT,281.9,6.36,N
49.94365,-121.42252,329.23,0.78,0.78,2026-07-09,1155,N,VIIRS,n,2.0NRT,281.41,6.36,N
49.94481,-121.40407,319.0,0.78,0.78,2026-07-09,1155,N,VIIRS,n,2.0NRT,279.76,2.86,N
49.94635,-121.42908,307.1,0.78,0.78,2026-07-09,1155,N,VIIRS,n,2.0NRT,281.01,6.36,N
49.94698,-121.40937,302.08,0.78,0.78,2026-07-09,1155,N,VIIRS,n,2.0NRT,280.15,2.86,N
49.95113,-121.35278,343.44,0.79,0.78,2026-07-09,1155,N,VIIRS,n,2.0NRT,278.43,12.12,N
49.95151,-121.35654,367.0,0.79,0.78,2026-07-09,1155,N,VIIRS,h,2.0NRT,280.71,11.99,N
49.95391,-121.3595,338.6,0.79,0.78,2026-07-09,1155,N,VIIRS,n,2.0NRT,280.12,12.12,N
49.95456,-121.36402,310.89,0.79,0.78,2026-07-09,1155,N,VIIRS,n,2.0NRT,278.43,11.99,N
49.95482,-121.34332,328.83,0.79,0.78,2026-07-09,1155,N,VIIRS,n,2.0NRT,277.36,9.38,N
49.95734,-121.34664,346.0,0.79,0.78,2026-07-09,1155,N,VIIRS,n,2.0NRT,278.97,12.83,N
49.95751,-121.34988,333.17,0.79,0.78,2026-07-09,1155,N,VIIRS,n,2.0NRT,278.28,13.45,N
49.96053,-121.31201,316.11,0.79,0.78,2026-07-09,1155,N,VIIRS,n,2.0NRT,277.45,7.77,N
49.96076,-121.31514,343.41,0.79,0.78,2026-07-09,1155,N,VIIRS,n,2.0NRT,278.69,12.75,N
49.96366,-121.31958,344.68,0.79,0.78,2026-07-09,1155,N,VIIRS,n,2.0NRT,278.76,14.79,N
49.9639,-121.32283,318.65,0.79,0.78,2026-07-09,1155,N,VIIRS,n,2.0NRT,277.99,12.78,N
49.99378,-121.5027,296.79,0.77,0.78,2026-07-09,1155,N,VIIRS,n,2.0NRT,281.01,2.52,N
49.99663,-121.5097,300.47,0.77,0.77,2026-07-09,1155,N,VIIRS,n,2.0NRT,280.87,3.22,N
50.00409,-121.50674,297.54,0.77,0.77,2026-07-09,1155,N,VIIRS,n,2.0NRT,280.87,1.9,N
50.00723,-121.51447,303.06,0.77,0.77,2026-07-09,1155,N,VIIRS,n,2.0NRT,280.68,1.9,N
50.00778,-121.51093,303.8,0.77,0.77,2026-07-09,1155,N,VIIRS,n,2.0NRT,280.77,2.39,N
49.87532,-121.46829,304.39,0.52,0.42,2026-07-10,0958,N,VIIRS,n,2.0NRT,281.73,1.78,N
49.87592,-121.47412,319.44,0.52,0.42,2026-07-10,0958,N,VIIRS,n,2.0NRT,283.96,1.78,N
49.87918,-121.46776,295.9,0.52,0.42,2026-07-10,0958,N,VIIRS,n,2.0NRT,283.42,1.78,N
49.84253,-121.46465,350.34,0.42,0.38,2026-07-16,2112,N,VIIRS,n,2.0NRT,296.89,38.87,D
49.89966,-121.49828,353.89,0.42,0.38,2026-07-16,2112,N,VIIRS,n,2.0NRT,298.51,63.64,D
50.02227,-121.4974,336.92,0.42,0.38,2026-07-16,2112,N,VIIRS,n,2.0NRT,296.12,3.25,D
50.03632,-121.44202,330.73,0.42,0.38,2026-07-16,2112,N,VIIRS,n,2.0NRT,299.12,5.44,D
50.03911,-121.44839,367.0,0.42,0.38,2026-07-16,2112,N,VIIRS,h,2.0NRT,304.86,12.15,D
49.84002,-121.46598,331.02,0.38,0.59,2026-07-17,0926,N,VIIRS,n,2.0NRT,284.64,2.59,N
49.84015,-121.46994,303.15,0.38,0.59,2026-07-17,0926,N,VIIRS,n,2.0NRT,283.16,2.72,N
49.84549,-121.46542,318.02,0.38,0.59,2026-07-17,0926,N,VIIRS,n,2.0NRT,284.43,1.56,N
49.8456,-121.46867,298.48,0.38,0.59,2026-07-17,0926,N,VIIRS,n,2.0NRT,283.3,1.24,N
49.84572,-121.47222,295.22,0.38,0.59,2026-07-17,0926,N,VIIRS,n,2.0NRT,282.52,1.24,N
49.85069,-121.45643,303.33,0.38,0.59,2026-07-17,0926,N,VIIRS,n,2.0NRT,284.77,0.87,N
49.85079,-121.45955,301.51,0.38,0.59,2026-07-17,0926,N,VIIRS,n,2.0NRT,285.23,0.87,N
49.85089,-121.46266,310.12,0.38,0.59,2026-07-17,0926,N,VIIRS,n,2.0NRT,284.94,1.56,N
49.851,-121.46583,303.87,0.38,0.59,2026-07-17,0926,N,VIIRS,n,2.0NRT,283.8,1.56,N
49.85609,-121.45387,329.86,0.38,0.59,2026-07-17,0926,N,VIIRS,n,2.0NRT,286.25,2.68,N
49.8562,-121.45715,313.52,0.38,0.59,2026-07-17,0926,N,VIIRS,n,2.0NRT,286.24,2.94,N
49.8616,-121.45444,326.82,0.38,0.59,2026-07-17,0926,N,VIIRS,n,2.0NRT,286.71,2.68,N
49.86171,-121.45776,300.73,0.38,0.59,2026-07-17,0926,N,VIIRS,n,2.0NRT,286.22,2.94,N
49.90046,-121.49789,301.11,0.38,0.59,2026-07-17,0926,N,VIIRS,n,2.0NRT,283.15,1.22,N
49.90058,-121.50181,314.99,0.38,0.59,2026-07-17,0926,N,VIIRS,n,2.0NRT,285.5,2.38,N
49.90071,-121.50597,317.44,0.38,0.59,2026-07-17,0926,N,VIIRS,n,2.0NRT,285.63,2.38,N
49.90084,-121.51065,296.2,0.38,0.59,2026-07-17,0926,N,VIIRS,n,2.0NRT,282.37,1.86,N
49.90159,-121.49876,301.63,0.38,0.59,2026-07-17,0926,N,VIIRS,n,2.0NRT,283.26,1.75,N
49.90173,-121.50267,313.06,0.38,0.59,2026-07-17,0926,N,VIIRS,n,2.0NRT,285.39,1.75,N
49.90187,-121.5068,317.03,0.38,0.59,2026-07-17,0926,N,VIIRS,n,2.0NRT,285.35,1.78,N
49.90203,-121.51154,297.02,0.38,0.59,2026-07-17,0926,N,VIIRS,n,2.0NRT,282.53,1.78,N
49.92888,-121.52745,305.39,0.38,0.59,2026-07-17,0926,N,VIIRS,n,2.0NRT,281.67,1.35,N
49.92902,-121.53204,303.16,0.38,0.59,2026-07-17,0926,N,VIIRS,n,2.0NRT,281.87,1.51,N
49.93461,-121.53427,298.49,0.38,0.59,2026-07-17,0926,N,VIIRS,n,2.0NRT,282.62,1.51,N
49.93475,-121.53886,305.02,0.38,0.59,2026-07-17,0926,N,VIIRS,n,2.0NRT,282.58,1.25,N
49.9349,-121.54362,299.03,0.38,0.59,2026-07-17,0926,N,VIIRS,n,2.0NRT,282.04,1.25,N
49.93505,-121.54849,303.49,0.38,0.59,2026-07-17,0926,N,VIIRS,n,2.0NRT,282.53,1.02,N
49.9352,-121.55322,297.22,0.38,0.59,2026-07-17,0926,N,VIIRS,n,2.0NRT,281.92,1.02,N
49.9405,-121.54634,295.66,0.38,0.59,2026-07-17,0926,N,VIIRS,n,2.0NRT,282.43,0.83,N
49.94066,-121.55136,302.81,0.38,0.59,2026-07-17,0926,N,VIIRS,n,2.0NRT,282.77,0.83,N
49.94081,-121.55622,298.09,0.38,0.59,2026-07-17,0926,N,VIIRS,n,2.0NRT,282.31,1.41,N
50.07514,-121.28477,305.5,0.37,0.58,2026-07-17,0926,N,VIIRS,n,2.0NRT,282.41,0.76,N
49.93159,-121.53749,302.01,0.5,0.49,2026-07-17,1106,N,VIIRS,n,2.0NRT,282.8,1.19,N
49.93369,-121.54558,300.18,0.5,0.49,2026-07-17,1106,N,VIIRS,n,2.0NRT,282.45,1.19,N
49.9402,-121.55157,299.61,0.5,0.49,2026-07-17,1106,N,VIIRS,n,2.0NRT,282.89,2.28,N
50.07465,-121.28419,302.45,0.51,0.49,2026-07-17,1106,N,VIIRS,n,2.0NRT,281.64,1.13,N
50.08456,-121.30286,295.55,0.51,0.49,2026-07-17,1106,N,VIIRS,n,2.0NRT,281.94,1.11,N
49.83871,-121.47338,337.32,0.39,0.36,2026-07-17,2053,N,VIIRS,n,2.0NRT,298.3,11.11,D
49.92928,-121.52843,330.91,0.39,0.36,2026-07-17,2053,N,VIIRS,n,2.0NRT,298.74,2.08,D
49.93079,-121.54022,333.84,0.39,0.36,2026-07-17,2053,N,VIIRS,n,2.0NRT,294.91,3.65,D
49.93168,-121.53491,345.02,0.39,0.36,2026-07-17,2053,N,VIIRS,n,2.0NRT,304.54,3.65,D
49.93409,-121.54139,332.37,0.39,0.36,2026-07-17,2053,N,VIIRS,n,2.0NRT,298.21,3.65,D
49.93649,-121.54786,331.81,0.39,0.36,2026-07-17,2053,N,VIIRS,n,2.0NRT,301.36,5.17,D
49.85254,-121.4603,296.4,0.51,0.41,2026-07-18,1047,N,VIIRS,n,2.0NRT,285.33,1.98,N
49.89787,-121.50481,300.23,0.5,0.41,2026-07-18,1047,N,VIIRS,n,2.0NRT,280.11,0.77,N
49.91162,-121.51267,334.59,0.5,0.41,2026-07-18,1047,N,VIIRS,n,2.0NRT,285.77,9.53,N
49.91301,-121.51908,328.01,0.5,0.41,2026-07-18,1047,N,VIIRS,n,2.0NRT,282.41,9.53,N
49.91511,-121.51027,331.17,0.5,0.41,2026-07-18,1047,N,VIIRS,n,2.0NRT,290.47,9.53,N
49.91656,-121.51698,327.36,0.5,0.41,2026-07-18,1047,N,VIIRS,n,2.0NRT,281.72,9.53,N
49.93356,-121.53989,301.79,0.5,0.41,2026-07-18,1047,N,VIIRS,n,2.0NRT,280.63,1.34,N
49.93515,-121.54723,295.25,0.5,0.41,2026-07-18,1047,N,VIIRS,n,2.0NRT,279.29,0.86,N
49.84793,-121.45945,354.69,0.5,0.49,2026-07-19,2017,N,VIIRS,n,2.0NRT,299.46,33.85,D
49.84909,-121.45499,350.1,0.5,0.49,2026-07-19,2017,N,VIIRS,n,2.0NRT,295.96,33.85,D
49.85027,-121.45049,367.0,0.5,0.49,2026-07-19,2017,N,VIIRS,h,2.0NRT,302.78,30.48,D
49.89499,-121.50671,335.55,0.5,0.49,2026-07-19,2017,N,VIIRS,n,2.0NRT,291.23,19.92,D
49.89565,-121.50587,338.04,0.5,0.49,2026-07-19,2017,N,VIIRS,n,2.0NRT,294.29,17.24,D
49.89648,-121.50096,345.01,0.5,0.49,2026-07-19,2017,N,VIIRS,n,2.0NRT,297.89,19.92,D
49.89716,-121.50011,340.9,0.5,0.49,2026-07-19,2017,N,VIIRS,n,2.0NRT,297.75,28.12,D
49.91257,-121.51684,325.97,0.5,0.49,2026-07-19,2017,N,VIIRS,n,2.0NRT,288.03,2.38,D
49.91357,-121.51126,353.79,0.5,0.49,2026-07-19,2017,N,VIIRS,n,2.0NRT,294.04,10.38,D
49.91423,-121.51048,349.75,0.5,0.49,2026-07-19,2017,N,VIIRS,n,2.0NRT,292.54,9.0,D
49.90918,-121.51518,346.69,0.38,0.59,2026-07-19,2155,N,VIIRS,n,2.0NRT,294.05,4.72,D
49.83397,-121.47225,302.13,0.42,0.38,2026-07-20,1011,N,VIIRS,n,2.0NRT,287.73,0.98,N
49.83591,-121.45959,301.86,0.42,0.38,2026-07-20,1011,N,VIIRS,n,2.0NRT,287.61,0.87,N
49.8366,-121.46493,311.18,0.42,0.38,2026-07-20,1011,N,VIIRS,n,2.0NRT,287.66,0.98,N
49.83805,-121.47623,301.44,0.42,0.38,2026-07-20,1011,N,VIIRS,n,2.0NRT,288.12,1.29,N
49.83865,-121.45328,305.11,0.42,0.38,2026-07-20,1011,N,VIIRS,n,2.0NRT,288.3,1.27,N
49.83933,-121.45853,323.74,0.42,0.38,2026-07-20,1011,N,VIIRS,n,2.0NRT,290.63,1.27,N
49.84002,-121.4638,321.44,0.42,0.38,2026-07-20,1011,N,VIIRS,n,2.0NRT,288.49,1.48,N
49.84142,-121.47462,297.24,0.42,0.38,2026-07-20,1011,N,VIIRS,n,2.0NRT,286.16,0.45,N
49.8421,-121.45242,309.16,0.42,0.38,2026-07-20,1011,N,VIIRS,n,2.0NRT,289.77,1.27,N
49.84278,-121.45765,303.99,0.42,0.38,2026-07-20,1011,N,VIIRS,n,2.0NRT,288.97,1.27,N
49.84346,-121.46282,305.83,0.42,0.38,2026-07-20,1011,N,VIIRS,n,2.0NRT,289.67,1.48,N
49.84491,-121.44666,299.65,0.42,0.38,2026-07-20,1011,N,VIIRS,n,2.0NRT,289.1,0.39,N
49.84555,-121.45164,305.44,0.42,0.38,2026-07-20,1011,N,VIIRS,n,2.0NRT,289.44,1.03,N
49.84623,-121.45682,303.24,0.42,0.38,2026-07-20,1011,N,VIIRS,n,2.0NRT,289.05,1.03,N
49.84834,-121.44566,299.56,0.42,0.38,2026-07-20,1011,N,VIIRS,n,2.0NRT,287.94,0.39,N
49.84904,-121.45109,308.35,0.42,0.38,2026-07-20,1011,N,VIIRS,n,2.0NRT,290.94,1.03,N
49.89516,-121.50433,313.48,0.42,0.38,2026-07-20,1011,N,VIIRS,n,2.0NRT,284.64,1.1,N
49.89588,-121.5099,298.97,0.42,0.38,2026-07-20,1011,N,VIIRS,n,2.0NRT,283.84,1.1,N
49.89858,-121.50324,310.09,0.42,0.38,2026-07-20,1011,N,VIIRS,n,2.0NRT,287.22,1.1,N
49.8993,-121.5088,303.45,0.42,0.38,2026-07-20,1011,N,VIIRS,n,2.0NRT,284.55,1.1,N
49.90424,-121.51936,298.9,0.42,0.38,2026-07-20,1011,N,VIIRS,n,2.0NRT,283.99,3.41,N
49.90768,-121.51845,334.14,0.42,0.38,2026-07-20,1011,N,VIIRS,n,2.0NRT,288.02,3.41,N
49.91113,-121.51755,344.39,0.42,0.38,2026-07-20,1011,N,VIIRS,n,2.0NRT,289.09,4.15,N
49.91382,-121.51077,295.11,0.42,0.38,2026-07-20,1011,N,VIIRS,n,2.0NRT,284.99,4.15,N
49.91458,-121.51663,330.64,0.42,0.38,2026-07-20,1011,N,VIIRS,n,2.0NRT,288.41,4.15,N
49.9173,-121.51003,299.14,0.42,0.38,2026-07-20,1011,N,VIIRS,n,2.0NRT,285.49,0.69,N
49.93127,-121.53526,300.81,0.42,0.38,2026-07-20,1011,N,VIIRS,n,2.0NRT,283.47,0.91,N
49.93199,-121.54086,307.42,0.42,0.38,2026-07-20,1011,N,VIIRS,n,2.0NRT,285.23,1.42,N
50.09616,-121.33041,332.53,0.42,0.38,2026-07-20,1011,N,VIIRS,n,2.0NRT,285.48,9.79,N
50.09954,-121.32915,310.5,0.42,0.38,2026-07-20,1011,N,VIIRS,n,2.0NRT,282.9,9.79,N
49.90419,-121.51998,303.48,0.69,0.74,2026-07-20,1149,N,VIIRS,n,2.0NRT,281.97,5.42,N
49.90799,-121.51138,314.44,0.69,0.74,2026-07-20,1149,N,VIIRS,n,2.0NRT,284.36,5.54,N
49.90983,-121.51354,331.31,0.69,0.74,2026-07-20,1149,N,VIIRS,n,2.0NRT,286.95,5.42,N
49.91051,-121.51791,340.87,0.69,0.74,2026-07-20,1149,N,VIIRS,n,2.0NRT,286.9,4.69,N
49.91262,-121.52069,338.56,0.68,0.74,2026-07-20,1149,N,VIIRS,n,2.0NRT,285.39,5.42,N
49.91426,-121.52767,308.37,0.68,0.74,2026-07-20,1149,N,VIIRS,n,2.0NRT,282.63,4.69,N
49.91564,-121.5101,301.54,0.69,0.74,2026-07-20,1149,N,VIIRS,n,2.0NRT,284.35,4.69,N
49.91763,-121.51263,310.96,0.68,0.74,2026-07-20,1149,N,VIIRS,n,2.0NRT,284.45,2.91,N
49.91885,-121.51848,313.5,0.68,0.74,2026-07-20,1149,N,VIIRS,n,2.0NRT,284.33,4.69,N
49.83444,-121.47527,337.44,0.47,0.48,2026-07-20,2138,N,VIIRS,n,2.0NRT,278.55,5.31,D
49.83486,-121.46914,332.19,0.47,0.48,2026-07-20,2138,N,VIIRS,n,2.0NRT,279.59,15.36,D
49.83535,-121.4621,353.07,0.47,0.48,2026-07-20,2138,N,VIIRS,n,2.0NRT,281.87,15.36,D
49.83914,-121.47222,331.52,0.47,0.48,2026-07-20,2138,N,VIIRS,n,2.0NRT,279.55,4.27,D
49.91049,-121.51917,332.07,0.47,0.48,2026-07-20,2138,N,VIIRS,n,2.0NRT,268.53,4.39,D
49.83418,-121.47431,299.5,0.4,0.44,2026-07-21,0952,N,VIIRS,n,2.0NRT,256.18,1.08,N
49.83549,-121.46149,307.06,0.4,0.44,2026-07-21,0952,N,VIIRS,n,2.0NRT,252.71,1.92,N
49.83721,-121.46162,311.59,0.4,0.44,2026-07-21,0952,N,VIIRS,n,2.0NRT,253.96,0.59,N
49.83859,-121.47697,308.81,0.4,0.44,2026-07-21,0952,N,VIIRS,n,2.0NRT,256.71,2.27,N
49.83916,-121.48326,334.44,0.4,0.44,2026-07-21,0952,N,VIIRS,n,2.0NRT,255.68,2.27,N
49.84127,-121.48026,330.98,0.4,0.44,2026-07-21,0952,N,VIIRS,n,2.0NRT,257.3,5.6,N
49.89728,-121.51758,330.74,0.6,0.7,2026-07-21,1940,N,VIIRS,n,2.0NRT,294.45,14.36,D
49.89962,-121.51114,367.0,0.6,0.7,2026-07-21,1940,N,VIIRS,h,2.0NRT,300.96,34.01,D
49.90303,-121.52,339.81,0.6,0.7,2026-07-21,1940,N,VIIRS,n,2.0NRT,293.6,9.76,D
49.90598,-121.512,355.87,0.6,0.7,2026-07-21,1940,N,VIIRS,n,2.0NRT,296.03,9.76,D
49.90796,-121.50909,367.0,0.6,0.7,2026-07-21,1940,N,VIIRS,h,2.0NRT,297.91,16.64,D
49.83153,-121.47709,347.2,0.47,0.39,2026-07-21,2121,N,VIIRS,n,2.0NRT,315.98,22.7,D
49.83221,-121.47095,350.16,0.47,0.39,2026-07-21,2121,N,VIIRS,n,2.0NRT,315.94,22.7,D
49.8329,-121.46477,337.95,0.47,0.39,2026-07-21,2121,N,VIIRS,n,2.0NRT,306.98,5.62,D
49.83504,-121.47897,367.0,0.47,0.39,2026-07-21,2121,N,VIIRS,l,2.0NRT,329.34,46.74,D
49.83641,-121.46667,344.12,0.47,0.39,2026-07-21,2121,N,VIIRS,n,2.0NRT,307.57,10.22,D
49.83856,-121.48083,334.73,0.47,0.39,2026-07-21,2121,N,VIIRS,l,2.0NRT,309.39,46.74,D
49.83922,-121.47493,341.05,0.47,0.39,2026-07-21,2121,N,VIIRS,n,2.0NRT,304.75,46.74,D
49.84274,-121.47675,354.79,0.47,0.39,2026-07-21,2121,N,VIIRS,n,2.0NRT,308.03,14.89,D
49.84627,-121.47849,330.21,0.47,0.39,2026-07-21,2121,N,VIIRS,l,2.0NRT,302.9,14.89,D
49.89981,-121.49451,335.63,0.47,0.39,2026-07-21,2121,N,VIIRS,n,2.0NRT,304.32,7.54,D
49.90183,-121.51003,349.05,0.47,0.39,2026-07-21,2121,N,VIIRS,n,2.0NRT,314.24,36.54,D
49.9084,-121.51796,350.67,0.46,0.39,2026-07-21,2121,N,VIIRS,n,2.0NRT,305.94,13.03,D
49.91569,-121.51942,338.72,0.46,0.39,2026-07-21,2121,N,VIIRS,n,2.0NRT,302.57,14.56,D
49.9258,-121.52895,338.83,0.46,0.39,2026-07-21,2121,N,VIIRS,n,2.0NRT,303.6,46.25,D
49.92941,-121.52995,341.25,0.46,0.39,2026-07-21,2121,N,VIIRS,n,2.0NRT,309.08,23.8,D
49.93149,-121.54473,344.83,0.46,0.39,2026-07-21,2121,N,VIIRS,n,2.0NRT,302.23,7.83,D
49.93222,-121.53815,341.22,0.46,0.39,2026-07-21,2121,N,VIIRS,n,2.0NRT,302.35,7.83,D
49.93429,-121.55301,345.56,0.46,0.39,2026-07-21,2121,N,VIIRS,n,2.0NRT,304.86,33.26,D
49.93651,-121.53307,339.98,0.46,0.39,2026-07-21,2121,N,VIIRS,n,2.0NRT,304.18,18.24,D
49.93783,-121.55451,349.45,0.46,0.39,2026-07-21,2121,N,VIIRS,n,2.0NRT,299.99,33.26,D
49.94078,-121.3252,338.03,0.47,0.4,2026-07-21,2121,N,VIIRS,l,2.0NRT,308.39,3.84,D
50.03872,-121.44339,336.82,0.47,0.4,2026-07-21,2121,N,VIIRS,n,2.0NRT,302.45,3.5,D
50.0417,-121.45024,340.47,0.47,0.4,2026-07-21,2121,N,VIIRS,n,2.0NRT,302.2,3.37,D
50.06209,-121.29822,332.96,0.47,0.4,2026-07-21,2121,N,VIIRS,n,2.0NRT,301.06,18.19,D
50.06576,-121.299,335.44,0.47,0.4,2026-07-21,2121,N,VIIRS,n,2.0NRT,302.5,18.19,D
50.07755,-121.29424,342.74,0.47,0.4,2026-07-21,2121,N,VIIRS,n,2.0NRT,304.81,13.17,D
50.08046,-121.30202,332.84,0.47,0.4,2026-07-21,2121,N,VIIRS,n,2.0NRT,301.69,3.21,D
50.08118,-121.2954,349.77,0.47,0.4,2026-07-21,2121,N,VIIRS,n,2.0NRT,305.8,13.17,D
50.08191,-121.28876,341.27,0.47,0.4,2026-07-21,2121,N,VIIRS,n,2.0NRT,304.01,13.17,D
50.09081,-121.34451,334.48,0.47,0.4,2026-07-21,2121,N,VIIRS,n,2.0NRT,304.59,4.67,D
50.09148,-121.33843,333.29,0.47,0.4,2026-07-21,2121,N,VIIRS,n,2.0NRT,305.4,5.84,D
50.09214,-121.33242,334.37,0.47,0.4,2026-07-21,2121,N,VIIRS,l,2.0NRT,305.73,5.84,D
50.0928,-121.32642,335.18,0.47,0.4,2026-07-21,2121,N,VIIRS,l,2.0NRT,305.23,14.82,D
50.09642,-121.32763,330.83,0.47,0.4,2026-07-21,2121,N,VIIRS,n,2.0NRT,300.56,2.42,D
50.10664,-121.33701,333.41,0.47,0.4,2026-07-21,2121,N,VIIRS,n,2.0NRT,301.72,86.58,D
50.10755,-121.35139,342.51,0.47,0.4,2026-07-21,2121,N,VIIRS,n,2.0NRT,307.31,43.01,D
50.10884,-121.35106,342.09,0.47,0.4,2026-07-21,2121,N,VIIRS,n,2.0NRT,305.93,24.24,D
49.80311,-121.40282,305.31,0.32,0.55,2026-07-22,0932,N,VIIRS,n,2.0NRT,290.43,1.2,N
49.80328,-121.40638,339.95,0.32,0.55,2026-07-22,0932,N,VIIRS,n,2.0NRT,291.29,2.13,N
49.80346,-121.41025,306.87,0.32,0.55,2026-07-22,0932,N,VIIRS,n,2.0NRT,288.49,2.13,N
49.80767,-121.39136,329.38,0.32,0.54,2026-07-22,0932,N,VIIRS,n,2.0NRT,291.71,7.28,N
49.8078,-121.3941,340.12,0.32,0.54,2026-07-22,0932,N,VIIRS,n,2.0NRT,293.51,5.43,N
49.80794,-121.39696,349.74,0.32,0.54,2026-07-22,0932,N,VIIRS,n,2.0NRT,296.25,5.43,N
49.80808,-121.3999,337.06,0.32,0.55,2026-07-22,0932,N,VIIRS,n,2.0NRT,296.44,4.17,N
49.80823,-121.40313,325.21,0.32,0.55,2026-07-22,0932,N,VIIRS,n,2.0NRT,295.11,4.17,N
49.8084,-121.40681,328.31,0.32,0.55,2026-07-22,0932,N,VIIRS,n,2.0NRT,294.73,2.3,N
49.80862,-121.41161,325.98,0.32,0.55,2026-07-22,0932,N,VIIRS,n,2.0NRT,291.3,2.3,N
49.81237,-121.38271,308.16,0.32,0.54,2026-07-22,0932,N,VIIRS,n,2.0NRT,291.87,2.91,N
49.81251,-121.38567,338.05,0.32,0.54,2026-07-22,0932,N,VIIRS,n,2.0NRT,293.46,2.91,N
49.81264,-121.38844,367.0,0.32,0.54,2026-07-22,0932,N,VIIRS,h,2.0NRT,296.83,7.28,N
49.81277,-121.39124,367.0,0.32,0.54,2026-07-22,0932,N,VIIRS,h,2.0NRT,299.12,7.28,N
49.81291,-121.39413,330.52,0.32,0.54,2026-07-22,0932,N,VIIRS,n,2.0NRT,295.87,5.43,N
49.81305,-121.39709,341.22,0.32,0.54,2026-07-22,0932,N,VIIRS,n,2.0NRT,297.6,5.43,N
49.8132,-121.40029,346.0,0.32,0.55,2026-07-22,0932,N,VIIRS,n,2.0NRT,298.35,4.17,N
49.81337,-121.40387,321.43,0.32,0.55,2026-07-22,0932,N,VIIRS,n,2.0NRT,294.01,4.17,N
49.81357,-121.40807,324.94,0.32,0.55,2026-07-22,0932,N,VIIRS,n,2.0NRT,294.64,2.3,N
49.81389,-121.415,312.81,0.32,0.55,2026-07-22,0932,N,VIIRS,n,2.0NRT,291.15,2.3,N
49.81748,-121.38294,328.51,0.32,0.54,2026-07-22,0932,N,VIIRS,n,2.0NRT,293.68,1.92,N
49.81764,-121.38619,330.05,0.32,0.54,2026-07-22,0932,N,VIIRS,n,2.0NRT,295.67,1.92,N
49.81778,-121.3892,331.38,0.32,0.54,2026-07-22,0932,N,VIIRS,n,2.0NRT,297.16,2.45,N
49.81792,-121.39221,329.04,0.32,0.54,2026-07-22,0932,N,VIIRS,n,2.0NRT,297.19,2.45,N
49.81807,-121.39532,331.64,0.32,0.54,2026-07-22,0932,N,VIIRS,n,2.0NRT,296.72,2.64,N
49.81822,-121.39848,330.59,0.32,0.54,2026-07-22,0932,N,VIIRS,n,2.0NRT,296.01,2.64,N
49.81838,-121.40179,328.25,0.32,0.55,2026-07-22,0932,N,VIIRS,n,2.0NRT,295.39,2.66,N
49.81855,-121.4055,335.29,0.32,0.55,2026-07-22,0932,N,VIIRS,n,2.0NRT,296.11,2.66,N
49.81877,-121.41004,331.07,0.32,0.55,2026-07-22,0932,N,VIIRS,n,2.0NRT,295.39,2.27,N
49.81932,-121.42191,312.06,0.32,0.55,2026-07-22,0932,N,VIIRS,n,2.0NRT,292.97,2.27,N
49.82212,-121.3731,315.29,0.32,0.54,2026-07-22,0932,N,VIIRS,n,2.0NRT,292.43,1.59,N
49.82241,-121.37921,316.58,0.32,0.54,2026-07-22,0932,N,VIIRS,n,2.0NRT,293.94,1.59,N
49.8226,-121.38326,314.0,0.32,0.54,2026-07-22,0932,N,VIIRS,n,2.0NRT,294.22,1.92,N
49.82278,-121.38697,313.16,0.32,0.54,2026-07-22,0932,N,VIIRS,n,2.0NRT,294.26,1.92,N
49.82294,-121.39036,315.13,0.32,0.54,2026-07-22,0932,N,VIIRS,n,2.0NRT,294.38,2.45,N
49.8231,-121.39371,320.28,0.32,0.54,2026-07-22,0932,N,VIIRS,n,2.0NRT,294.79,2.45,N
49.82326,-121.39703,322.85,0.32,0.54,2026-07-22,0932,N,VIIRS,n,2.0NRT,294.33,2.64,N
49.82343,-121.40055,317.62,0.32,0.54,2026-07-22,0932,N,VIIRS,n,2.0NRT,294.26,2.64,N
49.8236,-121.40418,315.48,0.32,0.55,2026-07-22,0932,N,VIIRS,n,2.0NRT,293.91,2.66,N
49.82379,-121.40828,320.28,0.32,0.55,2026-07-22,0932,N,VIIRS,n,2.0NRT,293.79,2.66,N
49.82403,-121.41322,318.53,0.32,0.55,2026-07-22,0932,N,VIIRS,n,2.0NRT,294.01,2.27,N
49.82449,-121.42328,321.27,0.32,0.55,2026-07-22,0932,N,VIIRS,n,2.0NRT,293.73,2.27,N
49.82491,-121.43209,319.19,0.32,0.55,2026-07-22,0932,N,VIIRS,n,2.0NRT,292.05,6.28,N
49.82512,-121.43674,350.42,0.32,0.55,2026-07-22,0932,N,VIIRS,n,2.0NRT,294.79,6.28,N
49.82529,-121.44025,367.0,0.32,0.55,2026-07-22,0932,N,VIIRS,h,2.0NRT,300.78,14.08,N
49.82545,-121.44352,367.0,0.32,0.55,2026-07-22,0932,N,VIIRS,h,2.0NRT,298.88,14.08,N
49.82561,-121.44699,327.93,0.32,0.55,2026-07-22,0932,N,VIIRS,n,2.0NRT,295.01,4.17,N
49.82579,-121.45074,308.52,0.32,0.55,2026-07-22,0932,N,VIIRS,n,2.0NRT,292.62,4.17,N
49.82598,-121.4549,303.96,0.32,0.55,2026-07-22,0932,N,VIIRS,n,2.0NRT,291.73,2.99,N
49.8262,-121.45952,331.55,0.32,0.55,2026-07-22,0932,N,VIIRS,n,2.0NRT,292.78,2.99,N
49.82643,-121.46456,367.0,0.32,0.55,2026-07-22,0932,N,VIIRS,h,2.0NRT,295.43,5.43,N
49.82664,-121.46904,313.1,0.32,0.55,2026-07-22,0932,N,VIIRS,n,2.0NRT,292.94,5.43,N
49.82714,-121.37133,308.2,0.32,0.54,2026-07-22,0932,N,VIIRS,n,2.0NRT,292.71,2.04,N
49.82747,-121.37816,330.81,0.32,0.54,2026-07-22,0932,N,VIIRS,n,2.0NRT,295.53,2.04,N
49.82771,-121.38328,308.85,0.32,0.54,2026-07-22,0932,N,VIIRS,n,2.0NRT,294.6,1.71,N
49.82793,-121.38801,314.34,0.32,0.54,2026-07-22,0932,N,VIIRS,n,2.0NRT,294.83,1.71,N
49.82811,-121.39169,317.65,0.32,0.54,2026-07-22,0932,N,VIIRS,n,2.0NRT,294.4,3.0,N
49.82829,-121.39553,328.12,0.32,0.54,2026-07-22,0932,N,VIIRS,n,2.0NRT,295.28,3.0,N
49.82848,-121.39933,324.41,0.32,0.54,2026-07-22,0932,N,VIIRS,n,2.0NRT,295.16,3.29,N
49.82866,-121.40316,316.34,0.32,0.54,2026-07-22,0932,N,VIIRS,n,2.0NRT,294.33,3.29,N
49.82885,-121.40714,309.32,0.32,0.55,2026-07-22,0932,N,VIIRS,n,2.0NRT,293.07,0.98,N
49.82903,-121.41105,306.67,0.32,0.55,2026-07-22,0932,N,VIIRS,n,2.0NRT,292.75,0.98,N
49.82925,-121.4155,305.55,0.32,0.55,2026-07-22,0932,N,VIIRS,n,2.0NRT,292.87,1.28,N
49.82959,-121.42292,319.61,0.32,0.55,2026-07-22,0932,N,VIIRS,n,2.0NRT,294.78,1.28,N
49.83,-121.43159,324.86,0.32,0.55,2026-07-22,0932,N,VIIRS,n,2.0NRT,293.68,2.41,N
49.83021,-121.4359,330.79,0.32,0.55,2026-07-22,0932,N,VIIRS,n,2.0NRT,295.53,2.41,N
49.83038,-121.43951,312.67,0.32,0.55,2026-07-22,0932,N,VIIRS,n,2.0NRT,296.06,1.69,N
49.83052,-121.44254,312.97,0.32,0.55,2026-07-22,0932,N,VIIRS,n,2.0NRT,296.93,1.69,N
49.83067,-121.44566,312.99,0.32,0.55,2026-07-22,0932,N,VIIRS,n,2.0NRT,296.46,1.66,N
49.83083,-121.4491,317.11,0.32,0.55,2026-07-22,0932,N,VIIRS,n,2.0NRT,296.23,1.66,N
49.83101,-121.45295,333.58,0.32,0.55,2026-07-22,0932,N,VIIRS,n,2.0NRT,296.01,3.13,N
49.83121,-121.45708,330.47,0.32,0.55,2026-07-22,0932,N,VIIRS,n,2.0NRT,296.04,3.13,N
49.83141,-121.46142,342.2,0.32,0.55,2026-07-22,0932,N,VIIRS,n,2.0NRT,296.22,2.79,N
49.83163,-121.46601,318.11,0.32,0.55,2026-07-22,0932,N,VIIRS,n,2.0NRT,294.28,2.79,N
49.83163,-121.35851,310.22,0.64,0.54,2026-07-22,0932,N,VIIRS,n,2.0NRT,290.94,1.79,N
49.83185,-121.4708,306.7,0.32,0.55,2026-07-22,0932,N,VIIRS,n,2.0NRT,293.28,1.78,N
49.83215,-121.3694,323.76,0.32,0.54,2026-07-22,0932,N,VIIRS,n,2.0NRT,294.92,2.04,N
49.83229,-121.48015,308.34,0.32,0.55,2026-07-22,0932,N,VIIRS,n,2.0NRT,292.66,0.89,N
49.83247,-121.37608,326.79,0.32,0.54,2026-07-22,0932,N,VIIRS,n,2.0NRT,296.04,2.04,N
49.83251,-121.48479,303.16,0.32,0.55,2026-07-22,0932,N,VIIRS,n,2.0NRT,291.83,0.89,N
49.83274,-121.38174,315.68,0.32,0.54,2026-07-22,0932,N,VIIRS,n,2.0NRT,295.08,1.71,N
49.83298,-121.38682,319.36,0.32,0.54,2026-07-22,0932,N,VIIRS,n,2.0NRT,295.41,1.71,N
49.8332,-121.39117,307.75,0.32,0.54,2026-07-22,0932,N,VIIRS,n,2.0NRT,294.87,3.0,N
49.8334,-121.39549,367.0,0.32,0.54,2026-07-22,0932,N,VIIRS,h,2.0NRT,295.78,3.0,N
49.83362,-121.40005,340.22,0.32,0.54,2026-07-22,0932,N,VIIRS,n,2.0NRT,295.35,3.29,N
49.83384,-121.40472,312.04,0.32,0.54,2026-07-22,0932,N,VIIRS,n,2.0NRT,294.51,3.29,N
49.83405,-121.40911,308.75,0.32,0.55,2026-07-22,0932,N,VIIRS,n,2.0NRT,293.92,0.98,N
49.83426,-121.41338,305.27,0.32,0.55,2026-07-22,0932,N,VIIRS,n,2.0NRT,293.49,0.98,N
49.83474,-121.42361,308.08,0.32,0.55,2026-07-22,0932,N,VIIRS,n,2.0NRT,293.12,1.28,N
49.8351,-121.43116,306.32,0.32,0.55,2026-07-22,0932,N,VIIRS,n,2.0NRT,293.81,2.41,N
49.83565,-121.4428,310.46,0.32,0.55,2026-07-22,0932,N,VIIRS,n,2.0NRT,296.41,1.69,N
49.8358,-121.44582,313.16,0.32,0.55,2026-07-22,0932,N,VIIRS,n,2.0NRT,296.24,1.66,N
49.83595,-121.44907,317.24,0.32,0.55,2026-07-22,0932,N,VIIRS,n,2.0NRT,295.78,1.66,N
49.83611,-121.45238,340.5,0.32,0.55,2026-07-22,0932,N,VIIRS,n,2.0NRT,295.72,3.13,N
49.83613,-121.34596,301.24,0.64,0.54,2026-07-22,0932,N,VIIRS,n,2.0NRT,291.01,3.86,N
49.83627,-121.45576,324.82,0.32,0.55,2026-07-22,0932,N,VIIRS,n,2.0NRT,296.04,3.13,N
49.83643,-121.45921,309.38,0.32,0.55,2026-07-22,0932,N,VIIRS,n,2.0NRT,294.03,2.79,N
49.83667,-121.35718,329.45,0.64,0.54,2026-07-22,0932,N,VIIRS,n,2.0NRT,295.0,3.86,N
49.83717,-121.36748,319.15,0.32,0.54,2026-07-22,0932,N,VIIRS,n,2.0NRT,294.7,2.78,N
49.83747,-121.3738,321.14,0.32,0.54,2026-07-22,0932,N,VIIRS,n,2.0NRT,295.25,2.78,N
49.83773,-121.3793,318.76,0.32,0.54,2026-07-22,0932,N,VIIRS,n,2.0NRT,294.9,2.95,N
49.83797,-121.38428,322.05,0.32,0.54,2026-07-22,0932,N,VIIRS,n,2.0NRT,295.25,2.95,N
49.83801,-121.49265,307.14,0.32,0.55,2026-07-22,0932,N,VIIRS,n,2.0NRT,291.49,1.23,N
49.83821,-121.3891,315.26,0.32,0.54,2026-07-22,0932,N,VIIRS,n,2.0NRT,294.9,2.05,N
49.83844,-121.39399,311.24,0.32,0.54,2026-07-22,0932,N,VIIRS,n,2.0NRT,294.35,2.05,N
49.8387,-121.39929,309.34,0.32,0.54,2026-07-22,0932,N,VIIRS,n,2.0NRT,294.4,1.6,N
49.8394,-121.41399,305.79,0.32,0.55,2026-07-22,0932,N,VIIRS,n,2.0NRT,294.31,1.53,N
49.83985,-121.4234,307.12,0.32,0.55,2026-07-22,0932,N,VIIRS,n,2.0NRT,294.25,3.28,N
49.84079,-121.44328,308.4,0.32,0.55,2026-07-22,0932,N,VIIRS,n,2.0NRT,296.09,2.1,N
49.84095,-121.44639,310.88,0.32,0.55,2026-07-22,0932,N,VIIRS,n,2.0NRT,296.29,1.78,N
49.84109,-121.44949,308.33,0.32,0.55,2026-07-22,0932,N,VIIRS,n,2.0NRT,295.2,1.78,N
49.84117,-121.34486,318.61,0.64,0.54,2026-07-22,0932,N,VIIRS,n,2.0NRT,293.69,3.86,N
49.84124,-121.45258,339.73,0.32,0.55,2026-07-22,0932,N,VIIRS,n,2.0NRT,294.51,3.47,N
49.84169,-121.35559,324.8,0.64,0.54,2026-07-22,0932,N,VIIRS,n,2.0NRT,295.79,3.86,N
49.84214,-121.36494,325.9,0.32,0.54,2026-07-22,0932,N,VIIRS,n,2.0NRT,295.77,2.78,N
49.84243,-121.37085,330.7,0.32,0.54,2026-07-22,0932,N,VIIRS,n,2.0NRT,297.87,2.78,N
49.8427,-121.3764,338.79,0.32,0.54,2026-07-22,0932,N,VIIRS,n,2.0NRT,298.04,2.95,N
49.84277,-121.48494,308.4,0.32,0.55,2026-07-22,0932,N,VIIRS,n,2.0NRT,291.69,0.52,N
49.84294,-121.38134,325.1,0.32,0.54,2026-07-22,0932,N,VIIRS,n,2.0NRT,295.86,2.95,N
49.84315,-121.38585,330.12,0.32,0.54,2026-07-22,0932,N,VIIRS,n,2.0NRT,296.04,2.05,N
49.8434,-121.39105,317.39,0.32,0.54,2026-07-22,0932,N,VIIRS,n,2.0NRT,294.28,2.05,N
49.84367,-121.39644,318.6,0.32,0.54,2026-07-22,0932,N,VIIRS,n,2.0NRT,295.05,1.6,N
49.84392,-121.4016,309.71,0.32,0.54,2026-07-22,0932,N,VIIRS,n,2.0NRT,294.6,1.6,N
49.8444,-121.4117,305.59,0.32,0.55,2026-07-22,0932,N,VIIRS,n,2.0NRT,294.49,1.53,N
49.84521,-121.42862,324.85,0.32,0.55,2026-07-22,0932,N,VIIRS,n,2.0NRT,296.09,2.82,N
49.84554,-121.43534,328.32,0.32,0.55,2026-07-22,0932,N,VIIRS,n,2.0NRT,294.86,2.82,N
49.84594,-121.44386,321.72,0.32,0.55,2026-07-22,0932,N,VIIRS,n,2.0NRT,296.07,2.1,N
49.8461,-121.44701,323.3,0.32,0.55,2026-07-22,0932,N,VIIRS,n,2.0NRT,296.3,1.78,N
49.84621,-121.34361,343.8,0.64,0.54,2026-07-22,0932,N,VIIRS,n,2.0NRT,298.46,12.93,N
49.8467,-121.35386,340.51,0.64,0.54,2026-07-22,0932,N,VIIRS,n,2.0NRT,297.18,12.93,N
49.84712,-121.3624,319.32,0.32,0.54,2026-07-22,0932,N,VIIRS,n,2.0NRT,294.47,5.64,N
49.8474,-121.36821,332.92,0.32,0.54,2026-07-22,0932,N,VIIRS,n,2.0NRT,298.0,5.64,N
49.84767,-121.37372,342.02,0.32,0.54,2026-07-22,0932,N,VIIRS,n,2.0NRT,299.76,6.72,N
49.84768,-121.48029,300.21,0.32,0.55,2026-07-22,0932,N,VIIRS,n,2.0NRT,289.0,0.52,N
49.8479,-121.48506,308.7,0.32,0.55,2026-07-22,0932,N,VIIRS,n,2.0NRT,290.47,1.97,N
49.84792,-121.37887,345.54,0.32,0.54,2026-07-22,0932,N,VIIRS,n,2.0NRT,299.62,6.72,N
49.84816,-121.38366,352.51,0.32,0.54,2026-07-22,0932,N,VIIRS,n,2.0NRT,301.85,6.52,N
49.8484,-121.38861,340.16,0.32,0.54,2026-07-22,0932,N,VIIRS,n,2.0NRT,299.81,6.52,N
49.84861,-121.33641,328.43,0.64,0.54,2026-07-22,0932,N,VIIRS,n,2.0NRT,293.35,14.06,N
49.84866,-121.39403,324.38,0.32,0.54,2026-07-22,0932,N,VIIRS,n,2.0NRT,295.18,2.53,N
49.84889,-121.39879,320.06,0.32,0.54,2026-07-22,0932,N,VIIRS,n,2.0NRT,294.29,2.53,N
49.84907,-121.34705,349.96,0.64,0.54,2026-07-22,0932,N,VIIRS,n,2.0NRT,300.81,14.06,N
49.8491,-121.4032,312.48,0.32,0.55,2026-07-22,0932,N,VIIRS,n,2.0NRT,294.47,1.26,N
49.84933,-121.4079,312.1,0.32,0.55,2026-07-22,0932,N,VIIRS,n,2.0NRT,294.19,1.26,N
49.84957,-121.41291,315.82,0.32,0.55,2026-07-22,0932,N,VIIRS,n,2.0NRT,293.96,2.69,N
49.84985,-121.41859,311.48,0.32,0.55,2026-07-22,0932,N,VIIRS,n,2.0NRT,294.25,2.69,N
49.85017,-121.42516,332.6,0.32,0.55,2026-07-22,0932,N,VIIRS,n,2.0NRT,296.65,5.0,N
49.85054,-121.43294,338.74,0.32,0.55,2026-07-22,0932,N,VIIRS,n,2.0NRT,297.76,5.0,N
49.85067,-121.33086,310.84,0.63,0.54,2026-07-22,0932,N,VIIRS,n,2.0NRT,290.42,3.19,N
49.85085,-121.4393,304.2,0.32,0.55,2026-07-22,0932,N,VIIRS,n,2.0NRT,292.36,2.91,N
49.85107,-121.44404,339.1,0.32,0.55,2026-07-22,0932,N,VIIRS,n,2.0NRT,297.16,2.91,N
49.85122,-121.34193,347.17,0.64,0.54,2026-07-22,0932,N,VIIRS,n,2.0NRT,299.39,12.93,N
49.85124,-121.44744,336.57,0.32,0.55,2026-07-22,0932,N,VIIRS,n,2.0NRT,299.57,4.79,N
49.85139,-121.45067,310.05,0.32,0.55,2026-07-22,0932,N,VIIRS,n,2.0NRT,294.65,4.79,N
49.85167,-121.35118,355.1,0.64,0.54,2026-07-22,0932,N,VIIRS,n,2.0NRT,301.26,12.93,N
49.85205,-121.35899,355.85,0.32,0.54,2026-07-22,0932,N,VIIRS,n,2.0NRT,302.65,5.64,N
49.85236,-121.36521,344.71,0.32,0.54,2026-07-22,0932,N,VIIRS,n,2.0NRT,298.27,5.64,N
49.85266,-121.37142,338.49,0.32,0.54,2026-07-22,0932,N,VIIRS,n,2.0NRT,298.52,6.72,N
49.85278,-121.47956,317.12,0.32,0.55,2026-07-22,0932,N,VIIRS,n,2.0NRT,292.51,2.2,N
49.85294,-121.37708,367.0,0.32,0.54,2026-07-22,0932,N,VIIRS,h,2.0NRT,303.87,6.72,N
49.85295,-121.48328,333.99,0.32,0.55,2026-07-22,0932,N,VIIRS,n,2.0NRT,296.04,1.89,N
49.85312,-121.48692,301.93,0.32,0.55,2026-07-22,0932,N,VIIRS,n,2.0NRT,289.58,1.89,N
49.85319,-121.38212,354.53,0.32,0.54,2026-07-22,0932,N,VIIRS,n,2.0NRT,302.45,6.52,N
49.85343,-121.38704,328.96,0.32,0.54,2026-07-22,0932,N,VIIRS,n,2.0NRT,297.39,6.52,N
49.85367,-121.39201,322.13,0.32,0.54,2026-07-22,0932,N,VIIRS,n,2.0NRT,295.68,2.53,N
49.85367,-121.33575,336.59,0.64,0.54,2026-07-22,0932,N,VIIRS,n,2.0NRT,294.61,14.06,N
49.85389,-121.39648,321.05,0.32,0.54,2026-07-22,0932,N,VIIRS,n,2.0NRT,294.24,2.53,N
49.85408,-121.40048,305.84,0.32,0.55,2026-07-22,0932,N,VIIRS,n,2.0NRT,292.92,1.26,N
49.85408,-121.34496,367.0,0.64,0.54,2026-07-22,0932,N,VIIRS,h,2.0NRT,304.52,14.06,N
49.85427,-121.40443,305.08,0.32,0.55,2026-07-22,0932,N,VIIRS,n,2.0NRT,292.85,1.26,N
49.85449,-121.40881,320.71,0.32,0.55,2026-07-22,0932,N,VIIRS,n,2.0NRT,295.41,2.69,N
49.85474,-121.41398,343.83,0.32,0.55,2026-07-22,0932,N,VIIRS,n,2.0NRT,300.52,2.69,N
49.85504,-121.42015,350.27,0.32,0.55,2026-07-22,0932,N,VIIRS,n,2.0NRT,300.86,5.0,N
49.85546,-121.42895,345.22,0.32,0.55,2026-07-22,0932,N,VIIRS,n,2.0NRT,299.14,5.0,N
49.85574,-121.3304,340.47,0.63,0.54,2026-07-22,0932,N,VIIRS,n,2.0NRT,293.98,17.9,N
49.8559,-121.43795,324.06,0.32,0.55,2026-07-22,0932,N,VIIRS,n,2.0NRT,294.52,2.91,N
49.85617,-121.44353,309.31,0.32,0.55,2026-07-22,0932,N,VIIRS,n,2.0NRT,292.64,2.91,N
49.85625,-121.34062,367.0,0.64,0.54,2026-07-22,0932,N,VIIRS,h,2.0NRT,310.15,31.55,N
49.85636,-121.44749,367.0,0.32,0.55,2026-07-22,0932,N,VIIRS,h,2.0NRT,296.67,4.79,N
49.85654,-121.45115,344.37,0.32,0.55,2026-07-22,0932,N,VIIRS,n,2.0NRT,295.14,4.79,N
49.85665,-121.34883,356.04,0.64,0.54,2026-07-22,0932,N,VIIRS,n,2.0NRT,302.64,31.55,N
49.85701,-121.35615,367.0,0.32,0.54,2026-07-22,0932,N,VIIRS,h,2.0NRT,300.81,7.79,N
49.85732,-121.36246,348.79,0.32,0.54,2026-07-22,0932,N,VIIRS,n,2.0NRT,299.62,7.79,N
49.85765,-121.36919,342.97,0.32,0.54,2026-07-22,0932,N,VIIRS,n,2.0NRT,298.66,7.09,N
49.85794,-121.37486,349.42,0.32,0.54,2026-07-22,0932,N,VIIRS,n,2.0NRT,300.98,7.09,N
49.85807,-121.48306,308.7,0.32,0.55,2026-07-22,0932,N,VIIRS,n,2.0NRT,289.67,1.89,N
49.85818,-121.37982,367.0,0.32,0.54,2026-07-22,0932,N,VIIRS,h,2.0NRT,304.11,6.21,N
49.85819,-121.32256,307.91,0.63,0.54,2026-07-22,0932,N,VIIRS,n,2.0NRT,288.79,4.52,N
49.85841,-121.38457,332.07,0.32,0.54,2026-07-22,0932,N,VIIRS,n,2.0NRT,297.46,6.21,N
49.85864,-121.38921,328.96,0.32,0.54,2026-07-22,0932,N,VIIRS,n,2.0NRT,296.13,4.01,N
49.85872,-121.33459,367.0,0.64,0.54,2026-07-22,0932,N,VIIRS,h,2.0NRT,306.91,33.74,N
49.85886,-121.39362,324.95,0.32,0.54,2026-07-22,0932,N,VIIRS,n,2.0NRT,294.36,4.01,N
49.85906,-121.39769,318.31,0.32,0.55,2026-07-22,0932,N,VIIRS,n,2.0NRT,293.75,2.12,N
49.8591,-121.34316,367.0,0.64,0.54,2026-07-22,0932,N,VIIRS,h,2.0NRT,310.33,33.74,N
49.85923,-121.40118,307.09,0.32,0.55,2026-07-22,0932,N,VIIRS,n,2.0NRT,293.14,2.12,N
49.85938,-121.34939,344.95,0.32,0.54,2026-07-22,0932,N,VIIRS,n,2.0NRT,300.07,6.46,N
49.85941,-121.40504,304.75,0.32,0.55,2026-07-22,0932,N,VIIRS,n,2.0NRT,291.74,1.88,N
49.8596,-121.35433,367.0,0.32,0.54,2026-07-22,0932,N,VIIRS,h,2.0NRT,303.5,6.46,N
49.85965,-121.4098,332.12,0.32,0.55,2026-07-22,0932,N,VIIRS,n,2.0NRT,296.97,1.88,N
49.85987,-121.3605,350.66,0.32,0.54,2026-07-22,0932,N,VIIRS,n,2.0NRT,300.83,7.29,N
49.85994,-121.41576,342.25,0.32,0.55,2026-07-22,0932,N,VIIRS,n,2.0NRT,298.81,4.88,N
49.86016,-121.36738,348.98,0.32,0.54,2026-07-22,0932,N,VIIRS,n,2.0NRT,300.43,7.29,N
49.86034,-121.42395,339.8,0.32,0.55,2026-07-22,0932,N,VIIRS,n,2.0NRT,298.25,4.88,N
49.86042,-121.3732,340.23,0.32,0.54,2026-07-22,0932,N,VIIRS,n,2.0NRT,297.82,7.13,N
49.86063,-121.37804,348.42,0.32,0.54,2026-07-22,0932,N,VIIRS,n,2.0NRT,301.58,7.13,N
49.86081,-121.32987,354.57,0.63,0.54,2026-07-22,0932,N,VIIRS,n,2.0NRT,300.7,17.9,N
49.86084,-121.38271,339.51,0.32,0.54,2026-07-22,0932,N,VIIRS,n,2.0NRT,299.49,5.23,N
49.86088,-121.43498,324.35,0.32,0.55,2026-07-22,0932,N,VIIRS,n,2.0NRT,295.27,3.38,N
49.86104,-121.38735,339.57,0.32,0.54,2026-07-22,0932,N,VIIRS,n,2.0NRT,298.29,5.23,N
49.86124,-121.44227,332.46,0.32,0.55,2026-07-22,0932,N,VIIRS,n,2.0NRT,293.24,3.38,N
49.86124,-121.39186,333.55,0.32,0.55,2026-07-22,0932,N,VIIRS,n,2.0NRT,296.45,3.82,N
49.86127,-121.33909,367.0,0.64,0.54,2026-07-22,0932,N,VIIRS,h,2.0NRT,309.07,31.55,N
49.86142,-121.39597,328.81,0.32,0.55,2026-07-22,0932,N,VIIRS,n,2.0NRT,295.05,3.82,N
49.86158,-121.39941,318.34,0.32,0.55,2026-07-22,0932,N,VIIRS,n,2.0NRT,294.51,1.9,N
49.86165,-121.34682,340.59,0.64,0.54,2026-07-22,0932,N,VIIRS,n,2.0NRT,298.74,31.55,N
49.86167,-121.45131,314.38,0.32,0.55,2026-07-22,0932,N,VIIRS,n,2.0NRT,292.99,3.41,N
49.86175,-121.40328,307.12,0.32,0.55,2026-07-22,0932,N,VIIRS,n,2.0NRT,292.58,1.9,N
49.86194,-121.40755,316.1,0.32,0.55,2026-07-22,0932,N,VIIRS,n,2.0NRT,293.01,2.44,N
49.86199,-121.35372,348.7,0.32,0.54,2026-07-22,0932,N,VIIRS,n,2.0NRT,302.18,7.79,N
49.86218,-121.41321,336.07,0.32,0.55,2026-07-22,0932,N,VIIRS,n,2.0NRT,297.52,2.44,N
49.86231,-121.36018,351.24,0.32,0.54,2026-07-22,0932,N,VIIRS,n,2.0NRT,301.73,7.79,N
49.8625,-121.42068,342.3,0.32,0.55,2026-07-22,0932,N,VIIRS,n,2.0NRT,298.86,5.02,N
49.86264,-121.36687,349.44,0.32,0.54,2026-07-22,0932,N,VIIRS,n,2.0NRT,299.32,7.09,N
49.86293,-121.37264,349.8,0.32,0.54,2026-07-22,0932,N,VIIRS,n,2.0NRT,299.51,7.09,N
49.86298,-121.43198,343.38,0.32,0.55,2026-07-22,0932,N,VIIRS,n,2.0NRT,298.47,5.02,N
49.86316,-121.37723,335.86,0.32,0.54,2026-07-22,0932,N,VIIRS,n,2.0NRT,298.07,6.21,N
49.86329,-121.32278,301.24,0.63,0.54,2026-07-22,0932,N,VIIRS,n,2.0NRT,290.23,4.52,N
49.86336,-121.44104,313.49,0.32,0.55,2026-07-22,0932,N,VIIRS,n,2.0NRT,293.48,1.81,N
49.86338,-121.38182,340.48,0.32,0.54,2026-07-22,0932,N,VIIRS,n,2.0NRT,299.62,6.21,N
49.8636,-121.44658,303.7,0.32,0.55,2026-07-22,0932,N,VIIRS,n,2.0NRT,291.87,1.81,N
49.86361,-121.38644,344.33,0.32,0.54,2026-07-22,0932,N,VIIRS,n,2.0NRT,299.06,4.01,N
49.86374,-121.33292,353.6,0.64,0.54,2026-07-22,0932,N,VIIRS,n,2.0NRT,300.41,33.74,N
49.86384,-121.39101,335.84,0.32,0.54,2026-07-22,0932,N,VIIRS,n,2.0NRT,297.31,4.01,N
49.86404,-121.39515,327.89,0.32,0.55,2026-07-22,0932,N,VIIRS,n,2.0NRT,294.95,2.12,N
49.86411,-121.34129,347.75,0.64,0.54,2026-07-22,0932,N,VIIRS,n,2.0NRT,300.55,33.74,N
49.86423,-121.39895,317.99,0.32,0.55,2026-07-22,0932,N,VIIRS,n,2.0NRT,293.5,2.12,N
49.8644,-121.34769,318.43,0.32,0.54,2026-07-22,0932,N,VIIRS,n,2.0NRT,292.69,6.46,N
49.86441,-121.40268,309.55,0.32,0.55,2026-07-22,0932,N,VIIRS,n,2.0NRT,292.41,1.88,N
49.86462,-121.407,313.54,0.32,0.55,2026-07-22,0932,N,VIIRS,n,2.0NRT,292.46,1.88,N
49.86462,-121.35249,334.36,0.32,0.54,2026-07-22,0932,N,VIIRS,n,2.0NRT,297.4,6.46,N
49.86487,-121.35823,343.13,0.32,0.54,2026-07-22,0932,N,VIIRS,n,2.0NRT,299.48,7.29,N
49.86488,-121.41227,337.89,0.32,0.55,2026-07-22,0932,N,VIIRS,n,2.0NRT,298.44,4.88,N
49.86515,-121.36469,347.2,0.32,0.54,2026-07-22,0932,N,VIIRS,n,2.0NRT,299.15,7.29,N
49.86526,-121.42001,344.72,0.32,0.55,2026-07-22,0932,N,VIIRS,n,2.0NRT,299.46,4.88,N
49.8654,-121.37032,357.18,0.32,0.54,2026-07-22,0932,N,VIIRS,n,2.0NRT,301.47,7.13,N
49.86561,-121.37511,348.3,0.32,0.54,2026-07-22,0932,N,VIIRS,n,2.0NRT,300.13,7.13,N
49.8658,-121.32779,338.77,0.63,0.54,2026-07-22,0932,N,VIIRS,n,2.0NRT,293.17,10.65,N
49.86581,-121.3797,334.33,0.32,0.54,2026-07-22,0932,N,VIIRS,n,2.0NRT,297.84,5.23,N
49.86583,-121.43166,344.8,0.32,0.55,2026-07-22,0932,N,VIIRS,n,2.0NRT,297.97,3.38,N
49.86602,-121.38443,339.68,0.32,0.54,2026-07-22,0932,N,VIIRS,n,2.0NRT,299.24,5.23,N
49.86622,-121.33633,355.42,0.64,0.54,2026-07-22,0932,N,VIIRS,n,2.0NRT,301.26,11.43,N
49.86623,-121.38918,335.04,0.32,0.55,2026-07-22,0932,N,VIIRS,n,2.0NRT,297.18,3.82,N
49.86629,-121.44101,309.41,0.32,0.55,2026-07-22,0932,N,VIIRS,n,2.0NRT,293.23,3.38,N
49.86644,-121.39369,327.37,0.32,0.55,2026-07-22,0932,N,VIIRS,n,2.0NRT,294.46,3.82,N
49.86662,-121.39774,321.47,0.32,0.55,2026-07-22,0932,N,VIIRS,n,2.0NRT,293.77,1.9,N
49.86667,-121.34525,316.21,0.64,0.54,2026-07-22,0932,N,VIIRS,n,2.0NRT,292.1,11.43,N
49.86679,-121.4017,311.18,0.32,0.55,2026-07-22,0932,N,VIIRS,n,2.0NRT,292.94,1.9,N
49.86697,-121.40579,314.34,0.32,0.55,2026-07-22,0932,N,VIIRS,n,2.0NRT,292.89,2.44,N
49.86702,-121.35236,327.2,0.32,0.54,2026-07-22,0932,N,VIIRS,n,2.0NRT,294.57,5.25,N
49.86719,-121.41072,322.61,0.32,0.55,2026-07-22,0932,N,VIIRS,n,2.0NRT,294.41,2.44,N
49.86731,-121.35809,339.52,0.32,0.54,2026-07-22,0932,N,VIIRS,n,2.0NRT,298.42,5.25,N
49.86748,-121.41734,342.43,0.32,0.55,2026-07-22,0932,N,VIIRS,n,2.0NRT,298.12,5.02,N
49.86761,-121.36418,349.64,0.32,0.54,2026-07-22,0932,N,VIIRS,n,2.0NRT,299.66,7.04,N
49.86788,-121.36948,356.0,0.32,0.54,2026-07-22,0932,N,VIIRS,n,2.0NRT,301.7,7.04,N
49.86798,-121.42918,347.34,0.32,0.55,2026-07-22,0932,N,VIIRS,n,2.0NRT,299.01,5.02,N
49.86811,-121.37424,341.32,0.32,0.54,2026-07-22,0932,N,VIIRS,n,2.0NRT,298.45,6.35,N
49.86833,-121.37862,339.32,0.32,0.54,2026-07-22,0932,N,VIIRS,n,2.0NRT,298.28,6.35,N
49.86842,-121.43961,313.84,0.32,0.55,2026-07-22,0932,N,VIIRS,n,2.0NRT,293.96,1.81,N
49.86856,-121.38329,328.97,0.32,0.54,2026-07-22,0932,N,VIIRS,n,2.0NRT,296.17,4.53,N
49.86869,-121.44594,303.91,0.32,0.55,2026-07-22,0932,N,VIIRS,n,2.0NRT,292.2,1.81,N
49.86871,-121.33013,343.87,0.64,0.54,2026-07-22,0932,N,VIIRS,n,2.0NRT,294.08,9.86,N
49.86881,-121.38836,338.12,0.32,0.54,2026-07-22,0932,N,VIIRS,n,2.0NRT,297.1,4.53,N
49.86905,-121.3932,334.8,0.32,0.55,2026-07-22,0932,N,VIIRS,n,2.0NRT,296.07,2.95,N
49.8691,-121.33868,346.23,0.64,0.54,2026-07-22,0932,N,VIIRS,n,2.0NRT,296.84,9.86,N
49.86927,-121.39761,318.98,0.32,0.55,2026-07-22,0932,N,VIIRS,n,2.0NRT,293.81,2.95,N
49.86943,-121.34605,310.89,0.32,0.54,2026-07-22,0932,N,VIIRS,n,2.0NRT,291.05,3.51,N
49.86965,-121.35114,342.8,0.32,0.54,2026-07-22,0932,N,VIIRS,n,2.0NRT,296.17,3.51,N
49.86968,-121.4059,323.8,0.32,0.55,2026-07-22,0932,N,VIIRS,n,2.0NRT,294.37,2.16,N
49.8699,-121.41045,322.22,0.32,0.55,2026-07-22,0932,N,VIIRS,n,2.0NRT,294.26,3.37,N
49.8699,-121.35651,339.82,0.32,0.54,2026-07-22,0932,N,VIIRS,n,2.0NRT,297.25,4.78,N
49.87015,-121.36231,342.05,0.32,0.54,2026-07-22,0932,N,VIIRS,n,2.0NRT,298.34,4.78,N
49.87024,-121.41723,347.61,0.32,0.55,2026-07-22,0932,N,VIIRS,n,2.0NRT,297.35,3.37,N
49.87038,-121.36749,350.64,0.32,0.54,2026-07-22,0932,N,VIIRS,n,2.0NRT,300.66,6.86,N
49.87059,-121.37225,348.07,0.32,0.54,2026-07-22,0932,N,VIIRS,n,2.0NRT,299.24,6.86,N
49.87079,-121.37662,341.56,0.32,0.54,2026-07-22,0932,N,VIIRS,n,2.0NRT,297.97,5.74,N
49.87083,-121.42924,329.27,0.32,0.55,2026-07-22,0932,N,VIIRS,n,2.0NRT,294.62,2.89,N
49.871,-121.38142,337.85,0.32,0.54,2026-07-22,0932,N,VIIRS,n,2.0NRT,296.67,5.74,N
49.87118,-121.3336,336.18,0.64,0.54,2026-07-22,0932,N,VIIRS,n,2.0NRT,295.65,11.43,N
49.87123,-121.38654,329.31,0.32,0.55,2026-07-22,0932,N,VIIRS,n,2.0NRT,294.25,3.48,N
49.87135,-121.43968,306.25,0.32,0.55,2026-07-22,0932,N,VIIRS,n,2.0NRT,292.75,2.89,N
49.87147,-121.392,334.04,0.32,0.55,2026-07-22,0932,N,VIIRS,n,2.0NRT,296.94,3.48,N
49.87166,-121.34315,328.46,0.64,0.54,2026-07-22,0932,N,VIIRS,n,2.0NRT,292.71,11.43,N
49.87168,-121.3968,316.1,0.32,0.55,2026-07-22,0932,N,VIIRS,n,2.0NRT,293.84,2.93,N
49.87206,-121.40537,312.62,0.32,0.55,2026-07-22,0932,N,VIIRS,n,2.0NRT,292.8,2.2,N
49.87206,-121.35117,353.87,0.32,0.54,2026-07-22,0932,N,VIIRS,n,2.0NRT,300.74,5.25,N
49.87227,-121.41001,342.38,0.32,0.55,2026-07-22,0932,N,VIIRS,n,2.0NRT,296.99,2.2,N
49.87233,-121.35661,337.02,0.32,0.54,2026-07-22,0932,N,VIIRS,n,2.0NRT,296.25,5.25,N
49.87252,-121.41586,321.33,0.32,0.55,2026-07-22,0932,N,VIIRS,n,2.0NRT,292.76,2.52,N
49.87261,-121.36214,339.79,0.32,0.54,2026-07-22,0932,N,VIIRS,n,2.0NRT,298.6,7.04,N
49.87286,-121.36713,350.02,0.32,0.54,2026-07-22,0932,N,VIIRS,n,2.0NRT,300.14,7.04,N
49.87299,-121.42672,320.32,0.32,0.55,2026-07-22,0932,N,VIIRS,n,2.0NRT,292.93,2.52,N
49.8731,-121.37185,350.77,0.32,0.54,2026-07-22,0932,N,VIIRS,n,2.0NRT,300.34,6.35,N
49.87332,-121.37626,342.31,0.32,0.54,2026-07-22,0932,N,VIIRS,n,2.0NRT,298.13,6.35,N
49.87355,-121.38093,342.4,0.32,0.54,2026-07-22,0932,N,VIIRS,n,2.0NRT,297.98,4.53,N
49.87385,-121.38685,335.9,0.32,0.54,2026-07-22,0932,N,VIIRS,n,2.0NRT,295.03,4.53,N
49.87408,-121.33599,325.95,0.64,0.54,2026-07-22,0932,N,VIIRS,n,2.0NRT,292.98,9.86,N
49.87415,-121.39281,309.71,0.32,0.55,2026-07-22,0932,N,VIIRS,n,2.0NRT,293.02,2.95,N
49.87443,-121.34391,310.11,0.32,0.54,2026-07-22,0932,N,VIIRS,n,2.0NRT,290.58,3.51,N
49.87469,-121.34962,334.65,0.32,0.54,2026-07-22,0932,N,VIIRS,n,2.0NRT,292.9,3.51,N
49.87482,-121.40656,305.27,0.32,0.55,2026-07-22,0932,N,VIIRS,n,2.0NRT,291.3,2.16,N
49.87494,-121.35514,332.5,0.32,0.54,2026-07-22,0932,N,VIIRS,n,2.0NRT,295.38,4.78,N
49.87503,-121.4109,327.26,0.32,0.55,2026-07-22,0932,N,VIIRS,n,2.0NRT,293.72,3.37,N
49.87518,-121.36058,317.28,0.32,0.54,2026-07-22,0932,N,VIIRS,n,2.0NRT,293.15,4.78,N
49.8754,-121.36556,347.91,0.32,0.54,2026-07-22,0932,N,VIIRS,n,2.0NRT,300.39,6.86,N
49.87561,-121.37036,354.02,0.32,0.54,2026-07-22,0932,N,VIIRS,n,2.0NRT,301.49,6.86,N
49.87582,-121.37492,339.91,0.32,0.54,2026-07-22,0932,N,VIIRS,n,2.0NRT,298.0,5.74,N
49.87604,-121.37988,341.25,0.32,0.54,2026-07-22,0932,N,VIIRS,n,2.0NRT,296.9,5.74,N
49.8763,-121.3859,343.62,0.32,0.55,2026-07-22,0932,N,VIIRS,n,2.0NRT,298.01,3.48,N
49.87659,-121.39243,302.95,0.32,0.55,2026-07-22,0932,N,VIIRS,n,2.0NRT,291.08,3.48,N
49.87663,-121.34068,304.27,0.64,0.54,2026-07-22,0932,N,VIIRS,n,2.0NRT,289.61,1.65,N
49.88067,-121.36942,303.79,0.32,0.54,2026-07-22,0932,N,VIIRS,n,2.0NRT,292.01,0.83,N
49.8809,-121.4894,298.5,0.32,0.55,2026-07-22,0932,N,VIIRS,n,2.0NRT,288.4,0.49,N
49.8809,-121.37446,302.14,0.32,0.54,2026-07-22,0932,N,VIIRS,n,2.0NRT,291.45,1.08,N
49.88113,-121.37963,307.43,0.32,0.54,2026-07-22,0932,N,VIIRS,n,2.0NRT,291.92,1.08,N
49.88142,-121.38612,301.62,0.32,0.55,2026-07-22,0932,N,VIIRS,n,2.0NRT,291.3,0.63,N
49.88584,-121.37092,310.59,0.32,0.54,2026-07-22,0932,N,VIIRS,n,2.0NRT,290.36,0.83,N
49.88601,-121.48895,300.94,0.32,0.55,2026-07-22,0932,N,VIIRS,n,2.0NRT,288.82,0.57,N
49.89176,-121.50274,312.68,0.32,0.55,2026-07-22,0932,N,VIIRS,n,2.0NRT,289.2,1.44,N
49.89193,-121.50652,312.59,0.32,0.55,2026-07-22,0932,N,VIIRS,n,2.0NRT,288.05,1.52,N
49.89689,-121.50281,335.04,0.32,0.55,2026-07-22,0932,N,VIIRS,n,2.0NRT,290.48,3.18,N
49.89706,-121.50665,330.98,0.32,0.55,2026-07-22,0932,N,VIIRS,n,2.0NRT,288.34,1.46,N
49.89724,-121.51057,298.42,0.32,0.55,2026-07-22,0932,N,VIIRS,n,2.0NRT,286.96,1.46,N
49.8976,-121.51859,305.09,0.32,0.55,2026-07-22,0932,N,VIIRS,n,2.0NRT,289.88,1.02,N
49.89778,-121.52268,305.55,0.32,0.55,2026-07-22,0932,N,VIIRS,n,2.0NRT,289.3,2.22,N
49.90232,-121.50922,300.39,0.32,0.55,2026-07-22,0932,N,VIIRS,n,2.0NRT,289.04,1.46,N
49.90252,-121.51364,303.78,0.32,0.55,2026-07-22,0932,N,VIIRS,n,2.0NRT,289.47,1.02,N
49.90274,-121.51876,309.44,0.32,0.55,2026-07-22,0932,N,VIIRS,n,2.0NRT,290.65,1.02,N
49.90765,-121.51369,301.26,0.32,0.55,2026-07-22,0932,N,VIIRS,n,2.0NRT,289.01,1.82,N
49.9079,-121.51919,321.76,0.32,0.55,2026-07-22,0932,N,VIIRS,n,2.0NRT,290.47,1.82,N
49.91225,-121.50187,300.43,0.32,0.55,2026-07-22,0932,N,VIIRS,n,2.0NRT,288.79,1.17,N
49.91242,-121.50569,339.03,0.32,0.55,2026-07-22,0932,N,VIIRS,n,2.0NRT,295.65,4.36,N
49.91262,-121.50999,338.87,0.32,0.55,2026-07-22,0932,N,VIIRS,n,2.0NRT,297.4,4.36,N
49.91283,-121.51473,319.72,0.32,0.55,2026-07-22,0932,N,VIIRS,n,2.0NRT,293.27,1.82,N
49.91306,-121.51969,306.14,0.32,0.55,2026-07-22,0932,N,VIIRS,n,2.0NRT,288.29,1.82,N
49.91324,-121.52379,329.9,0.32,0.55,2026-07-22,0932,N,VIIRS,n,2.0NRT,293.01,3.61,N
49.9134,-121.52747,333.09,0.32,0.55,2026-07-22,0932,N,VIIRS,n,2.0NRT,294.53,3.61,N
49.91358,-121.53139,330.45,0.32,0.55,2026-07-22,0932,N,VIIRS,n,2.0NRT,292.26,4.23,N
49.91762,-121.50714,326.93,0.32,0.55,2026-07-22,0932,N,VIIRS,n,2.0NRT,295.25,2.17,N
49.91781,-121.51138,324.19,0.32,0.55,2026-07-22,0932,N,VIIRS,n,2.0NRT,293.29,2.17,N
49.918,-121.51554,299.37,0.32,0.55,2026-07-22,0932,N,VIIRS,n,2.0NRT,288.15,3.89,N
49.91819,-121.51964,327.65,0.32,0.55,2026-07-22,0932,N,VIIRS,n,2.0NRT,294.45,3.89,N
49.91837,-121.5236,326.59,0.32,0.55,2026-07-22,0932,N,VIIRS,n,2.0NRT,294.8,4.37,N
49.91855,-121.52752,302.62,0.32,0.55,2026-07-22,0932,N,VIIRS,n,2.0NRT,288.49,4.37,N
49.92297,-121.51189,319.83,0.32,0.55,2026-07-22,0932,N,VIIRS,n,2.0NRT,291.76,2.17,N
49.92315,-121.51568,326.85,0.32,0.55,2026-07-22,0932,N,VIIRS,n,2.0NRT,291.36,3.89,N
49.92331,-121.51943,367.0,0.32,0.55,2026-07-22,0932,N,VIIRS,h,2.0NRT,293.07,3.89,N
49.9235,-121.52344,367.0,0.32,0.55,2026-07-22,0932,N,VIIRS,h,2.0NRT,295.36,4.37,N
49.92369,-121.52752,302.8,0.32,0.55,2026-07-22,0932,N,VIIRS,n,2.0NRT,287.67,4.37,N
49.92404,-121.53536,306.03,0.32,0.55,2026-07-22,0932,N,VIIRS,n,2.0NRT,289.14,1.72,N
49.92844,-121.5191,308.88,0.32,0.55,2026-07-22,0932,N,VIIRS,n,2.0NRT,289.4,0.61,N
49.92881,-121.52729,306.1,0.32,0.55,2026-07-22,0932,N,VIIRS,n,2.0NRT,289.66,1.97,N
49.929,-121.53123,320.19,0.32,0.55,2026-07-22,0932,N,VIIRS,n,2.0NRT,290.53,2.14,N
49.92918,-121.53539,318.19,0.32,0.55,2026-07-22,0932,N,VIIRS,n,2.0NRT,289.35,2.14,N
49.92937,-121.53941,302.11,0.32,0.55,2026-07-22,0932,N,VIIRS,n,2.0NRT,287.83,2.04,N
49.93496,-121.54931,303.39,0.33,0.55,2026-07-22,0932,N,VIIRS,n,2.0NRT,289.1,1.42,N
49.93534,-121.55741,297.36,0.33,0.55,2026-07-22,0932,N,VIIRS,n,2.0NRT,287.06,1.2,N
49.93946,-121.53526,309.15,0.32,0.55,2026-07-22,0932,N,VIIRS,n,2.0NRT,287.17,0.95,N
49.93964,-121.53915,318.16,0.32,0.55,2026-07-22,0932,N,VIIRS,n,2.0NRT,290.29,0.95,N
49.93983,-121.54314,309.45,0.32,0.55,2026-07-22,0932,N,VIIRS,n,2.0NRT,287.07,0.98,N
49.94001,-121.54727,297.38,0.33,0.55,2026-07-22,0932,N,VIIRS,n,2.0NRT,283.61,0.98,N
49.94059,-121.5598,296.68,0.33,0.55,2026-07-22,0932,N,VIIRS,n,2.0NRT,284.96,0.45,N
49.94077,-121.56375,302.35,0.33,0.55,2026-07-22,0932,N,VIIRS,n,2.0NRT,285.31,0.45,N
49.94451,-121.31741,316.21,0.64,0.54,2026-07-22,0932,N,VIIRS,n,2.0NRT,289.58,3.14,N
49.94477,-121.5388,302.52,0.32,0.55,2026-07-22,0932,N,VIIRS,n,2.0NRT,286.43,0.95,N
49.94494,-121.54256,306.39,0.32,0.55,2026-07-22,0932,N,VIIRS,n,2.0NRT,288.6,0.98,N
49.94513,-121.5466,312.59,0.33,0.55,2026-07-22,0932,N,VIIRS,n,2.0NRT,287.51,0.98,N
49.9456,-121.33978,298.69,0.32,0.54,2026-07-22,0932,N,VIIRS,n,2.0NRT,288.0,0.37,N
50.06662,-121.29856,301.99,0.64,0.54,2026-07-22,0932,N,VIIRS,n,2.0NRT,285.71,1.79,N
50.06896,-121.29527,303.95,0.64,0.54,2026-07-22,0932,N,VIIRS,n,2.0NRT,287.86,2.22,N
50.08374,-121.28519,297.52,0.63,0.54,2026-07-22,0932,N,VIIRS,n,2.0NRT,287.07,1.47,N
50.08615,-121.28001,297.51,0.63,0.54,2026-07-22,0932,N,VIIRS,n,2.0NRT,286.79,0.8,N
50.09354,-121.33062,302.54,0.32,0.54,2026-07-22,0932,N,VIIRS,n,2.0NRT,285.51,0.67,N
50.09382,-121.33694,298.98,0.32,0.54,2026-07-22,0932,N,VIIRS,n,2.0NRT,286.67,0.67,N
50.10384,-121.33268,299.44,0.32,0.54,2026-07-22,0932,N,VIIRS,n,2.0NRT,283.86,0.81,N
50.10432,-121.34325,301.08,0.32,0.55,2026-07-22,0932,N,VIIRS,n,2.0NRT,287.86,0.9,N
50.10885,-121.33064,300.03,0.32,0.54,2026-07-22,0932,N,VIIRS,n,2.0NRT,285.08,0.18,N
49.80865,-121.40302,311.68,0.6,0.53,2026-07-22,1113,N,VIIRS,n,2.0NRT,291.27,3.49,N
49.81238,-121.39713,326.05,0.6,0.53,2026-07-22,1113,N,VIIRS,n,2.0NRT,293.64,3.49,N
49.815,-121.40643,313.6,0.6,0.53,2026-07-22,1113,N,VIIRS,n,2.0NRT,291.38,2.28,N
49.8155,-121.38903,320.54,0.6,0.53,2026-07-22,1113,N,VIIRS,n,2.0NRT,293.66,3.05,N
49.81678,-121.41274,303.0,0.6,0.53,2026-07-22,1113,N,VIIRS,n,2.0NRT,290.42,2.28,N
49.8187,-121.40042,322.59,0.6,0.53,2026-07-22,1113,N,VIIRS,n,2.0NRT,293.51,3.4,N
49.81903,-121.38239,312.87,0.6,0.53,2026-07-22,1113,N,VIIRS,n,2.0NRT,291.73,3.05,N
49.82099,-121.40857,324.22,0.6,0.53,2026-07-22,1113,N,VIIRS,n,2.0NRT,293.32,3.4,N
49.82159,-121.37231,304.99,0.6,0.53,2026-07-22,1113,N,VIIRS,n,2.0NRT,291.37,3.17,N
49.82197,-121.39285,308.87,0.6,0.53,2026-07-22,1113,N,VIIRS,n,2.0NRT,292.16,3.4,N
49.82264,-121.41438,328.03,0.6,0.53,2026-07-22,1113,N,VIIRS,n,2.0NRT,293.12,5.15,N
49.82342,-121.37878,322.02,0.6,0.53,2026-07-22,1113,N,VIIRS,n,2.0NRT,293.5,3.17,N
49.82404,-121.41939,322.77,0.59,0.53,2026-07-22,1113,N,VIIRS,n,2.0NRT,292.97,5.15,N
49.82453,-121.40195,312.41,0.6,0.53,2026-07-22,1113,N,VIIRS,n,2.0NRT,292.27,3.4,N
49.82458,-121.44048,330.34,0.59,0.53,2026-07-22,1113,N,VIIRS,n,2.0NRT,293.74,4.51,N
49.82515,-121.46165,309.84,0.59,0.53,2026-07-22,1113,N,VIIRS,n,2.0NRT,291.9,4.03,N
49.8254,-121.42423,357.11,0.59,0.53,2026-07-22,1113,N,VIIRS,n,2.0NRT,298.42,12.76,N
49.82561,-121.38661,310.41,0.6,0.53,2026-07-22,1113,N,VIIRS,n,2.0NRT,292.31,1.98,N
49.82644,-121.37032,322.69,0.6,0.53,2026-07-22,1113,N,VIIRS,n,2.0NRT,292.24,3.17,N
49.82669,-121.40968,314.34,0.6,0.53,2026-07-22,1113,N,VIIRS,n,2.0NRT,292.8,5.15,N
49.82685,-121.42938,345.56,0.59,0.53,2026-07-22,1113,N,VIIRS,n,2.0NRT,297.42,12.76,N
49.82734,-121.46945,330.91,0.59,0.53,2026-07-22,1113,N,VIIRS,n,2.0NRT,292.92,4.03,N
49.82779,-121.45193,320.46,0.59,0.53,2026-07-22,1113,N,VIIRS,n,2.0NRT,292.69,4.51,N
49.82806,-121.39532,315.35,0.6,0.53,2026-07-22,1113,N,VIIRS,n,2.0NRT,292.61,1.98,N
49.82818,-121.37652,318.82,0.6,0.53,2026-07-22,1113,N,VIIRS,n,2.0NRT,293.28,3.17,N
49.82855,-121.41627,335.64,0.59,0.53,2026-07-22,1113,N,VIIRS,n,2.0NRT,296.64,5.15,N
49.82901,-121.43707,324.28,0.59,0.53,2026-07-22,1113,N,VIIRS,n,2.0NRT,294.06,2.58,N
49.82964,-121.47766,310.04,0.59,0.53,2026-07-22,1113,N,VIIRS,n,2.0NRT,291.95,1.8,N
49.82965,-121.36254,331.88,0.6,0.53,2026-07-22,1113,N,VIIRS,n,2.0NRT,292.29,12.86,N
49.83007,-121.38326,305.83,0.6,0.53,2026-07-22,1113,N,VIIRS,n,2.0NRT,292.45,1.98,N
49.83014,-121.42194,322.61,0.59,0.53,2026-07-22,1113,N,VIIRS,n,2.0NRT,295.81,12.76,N
49.83019,-121.46045,336.7,0.59,0.53,2026-07-22,1113,N,VIIRS,n,2.0NRT,295.03,4.03,N
49.83037,-121.40355,307.54,0.6,0.53,2026-07-22,1113,N,VIIRS,n,2.0NRT,292.06,3.1,N
49.83131,-121.36845,328.52,0.6,0.53,2026-07-22,1113,N,VIIRS,n,2.0NRT,293.89,4.13,N
49.8316,-121.4271,305.52,0.59,0.53,2026-07-22,1113,N,VIIRS,n,2.0NRT,294.13,12.76,N
49.83228,-121.48703,301.62,0.59,0.53,2026-07-22,1113,N,VIIRS,n,2.0NRT,291.36,1.8,N
49.83229,-121.44878,309.82,0.59,0.53,2026-07-22,1113,N,VIIRS,n,2.0NRT,293.96,2.58,N
49.83235,-121.39137,303.12,0.6,0.53,2026-07-22,1113,N,VIIRS,n,2.0NRT,292.4,1.98,N
49.83253,-121.41127,304.13,0.59,0.53,2026-07-22,1113,N,VIIRS,n,2.0NRT,292.21,3.1,N
49.83265,-121.46921,309.32,0.59,0.53,2026-07-22,1113,N,VIIRS,n,2.0NRT,293.32,4.03,N
49.8327,-121.35419,341.74,0.6,0.53,2026-07-22,1113,N,VIIRS,n,2.0NRT,296.13,12.86,N
49.83303,-121.37462,317.05,0.6,0.53,2026-07-22,1113,N,VIIRS,n,2.0NRT,293.59,4.13,N
49.83333,-121.43328,308.77,0.59,0.53,2026-07-22,1113,N,VIIRS,n,2.0NRT,293.23,2.58,N
49.83446,-121.36045,339.53,0.6,0.53,2026-07-22,1113,N,VIIRS,n,2.0NRT,294.69,12.86,N
49.83458,-121.39935,309.27,0.6,0.53,2026-07-22,1113,N,VIIRS,n,2.0NRT,292.81,3.1,N
49.83499,-121.38158,312.02,0.6,0.53,2026-07-22,1113,N,VIIRS,n,2.0NRT,292.54,2.65,N
49.83511,-121.45882,304.44,0.59,0.53,2026-07-22,1113,N,VIIRS,n,2.0NRT,292.12,2.73,N
49.83548,-121.34488,305.36,0.6,0.53,2026-07-22,1113,N,VIIRS,n,2.0NRT,290.59,4.55,N
49.83603,-121.44295,306.69,0.59,0.53,2026-07-22,1113,N,VIIRS,n,2.0NRT,293.12,2.58,N
49.83615,-121.36649,314.23,0.6,0.53,2026-07-22,1113,N,VIIRS,n,2.0NRT,293.08,4.13,N
49.83632,-121.42474,304.56,0.59,0.53,2026-07-22,1113,N,VIIRS,n,2.0NRT,293.5,2.27,N
49.83657,-121.40645,337.23,0.59,0.53,2026-07-22,1113,N,VIIRS,n,2.0NRT,293.95,3.1,N
49.83718,-121.3894,308.45,0.6,0.53,2026-07-22,1113,N,VIIRS,n,2.0NRT,292.29,2.65,N
49.83725,-121.48561,311.73,0.59,0.53,2026-07-22,1113,N,VIIRS,n,2.0NRT,293.27,1.8,N
49.83743,-121.35182,331.0,0.6,0.53,2026-07-22,1113,N,VIIRS,n,2.0NRT,294.82,5.37,N
49.83794,-121.37287,315.31,0.6,0.53,2026-07-22,1113,N,VIIRS,n,2.0NRT,293.08,4.13,N
49.83798,-121.43067,304.25,0.59,0.53,2026-07-22,1113,N,VIIRS,n,2.0NRT,293.79,2.05,N
49.83927,-121.35838,318.25,0.6,0.53,2026-07-22,1113,N,VIIRS,n,2.0NRT,292.82,5.37,N
49.83935,-121.45477,328.33,0.59,0.53,2026-07-22,1113,N,VIIRS,n,2.0NRT,292.59,2.73,N
49.83998,-121.38017,318.96,0.6,0.53,2026-07-22,1113,N,VIIRS,n,2.0NRT,293.71,2.65,N
49.84023,-121.34254,335.06,0.6,0.53,2026-07-22,1113,N,VIIRS,n,2.0NRT,294.88,4.55,N
49.84099,-121.4222,304.09,0.59,0.53,2026-07-22,1113,N,VIIRS,n,2.0NRT,293.38,2.27,N
49.84106,-121.36477,311.35,0.6,0.53,2026-07-22,1113,N,VIIRS,n,2.0NRT,292.97,4.73,N
49.84212,-121.3493,335.43,0.6,0.53,2026-07-22,1113,N,VIIRS,n,2.0NRT,296.61,5.37,N
49.84227,-121.38835,312.3,0.6,0.53,2026-07-22,1113,N,VIIRS,n,2.0NRT,292.92,2.65,N
49.8427,-121.42831,312.76,0.59,0.53,2026-07-22,1113,N,VIIRS,n,2.0NRT,294.31,2.05,N
49.84295,-121.37152,331.49,0.6,0.53,2026-07-22,1113,N,VIIRS,n,2.0NRT,295.4,4.73,N
49.84303,-121.48708,332.44,0.59,0.53,2026-07-22,1113,N,VIIRS,n,2.0NRT,294.16,5.1,N
49.84317,-121.33379,301.87,0.6,0.53,2026-07-22,1113,N,VIIRS,n,2.0NRT,288.0,7.12,N
49.84409,-121.35634,315.18,0.6,0.53,2026-07-22,1113,N,VIIRS,n,2.0NRT,293.03,5.37,N
49.84435,-121.39577,307.2,0.6,0.53,2026-07-22,1113,N,VIIRS,n,2.0NRT,292.92,2.63,N
49.84438,-121.43433,309.33,0.59,0.53,2026-07-22,1113,N,VIIRS,n,2.0NRT,292.09,2.05,N
49.84497,-121.34023,347.62,0.6,0.53,2026-07-22,1113,N,VIIRS,n,2.0NRT,298.01,7.12,N
49.84502,-121.37892,330.51,0.6,0.53,2026-07-22,1113,N,VIIRS,n,2.0NRT,294.92,7.17,N
49.84569,-121.41978,303.72,0.59,0.53,2026-07-22,1113,N,VIIRS,n,2.0NRT,293.29,3.2,N
49.84596,-121.36301,317.35,0.6,0.53,2026-07-22,1113,N,VIIRS,n,2.0NRT,293.49,4.73,N
49.84653,-121.40356,304.53,0.59,0.53,2026-07-22,1113,N,VIIRS,n,2.0NRT,292.14,2.63,N
49.84687,-121.347,331.77,0.6,0.53,2026-07-22,1113,N,VIIRS,n,2.0NRT,295.04,11.21,N
49.84724,-121.38686,328.99,0.6,0.53,2026-07-22,1113,N,VIIRS,n,2.0NRT,295.45,7.17,N
49.8476,-121.42658,321.22,0.59,0.53,2026-07-22,1113,N,VIIRS,n,2.0NRT,294.97,8.81,N
49.84789,-121.33133,322.19,0.6,0.53,2026-07-22,1113,N,VIIRS,n,2.0NRT,289.73,7.12,N
49.84791,-121.36999,329.16,0.6,0.53,2026-07-22,1113,N,VIIRS,n,2.0NRT,295.59,4.73,N
49.84881,-121.41172,304.18,0.59,0.53,2026-07-22,1113,N,VIIRS,n,2.0NRT,292.14,3.2,N
49.84905,-121.35481,343.23,0.6,0.53,2026-07-22,1113,N,VIIRS,n,2.0NRT,295.14,11.21,N
49.84926,-121.43251,343.53,0.59,0.53,2026-07-22,1113,N,VIIRS,n,2.0NRT,296.09,8.81,N
49.84926,-121.39406,316.07,0.6,0.53,2026-07-22,1113,N,VIIRS,n,2.0NRT,292.38,3.47,N
49.84967,-121.33772,345.26,0.6,0.53,2026-07-22,1113,N,VIIRS,n,2.0NRT,298.73,7.12,N
49.8499,-121.37708,343.12,0.6,0.53,2026-07-22,1113,N,VIIRS,n,2.0NRT,297.81,7.17,N
49.85033,-121.33252,335.62,0.6,0.53,2026-07-22,1113,N,VIIRS,n,2.0NRT,293.97,7.11,N
49.85052,-121.47553,302.11,0.59,0.53,2026-07-22,1113,N,VIIRS,n,2.0NRT,289.66,2.27,N
49.85093,-121.41929,332.24,0.59,0.53,2026-07-22,1113,N,VIIRS,n,2.0NRT,296.02,3.2,N
49.85102,-121.36185,335.08,0.6,0.53,2026-07-22,1113,N,VIIRS,n,2.0NRT,294.35,10.49,N
49.85105,-121.43892,309.33,0.59,0.53,2026-07-22,1113,N,VIIRS,n,2.0NRT,291.79,6.32,N
49.85167,-121.40269,315.83,0.59,0.53,2026-07-22,1113,N,VIIRS,n,2.0NRT,292.77,3.47,N
49.85178,-121.34525,338.37,0.6,0.53,2026-07-22,1113,N,VIIRS,n,2.0NRT,296.42,11.21,N
49.85201,-121.38464,324.27,0.6,0.53,2026-07-22,1113,N,VIIRS,n,2.0NRT,295.44,7.17,N
49.85226,-121.33929,341.32,0.6,0.53,2026-07-22,1113,N,VIIRS,n,2.0NRT,297.6,14.74,N
49.85257,-121.3288,308.49,0.6,0.53,2026-07-22,1113,N,VIIRS,n,2.0NRT,289.46,20.57,N
49.8527,-121.4256,324.66,0.59,0.53,2026-07-22,1113,N,VIIRS,n,2.0NRT,295.87,8.81,N
49.85288,-121.36848,334.37,0.6,0.53,2026-07-22,1113,N,VIIRS,n,2.0NRT,295.73,10.49,N
49.85341,-121.44737,315.5,0.59,0.53,2026-07-22,1113,N,VIIRS,n,2.0NRT,293.89,6.32,N
49.85407,-121.35347,353.49,0.6,0.53,2026-07-22,1113,N,VIIRS,n,2.0NRT,302.04,11.21,N
49.85413,-121.41153,334.83,0.59,0.53,2026-07-22,1113,N,VIIRS,n,2.0NRT,297.31,8.12,N
49.85413,-121.39224,316.3,0.6,0.53,2026-07-22,1113,N,VIIRS,n,2.0NRT,293.44,3.47,N
49.85429,-121.43133,351.04,0.59,0.53,2026-07-22,1113,N,VIIRS,n,2.0NRT,300.09,8.81,N
49.85433,-121.3351,338.77,0.6,0.53,2026-07-22,1113,N,VIIRS,n,2.0NRT,296.71,20.57,N
49.85461,-121.34754,341.36,0.6,0.53,2026-07-22,1113,N,VIIRS,n,2.0NRT,296.67,14.74,N
49.85476,-121.37521,341.74,0.6,0.53,2026-07-22,1113,N,VIIRS,n,2.0NRT,298.15,7.84,N
49.855,-121.3299,337.15,0.6,0.53,2026-07-22,1113,N,VIIRS,n,2.0NRT,290.17,7.11,N
49.85591,-121.43707,338.72,0.59,0.53,2026-07-22,1113,N,VIIRS,n,2.0NRT,295.87,6.32,N
49.85604,-121.36055,348.68,0.6,0.53,2026-07-22,1113,N,VIIRS,n,2.0NRT,298.43,10.49,N
49.85612,-121.41863,343.05,0.59,0.53,2026-07-22,1113,N,VIIRS,n,2.0NRT,298.26,8.12,N
49.85658,-121.34313,351.21,0.6,0.53,2026-07-22,1113,N,VIIRS,n,2.0NRT,300.54,13.6,N
49.85686,-121.35547,351.44,0.6,0.53,2026-07-22,1113,N,VIIRS,n,2.0NRT,299.31,14.61,N
49.8569,-121.40218,316.53,0.59,0.53,2026-07-22,1113,N,VIIRS,n,2.0NRT,292.82,3.47,N
49.8569,-121.38287,329.99,0.6,0.53,2026-07-22,1113,N,VIIRS,n,2.0NRT,295.63,7.84,N
49.85694,-121.33672,355.06,0.6,0.53,2026-07-22,1113,N,VIIRS,n,2.0NRT,302.25,14.74,N
49.85724,-121.32621,327.41,0.6,0.53,2026-07-22,1113,N,VIIRS,n,2.0NRT,289.41,20.57,N
49.85769,-121.44345,303.94,0.59,0.53,2026-07-22,1113,N,VIIRS,n,2.0NRT,291.5,6.32,N
49.8578,-121.36684,340.31,0.6,0.53,2026-07-22,1113,N,VIIRS,n,2.0NRT,296.21,10.49,N
49.85781,-121.42467,332.42,0.59,0.53,2026-07-22,1113,N,VIIRS,n,2.0NRT,296.55,9.27,N
49.85873,-121.36198,353.2,0.6,0.53,2026-07-22,1113,N,VIIRS,n,2.0NRT,299.23,14.61,N
49.85901,-121.35189,350.3,0.6,0.53,2026-07-22,1113,N,VIIRS,n,2.0NRT,298.11,13.6,N
49.85902,-121.33259,367.0,0.6,0.53,2026-07-22,1113,N,VIIRS,h,2.0NRT,306.33,20.57,N
49.8592,-121.39112,320.23,0.6,0.53,2026-07-22,1113,N,VIIRS,n,2.0NRT,292.95,4.02,N
49.85933,-121.43009,334.5,0.59,0.53,2026-07-22,1113,N,VIIRS,n,2.0NRT,296.7,9.27,N
49.85939,-121.41112,332.42,0.59,0.53,2026-07-22,1113,N,VIIRS,n,2.0NRT,296.56,8.12,N
49.85947,-121.3456,346.13,0.6,0.53,2026-07-22,1113,N,VIIRS,n,2.0NRT,299.05,14.74,N
49.85966,-121.37349,330.1,0.6,0.53,2026-07-22,1113,N,VIIRS,n,2.0NRT,295.65,7.84,N
49.85966,-121.32727,335.22,0.6,0.53,2026-07-22,1113,N,VIIRS,n,2.0NRT,298.42,14.33,N
49.8605,-121.36821,341.16,0.6,0.53,2026-07-22,1113,N,VIIRS,n,2.0NRT,296.67,10.89,N
49.86082,-121.43545,320.69,0.59,0.53,2026-07-22,1113,N,VIIRS,n,2.0NRT,293.46,5.46,N
49.86092,-121.35873,352.24,0.6,0.53,2026-07-22,1113,N,VIIRS,n,2.0NRT,300.63,13.77,N
49.86127,-121.41785,337.29,0.59,0.53,2026-07-22,1113,N,VIIRS,n,2.0NRT,297.41,8.12,N
49.86133,-121.34087,347.95,0.6,0.53,2026-07-22,1113,N,VIIRS,n,2.0NRT,299.94,13.6,N
49.86169,-121.33439,354.7,0.6,0.53,2026-07-22,1113,N,VIIRS,n,2.0NRT,302.07,12.37,N
49.86181,-121.35383,346.96,0.6,0.53,2026-07-22,1113,N,VIIRS,n,2.0NRT,298.21,14.61,N
49.86182,-121.32329,307.0,0.6,0.53,2026-07-22,1113,N,VIIRS,n,2.0NRT,289.79,5.6,N
49.86189,-121.38149,334.92,0.6,0.53,2026-07-22,1113,N,VIIRS,n,2.0NRT,297.03,7.84,N
49.8621,-121.40157,321.32,0.59,0.53,2026-07-22,1113,N,VIIRS,n,2.0NRT,293.4,4.02,N
49.86254,-121.44157,309.51,0.59,0.53,2026-07-22,1113,N,VIIRS,n,2.0NRT,292.08,5.46,N
49.86256,-121.37548,329.03,0.6,0.53,2026-07-22,1113,N,VIIRS,n,2.0NRT,295.15,10.89,N
49.86269,-121.36503,347.16,0.6,0.53,2026-07-22,1113,N,VIIRS,n,2.0NRT,298.5,13.77,N
49.86285,-121.42347,327.36,0.59,0.53,2026-07-22,1113,N,VIIRS,n,2.0NRT,295.9,9.27,N
49.86363,-121.36024,354.5,0.6,0.53,2026-07-22,1113,N,VIIRS,n,2.0NRT,301.12,14.61,N
49.86381,-121.33043,344.97,0.6,0.53,2026-07-22,1113,N,VIIRS,n,2.0NRT,295.13,5.6,N
49.86382,-121.34978,333.81,0.6,0.53,2026-07-22,1113,N,VIIRS,n,2.0NRT,296.12,13.6,N
49.86423,-121.38988,321.65,0.6,0.53,2026-07-22,1113,N,VIIRS,n,2.0NRT,293.38,4.02,N
49.86427,-121.34344,333.07,0.6,0.53,2026-07-22,1113,N,VIIRS,n,2.0NRT,295.3,12.37,N
49.8643,-121.42869,367.0,0.59,0.53,2026-07-22,1113,N,VIIRS,h,2.0NRT,297.16,9.27,N
49.86432,-121.32459,306.9,0.6,0.53,2026-07-22,1113,N,VIIRS,n,2.0NRT,289.93,14.33,N
49.86446,-121.41003,338.5,0.59,0.53,2026-07-22,1113,N,VIIRS,n,2.0NRT,297.28,9.39,N
49.86463,-121.37201,347.14,0.6,0.53,2026-07-22,1113,N,VIIRS,n,2.0NRT,298.54,9.54,N
49.86497,-121.38395,334.36,0.6,0.53,2026-07-22,1113,N,VIIRS,n,2.0NRT,296.49,4.64,N
49.8655,-121.36678,350.14,0.6,0.53,2026-07-22,1113,N,VIIRS,n,2.0NRT,300.06,10.89,N
49.8658,-121.35692,348.48,0.6,0.53,2026-07-22,1113,N,VIIRS,n,2.0NRT,298.68,13.77,N
49.86625,-121.41642,335.51,0.59,0.53,2026-07-22,1113,N,VIIRS,n,2.0NRT,295.87,9.39,N
49.8663,-121.33938,329.21,0.6,0.53,2026-07-22,1113,N,VIIRS,n,2.0NRT,294.35,4.6,N
49.86657,-121.35152,331.5,0.6,0.53,2026-07-22,1113,N,VIIRS,n,2.0NRT,295.07,8.92,N
49.86673,-121.33311,326.62,0.6,0.53,2026-07-22,1113,N,VIIRS,n,2.0NRT,292.42,12.37,N
49.86677,-121.399,305.71,0.59,0.53,2026-07-22,1113,N,VIIRS,n,2.0NRT,290.75,4.02,N
49.86702,-121.38059,330.48,0.6,0.53,2026-07-22,1113,N,VIIRS,n,2.0NRT,295.44,9.54,N
49.86731,-121.39216,313.66,0.59,0.53,2026-07-22,1113,N,VIIRS,n,2.0NRT,292.05,4.64,N
49.86762,-121.36343,344.59,0.6,0.53,2026-07-22,1113,N,VIIRS,n,2.0NRT,298.12,13.77,N
49.86772,-121.3746,340.08,0.6,0.53,2026-07-22,1113,N,VIIRS,n,2.0NRT,297.09,10.89,N
49.86777,-121.42187,367.0,0.59,0.53,2026-07-22,1113,N,VIIRS,h,2.0NRT,300.01,31.81,N
49.8685,-121.35838,344.01,0.6,0.53,2026-07-22,1113,N,VIIRS,n,2.0NRT,297.76,8.92,N
49.86855,-121.34745,322.53,0.6,0.53,2026-07-22,1113,N,VIIRS,n,2.0NRT,292.62,4.6,N
49.86879,-121.32896,307.04,0.6,0.53,2026-07-22,1113,N,VIIRS,n,2.0NRT,289.41,5.6,N
49.86918,-121.34173,312.62,0.6,0.53,2026-07-22,1113,N,VIIRS,n,2.0NRT,291.36,12.37,N
49.86919,-121.42696,354.12,0.59,0.53,2026-07-22,1113,N,VIIRS,n,2.0NRT,300.63,31.81,N
49.86919,-121.40771,324.99,0.59,0.53,2026-07-22,1113,N,VIIRS,n,2.0NRT,292.23,9.39,N
49.86922,-121.3885,320.65,0.6,0.53,2026-07-22,1113,N,VIIRS,n,2.0NRT,293.12,3.16,N
49.86971,-121.37096,345.03,0.6,0.53,2026-07-22,1113,N,VIIRS,n,2.0NRT,297.97,9.54,N
49.86975,-121.40073,301.51,0.59,0.53,2026-07-22,1113,N,VIIRS,n,2.0NRT,290.66,3.03,N
49.87011,-121.38302,323.5,0.6,0.53,2026-07-22,1113,N,VIIRS,n,2.0NRT,293.79,4.64,N
49.87046,-121.36526,341.53,0.6,0.53,2026-07-22,1113,N,VIIRS,n,2.0NRT,297.85,9.46,N
49.87056,-121.35469,345.09,0.6,0.53,2026-07-22,1113,N,VIIRS,n,2.0NRT,297.31,6.85,N
49.87111,-121.41459,351.99,0.59,0.53,2026-07-22,1113,N,VIIRS,n,2.0NRT,295.04,9.39,N
49.87129,-121.34914,341.55,0.6,0.53,2026-07-22,1113,N,VIIRS,n,2.0NRT,296.04,8.92,N
49.87132,-121.39606,307.33,0.59,0.53,2026-07-22,1113,N,VIIRS,n,2.0NRT,290.74,3.16,N
49.87136,-121.33822,322.81,0.6,0.53,2026-07-22,1113,N,VIIRS,n,2.0NRT,292.3,4.6,N
49.87181,-121.33195,315.6,0.6,0.53,2026-07-22,1113,N,VIIRS,n,2.0NRT,290.97,2.48,N
49.87204,-121.40878,340.92,0.59,0.53,2026-07-22,1113,N,VIIRS,n,2.0NRT,292.92,3.03,N
49.87206,-121.37937,336.62,0.6,0.53,2026-07-22,1113,N,VIIRS,n,2.0NRT,295.34,9.54,N
49.8721,-121.39005,315.54,0.59,0.53,2026-07-22,1113,N,VIIRS,n,2.0NRT,292.78,4.64,N
49.87247,-121.36153,337.76,0.6,0.53,2026-07-22,1113,N,VIIRS,n,2.0NRT,296.87,6.85,N
49.87263,-121.42004,333.59,0.59,0.53,2026-07-22,1113,N,VIIRS,n,2.0NRT,292.91,31.81,N
49.87271,-121.37317,342.34,0.6,0.53,2026-07-22,1113,N,VIIRS,n,2.0NRT,297.31,9.46,N
49.87329,-121.35618,333.41,0.6,0.53,2026-07-22,1113,N,VIIRS,n,2.0NRT,295.05,8.92,N
49.87336,-121.3454,310.02,0.6,0.53,2026-07-22,1113,N,VIIRS,n,2.0NRT,289.68,4.6,N
49.87386,-121.41523,316.1,0.59,0.53,2026-07-22,1113,N,VIIRS,n,2.0NRT,290.71,5.05,N
49.87398,-121.38627,302.73,0.6,0.53,2026-07-22,1113,N,VIIRS,n,2.0NRT,290.01,3.16,N
49.87399,-121.39668,300.4,0.59,0.53,2026-07-22,1113,N,VIIRS,n,2.0NRT,289.91,3.03,N
49.8742,-121.34033,301.03,0.6,0.53,2026-07-22,1113,N,VIIRS,n,2.0NRT,289.09,2.48,N
49.87457,-121.36906,342.75,0.6,0.53,2026-07-22,1113,N,VIIRS,n,2.0NRT,297.4,6.16,N
49.87491,-121.38091,346.06,0.6,0.53,2026-07-22,1113,N,VIIRS,n,2.0NRT,297.05,9.25,N
49.87529,-121.36325,337.8,0.6,0.53,2026-07-22,1113,N,VIIRS,n,2.0NRT,297.34,9.46,N
49.87531,-121.35238,323.69,0.6,0.53,2026-07-22,1113,N,VIIRS,n,2.0NRT,292.56,6.85,N
49.87613,-121.34715,303.66,0.6,0.53,2026-07-22,1113,N,VIIRS,n,2.0NRT,288.8,2.01,N
49.87631,-121.33667,302.47,0.6,0.53,2026-07-22,1113,N,VIIRS,n,2.0NRT,288.44,0.55,N
49.87679,-121.37707,337.89,0.6,0.53,2026-07-22,1113,N,VIIRS,n,2.0NRT,294.98,6.16,N
49.87725,-121.35938,312.3,0.6,0.53,2026-07-22,1113,N,VIIRS,n,2.0NRT,291.56,6.85,N
49.8775,-121.37101,336.6,0.6,0.53,2026-07-22,1113,N,VIIRS,n,2.0NRT,295.8,9.46,N
49.87862,-121.38364,327.13,0.6,0.53,2026-07-22,1113,N,VIIRS,n,2.0NRT,292.27,5.81,N
49.87929,-121.3667,317.09,0.6,0.53,2026-07-22,1113,N,VIIRS,n,2.0NRT,292.56,6.16,N
49.87964,-121.37857,326.36,0.6,0.53,2026-07-22,1113,N,VIIRS,n,2.0NRT,292.28,9.25,N
49.88126,-121.37379,305.66,0.6,0.53,2026-07-22,1113,N,VIIRS,n,2.0NRT,290.17,6.16,N
49.88547,-121.36958,336.47,0.6,0.53,2026-07-22,1113,N,VIIRS,n,2.0NRT,290.73,4.6,N
49.88732,-121.37622,302.39,0.6,0.53,2026-07-22,1113,N,VIIRS,n,2.0NRT,289.43,3.59,N
49.88808,-121.37032,335.29,0.6,0.53,2026-07-22,1113,N,VIIRS,n,2.0NRT,290.82,9.34,N
49.89372,-121.49599,301.29,0.59,0.53,2026-07-22,1113,N,VIIRS,n,2.0NRT,288.82,1.55,N
49.89634,-121.50547,338.66,0.59,0.53,2026-07-22,1113,N,VIIRS,n,2.0NRT,288.16,7.43,N
49.89703,-121.49691,297.68,0.59,0.53,2026-07-22,1113,N,VIIRS,n,2.0NRT,286.77,0.23,N
49.89989,-121.50697,301.1,0.59,0.53,2026-07-22,1113,N,VIIRS,n,2.0NRT,287.58,0.23,N
49.90226,-121.51535,303.87,0.59,0.53,2026-07-22,1113,N,VIIRS,n,2.0NRT,288.59,2.69,N
49.90342,-121.51173,304.42,0.59,0.53,2026-07-22,1113,N,VIIRS,n,2.0NRT,288.79,2.42,N
49.90423,-121.5223,300.88,0.59,0.53,2026-07-22,1113,N,VIIRS,n,2.0NRT,287.87,2.69,N
49.9053,-121.51855,325.05,0.59,0.53,2026-07-22,1113,N,VIIRS,n,2.0NRT,291.91,3.67,N
49.90676,-121.51231,312.89,0.59,0.53,2026-07-22,1113,N,VIIRS,n,2.0NRT,290.51,2.69,N
49.90737,-121.526,301.19,0.59,0.53,2026-07-22,1113,N,VIIRS,n,2.0NRT,285.85,3.67,N
49.9086,-121.51883,339.32,0.59,0.53,2026-07-22,1113,N,VIIRS,n,2.0NRT,295.05,2.69,N
49.90968,-121.51505,318.64,0.59,0.53,2026-07-22,1113,N,VIIRS,n,2.0NRT,292.44,3.67,N
49.91089,-121.50797,313.46,0.59,0.53,2026-07-22,1113,N,VIIRS,n,2.0NRT,290.69,3.37,N
49.91169,-121.52232,324.32,0.59,0.53,2026-07-22,1113,N,VIIRS,n,2.0NRT,290.77,3.67,N
49.91174,-121.50319,316.83,0.59,0.53,2026-07-22,1113,N,VIIRS,n,2.0NRT,290.81,2.06,N
49.91293,-121.51521,309.48,0.59,0.53,2026-07-22,1113,N,VIIRS,n,2.0NRT,290.46,3.37,N
49.91392,-121.5111,309.56,0.59,0.53,2026-07-22,1113,N,VIIRS,n,2.0NRT,289.95,3.91,N
49.91483,-121.50298,326.97,0.59,0.53,2026-07-22,1113,N,VIIRS,n,2.0NRT,294.2,3.37,N
49.91509,-121.52285,302.15,0.59,0.53,2026-07-22,1113,N,VIIRS,n,2.0NRT,288.71,1.45,N
49.91535,-121.49686,307.0,0.59,0.53,2026-07-22,1113,N,VIIRS,n,2.0NRT,290.54,2.06,N
49.91599,-121.51855,308.19,0.59,0.53,2026-07-22,1113,N,VIIRS,n,2.0NRT,289.28,3.91,N
49.91708,-121.51094,323.99,0.59,0.53,2026-07-22,1113,N,VIIRS,n,2.0NRT,292.47,3.37,N
49.91793,-121.50628,329.54,0.59,0.53,2026-07-22,1113,N,VIIRS,n,2.0NRT,294.29,3.91,N
49.91933,-121.51893,299.54,0.59,0.53,2026-07-22,1113,N,VIIRS,n,2.0NRT,288.3,1.45,N
49.92102,-121.50594,304.49,0.59,0.53,2026-07-22,1113,N,VIIRS,n,2.0NRT,289.42,1.2,N
49.92261,-121.52322,307.37,0.59,0.53,2026-07-22,1113,N,VIIRS,n,2.0NRT,286.39,3.79,N
49.92355,-121.51492,310.38,0.59,0.53,2026-07-22,1113,N,VIIRS,n,2.0NRT,289.04,3.21,N
49.92424,-121.53636,309.03,0.59,0.52,2026-07-22,1113,N,VIIRS,n,2.0NRT,287.29,2.39,N
49.9243,-121.50998,301.78,0.59,0.53,2026-07-22,1113,N,VIIRS,n,2.0NRT,289.49,1.78,N
49.92496,-121.53174,331.06,0.59,0.53,2026-07-22,1113,N,VIIRS,n,2.0NRT,291.18,3.79,N
49.92609,-121.52391,322.91,0.59,0.53,2026-07-22,1113,N,VIIRS,n,2.0NRT,291.95,3.21,N
49.92692,-121.5195,309.44,0.59,0.53,2026-07-22,1113,N,VIIRS,n,2.0NRT,289.8,3.29,N
49.92846,-121.53233,330.42,0.59,0.52,2026-07-22,1113,N,VIIRS,n,2.0NRT,291.99,2.67,N
49.92931,-121.52819,318.89,0.59,0.53,2026-07-22,1113,N,VIIRS,n,2.0NRT,291.3,3.29,N
49.93101,-121.5414,298.57,0.58,0.52,2026-07-22,1113,N,VIIRS,n,2.0NRT,286.7,2.67,N
49.93191,-121.53766,304.51,0.59,0.52,2026-07-22,1113,N,VIIRS,n,2.0NRT,288.23,1.9,N
49.93324,-121.53032,299.6,0.59,0.52,2026-07-22,1113,N,VIIRS,n,2.0NRT,287.89,2.67,N
49.93457,-121.54733,299.53,0.58,0.52,2026-07-22,1113,N,VIIRS,n,2.0NRT,287.7,1.9,N
49.93716,-121.55678,297.95,0.58,0.52,2026-07-22,1113,N,VIIRS,n,2.0NRT,286.37,1.48,N
49.93987,-121.32454,296.87,0.6,0.53,2026-07-22,1113,N,VIIRS,n,2.0NRT,284.68,1.24,N
49.94066,-121.53771,315.32,0.58,0.52,2026-07-22,1113,N,VIIRS,n,2.0NRT,289.49,1.52,N
49.9448,-121.53345,297.57,0.58,0.52,2026-07-22,1113,N,VIIRS,n,2.0NRT,285.21,1.52,N
49.95976,-121.31866,298.35,0.6,0.53,2026-07-22,1113,N,VIIRS,n,2.0NRT,286.23,0.58,N
50.02174,-121.42615,296.93,0.59,0.53,2026-07-22,1113,N,VIIRS,n,2.0NRT,286.34,0.51,N
50.0442,-121.45387,303.29,0.58,0.52,2026-07-22,1113,N,VIIRS,n,2.0NRT,290.33,1.48,N
50.06917,-121.29417,300.26,0.59,0.53,2026-07-22,1113,N,VIIRS,n,2.0NRT,285.59,1.06,N
50.09212,-121.32784,298.09,0.59,0.53,2026-07-22,1113,N,VIIRS,n,2.0NRT,284.16,1.95,N
50.09399,-121.33442,300.79,0.59,0.53,2026-07-22,1113,N,VIIRS,n,2.0NRT,285.89,1.8,N
50.09567,-121.33164,317.74,0.59,0.53,2026-07-22,1113,N,VIIRS,n,2.0NRT,286.17,2.13,N
50.09885,-121.33263,313.28,0.59,0.53,2026-07-22,1113,N,VIIRS,n,2.0NRT,285.26,1.8,N
50.10048,-121.32969,299.61,0.59,0.53,2026-07-22,1113,N,VIIRS,n,2.0NRT,285.03,2.13,N
50.10365,-121.33062,295.23,0.59,0.53,2026-07-22,1113,N,VIIRS,n,2.0NRT,283.17,1.02,N
50.10718,-121.33458,307.25,0.59,0.53,2026-07-22,1113,N,VIIRS,n,2.0NRT,284.13,0.99,N
50.10848,-121.3287,300.76,0.59,0.53,2026-07-22,1113,N,VIIRS,n,2.0NRT,284.61,1.02,N
49.8037,-121.40489,352.19,0.38,0.36,2026-07-22,2059,N,VIIRS,n,2.0NRT,326.48,28.29,D
49.80451,-121.39957,367.0,0.38,0.36,2026-07-22,2059,N,VIIRS,h,2.0NRT,312.63,28.29,D
49.80532,-121.3942,345.72,0.38,0.36,2026-07-22,2059,N,VIIRS,n,2.0NRT,304.97,5.72,D
49.80697,-121.40608,350.93,0.38,0.36,2026-07-22,2059,N,VIIRS,n,2.0NRT,323.67,13.79,D
49.80778,-121.40075,338.36,0.38,0.36,2026-07-22,2059,N,VIIRS,n,2.0NRT,305.53,13.79,D
49.80859,-121.39541,348.18,0.38,0.36,2026-07-22,2059,N,VIIRS,n,2.0NRT,310.57,16.88,D
49.8094,-121.39005,352.69,0.38,0.36,2026-07-22,2059,N,VIIRS,n,2.0NRT,316.82,16.88,D
49.81021,-121.38467,352.84,0.38,0.36,2026-07-22,2059,N,VIIRS,n,2.0NRT,315.77,21.52,D
49.81024,-121.40724,350.45,0.38,0.36,2026-07-22,2059,N,VIIRS,n,2.0NRT,303.32,13.79,D
49.81102,-121.37935,333.52,0.38,0.36,2026-07-22,2059,N,VIIRS,n,2.0NRT,302.03,21.52,D
49.81186,-121.39661,343.91,0.38,0.36,2026-07-22,2059,N,VIIRS,n,2.0NRT,309.12,16.88,D
49.81348,-121.38589,354.81,0.38,0.36,2026-07-22,2059,N,VIIRS,n,2.0NRT,308.82,21.52,D
49.81351,-121.40842,367.0,0.38,0.36,2026-07-22,2059,N,VIIRS,l,2.0NRT,329.09,19.93,D
49.8143,-121.38053,344.0,0.38,0.36,2026-07-22,2059,N,VIIRS,n,2.0NRT,305.06,21.52,D
49.81432,-121.40311,340.56,0.38,0.36,2026-07-22,2059,N,VIIRS,n,2.0NRT,303.67,19.93,D
49.81513,-121.39777,336.6,0.38,0.36,2026-07-22,2059,N,VIIRS,n,2.0NRT,302.33,3.47,D
49.81594,-121.39243,330.95,0.38,0.36,2026-07-22,2059,N,VIIRS,l,2.0NRT,302.55,3.47,D
49.81678,-121.40956,349.65,0.38,0.36,2026-07-22,2059,N,VIIRS,n,2.0NRT,307.67,19.93,D
49.81758,-121.40427,335.07,0.38,0.36,2026-07-22,2059,N,VIIRS,n,2.0NRT,302.12,19.93,D
49.81837,-121.37643,330.28,0.38,0.36,2026-07-22,2059,N,VIIRS,l,2.0NRT,300.5,10.0,D
49.81917,-121.37119,333.28,0.38,0.36,2026-07-22,2059,N,VIIRS,n,2.0NRT,302.51,10.0,D
49.82006,-121.41072,348.28,0.38,0.36,2026-07-22,2059,N,VIIRS,n,2.0NRT,305.1,7.87,D
49.82086,-121.40543,332.32,0.38,0.36,2026-07-22,2059,N,VIIRS,l,2.0NRT,303.45,7.87,D
49.82095,-121.42751,333.27,0.38,0.36,2026-07-22,2059,N,VIIRS,n,2.0NRT,300.96,1.41,D
49.82174,-121.42231,354.33,0.38,0.36,2026-07-22,2059,N,VIIRS,n,2.0NRT,305.01,6.11,D
49.82244,-121.37237,350.4,0.38,0.36,2026-07-22,2059,N,VIIRS,n,2.0NRT,310.79,10.0,D
49.82253,-121.41709,342.43,0.38,0.36,2026-07-22,2059,N,VIIRS,n,2.0NRT,305.89,6.11,D
49.82261,-121.43925,367.0,0.38,0.36,2026-07-22,2059,N,VIIRS,h,2.0NRT,309.38,15.63,D
49.82324,-121.36713,332.82,0.38,0.36,2026-07-22,2059,N,VIIRS,l,2.0NRT,303.62,5.67,D
49.82342,-121.43394,337.83,0.38,0.36,2026-07-22,2059,N,VIIRS,n,2.0NRT,301.77,5.66,D
49.82501,-121.42347,332.43,0.38,0.36,2026-07-22,2059,N,VIIRS,n,2.0NRT,301.62,5.34,D
49.82506,-121.44578,352.98,0.38,0.36,2026-07-22,2059,N,VIIRS,n,2.0NRT,307.75,15.63,D
49.82571,-121.37357,341.53,0.38,0.36,2026-07-22,2059,N,VIIRS,n,2.0NRT,307.48,8.7,D
49.82581,-121.41825,354.7,0.38,0.36,2026-07-22,2059,N,VIIRS,n,2.0NRT,303.08,5.34,D
49.8259,-121.46282,340.6,0.38,0.36,2026-07-22,2059,N,VIIRS,n,2.0NRT,305.23,11.79,D
49.82671,-121.45757,347.78,0.38,0.36,2026-07-22,2059,N,VIIRS,n,2.0NRT,306.57,18.87,D
49.8273,-121.36309,348.11,0.38,0.36,2026-07-22,2059,N,VIIRS,n,2.0NRT,307.85,21.7,D
49.82751,-121.45229,344.09,0.38,0.36,2026-07-22,2059,N,VIIRS,n,2.0NRT,311.23,18.87,D
49.82832,-121.44701,346.17,0.38,0.36,2026-07-22,2059,N,VIIRS,n,2.0NRT,317.43,39.44,D
49.82837,-121.46931,350.78,0.38,0.36,2026-07-22,2059,N,VIIRS,n,2.0NRT,310.45,11.79,D
49.83058,-121.36428,350.54,0.38,0.36,2026-07-22,2059,N,VIIRS,n,2.0NRT,314.97,21.7,D
49.83137,-121.35905,354.29,0.38,0.36,2026-07-22,2059,N,VIIRS,n,2.0NRT,315.81,22.93,D
49.83217,-121.3538,335.15,0.38,0.36,2026-07-22,2059,N,VIIRS,l,2.0NRT,307.5,22.93,D
49.83297,-121.34854,344.2,0.38,0.36,2026-07-22,2059,N,VIIRS,n,2.0NRT,304.38,2.97,D
49.83544,-121.35497,346.94,0.38,0.36,2026-07-22,2059,N,VIIRS,n,2.0NRT,309.43,9.68,D
49.83623,-121.34973,342.66,0.38,0.36,2026-07-22,2059,N,VIIRS,n,2.0NRT,305.81,4.45,D
49.83704,-121.34447,336.37,0.38,0.36,2026-07-22,2059,N,VIIRS,n,2.0NRT,304.32,4.45,D
49.839,-121.49001,338.45,0.38,0.36,2026-07-22,2059,N,VIIRS,n,2.0NRT,308.12,4.73,D
49.83979,-121.48476,341.08,0.38,0.36,2026-07-22,2059,N,VIIRS,l,2.0NRT,311.91,9.36,D
49.84031,-121.34566,340.58,0.38,0.36,2026-07-22,2059,N,VIIRS,n,2.0NRT,308.49,4.45,D
49.8411,-121.34042,349.66,0.38,0.36,2026-07-22,2059,N,VIIRS,n,2.0NRT,308.42,7.68,D
49.84225,-121.49125,333.98,0.38,0.36,2026-07-22,2059,N,VIIRS,l,2.0NRT,305.15,4.42,D
49.84304,-121.48601,346.84,0.38,0.36,2026-07-22,2059,N,VIIRS,n,2.0NRT,313.32,7.22,D
49.84357,-121.34685,336.44,0.38,0.36,2026-07-22,2059,N,VIIRS,l,2.0NRT,308.78,5.17,D
49.84437,-121.34161,344.07,0.38,0.36,2026-07-22,2059,N,VIIRS,n,2.0NRT,309.76,7.34,D
49.84517,-121.33634,350.52,0.38,0.36,2026-07-22,2059,N,VIIRS,n,2.0NRT,310.87,7.34,D
49.84596,-121.33111,349.45,0.38,0.36,2026-07-22,2059,N,VIIRS,n,2.0NRT,314.28,16.35,D
49.84684,-121.34804,341.32,0.38,0.36,2026-07-22,2059,N,VIIRS,n,2.0NRT,310.88,5.17,D
49.8471,-121.48199,339.33,0.38,0.36,2026-07-22,2059,N,VIIRS,l,2.0NRT,310.99,7.22,D
49.84764,-121.34278,339.78,0.38,0.36,2026-07-22,2059,N,VIIRS,n,2.0NRT,307.84,7.34,D
49.84843,-121.33753,342.14,0.38,0.36,2026-07-22,2059,N,VIIRS,n,2.0NRT,307.63,7.34,D
49.84923,-121.33228,348.3,0.38,0.36,2026-07-22,2059,N,VIIRS,n,2.0NRT,308.92,16.35,D
49.8493,-121.35452,345.42,0.38,0.36,2026-07-22,2059,N,VIIRS,n,2.0NRT,312.84,6.28,D
49.85011,-121.34925,338.68,0.38,0.36,2026-07-22,2059,N,VIIRS,n,2.0NRT,308.0,6.28,D
49.85091,-121.34398,341.95,0.38,0.36,2026-07-22,2059,N,VIIRS,l,2.0NRT,312.26,6.39,D
49.85171,-121.33871,347.44,0.38,0.36,2026-07-22,2059,N,VIIRS,n,2.0NRT,310.28,6.39,D
49.85178,-121.36098,350.53,0.38,0.36,2026-07-22,2059,N,VIIRS,n,2.0NRT,314.14,15.66,D
49.8525,-121.33345,335.69,0.38,0.36,2026-07-22,2059,N,VIIRS,n,2.0NRT,305.14,13.4,D
49.85257,-121.35573,367.0,0.38,0.36,2026-07-22,2059,N,VIIRS,h,2.0NRT,319.71,6.28,D
49.85337,-121.35047,342.07,0.38,0.36,2026-07-22,2059,N,VIIRS,n,2.0NRT,311.16,6.28,D
49.85417,-121.34518,347.64,0.38,0.36,2026-07-22,2059,N,VIIRS,n,2.0NRT,312.72,6.39,D
49.85444,-121.47911,334.25,0.38,0.36,2026-07-22,2059,N,VIIRS,l,2.0NRT,309.23,7.07,D
49.85446,-121.43415,338.91,0.38,0.36,2026-07-22,2059,N,VIIRS,n,2.0NRT,306.33,10.12,D
49.85498,-121.3399,356.41,0.38,0.36,2026-07-22,2059,N,VIIRS,n,2.0NRT,321.17,6.39,D
49.85504,-121.36219,345.61,0.38,0.36,2026-07-22,2059,N,VIIRS,n,2.0NRT,313.71,8.31,D
49.85577,-121.33463,353.41,0.38,0.36,2026-07-22,2059,N,VIIRS,n,2.0NRT,315.18,13.4,D
49.85583,-121.35694,349.33,0.38,0.36,2026-07-22,2059,N,VIIRS,n,2.0NRT,314.94,5.69,D
49.85657,-121.32938,355.34,0.38,0.36,2026-07-22,2059,N,VIIRS,n,2.0NRT,318.41,13.4,D
49.85663,-121.35168,351.15,0.38,0.36,2026-07-22,2059,N,VIIRS,n,2.0NRT,313.62,5.69,D
49.85743,-121.34641,342.18,0.38,0.36,2026-07-22,2059,N,VIIRS,l,2.0NRT,312.85,5.69,D
49.85762,-121.41322,344.57,0.38,0.36,2026-07-22,2059,N,VIIRS,n,2.0NRT,312.22,12.97,D
49.85774,-121.43533,347.15,0.38,0.36,2026-07-22,2059,N,VIIRS,n,2.0NRT,303.51,16.94,D
49.85824,-121.34111,354.05,0.38,0.36,2026-07-22,2059,N,VIIRS,n,2.0NRT,317.07,5.69,D
49.85831,-121.36338,349.47,0.38,0.36,2026-07-22,2059,N,VIIRS,n,2.0NRT,314.13,8.31,D
49.85904,-121.33582,367.0,0.38,0.36,2026-07-22,2059,N,VIIRS,h,2.0NRT,320.36,14.07,D
49.8591,-121.35813,349.54,0.38,0.36,2026-07-22,2059,N,VIIRS,n,2.0NRT,315.42,5.69,D
49.85984,-121.33055,356.79,0.38,0.36,2026-07-22,2059,N,VIIRS,n,2.0NRT,316.69,14.07,D
49.85989,-121.35289,347.06,0.38,0.36,2026-07-22,2059,N,VIIRS,n,2.0NRT,312.95,5.69,D
49.86069,-121.34763,337.45,0.38,0.36,2026-07-22,2059,N,VIIRS,n,2.0NRT,309.3,5.69,D
49.86078,-121.3698,348.77,0.38,0.36,2026-07-22,2059,N,VIIRS,n,2.0NRT,313.33,6.87,D
49.8615,-121.34232,339.42,0.38,0.36,2026-07-22,2059,N,VIIRS,n,2.0NRT,307.84,5.69,D
49.86158,-121.36456,349.16,0.38,0.36,2026-07-22,2059,N,VIIRS,n,2.0NRT,314.05,6.87,D
49.86231,-121.33701,367.0,0.38,0.36,2026-07-22,2059,N,VIIRS,h,2.0NRT,317.34,14.07,D
49.86237,-121.35934,352.56,0.38,0.36,2026-07-22,2059,N,VIIRS,n,2.0NRT,316.06,6.9,D
49.86245,-121.38156,350.1,0.38,0.36,2026-07-22,2059,N,VIIRS,n,2.0NRT,316.72,16.51,D
49.86311,-121.33176,355.78,0.38,0.36,2026-07-22,2059,N,VIIRS,n,2.0NRT,308.72,14.07,D
49.86316,-121.35409,353.58,0.38,0.36,2026-07-22,2059,N,VIIRS,n,2.0NRT,316.44,6.9,D
49.8639,-121.32648,342.82,0.38,0.36,2026-07-22,2059,N,VIIRS,n,2.0NRT,299.79,38.93,D
49.86396,-121.34883,342.66,0.38,0.36,2026-07-22,2059,N,VIIRS,n,2.0NRT,308.85,6.74,D
49.86405,-121.37101,353.19,0.38,0.36,2026-07-22,2059,N,VIIRS,n,2.0NRT,317.23,6.87,D
49.86485,-121.36577,367.0,0.38,0.36,2026-07-22,2059,N,VIIRS,h,2.0NRT,318.36,6.87,D
49.86495,-121.41042,342.91,0.38,0.36,2026-07-22,2059,N,VIIRS,n,2.0NRT,310.81,13.02,D
49.86556,-121.33826,338.41,0.38,0.36,2026-07-22,2059,N,VIIRS,n,2.0NRT,304.05,5.85,D
49.86563,-121.36053,351.32,0.38,0.36,2026-07-22,2059,N,VIIRS,n,2.0NRT,314.49,6.9,D
49.86571,-121.38277,349.05,0.38,0.36,2026-07-22,2059,N,VIIRS,n,2.0NRT,314.15,10.58,D
49.86575,-121.40514,341.27,0.38,0.36,2026-07-22,2059,N,VIIRS,n,2.0NRT,309.6,13.12,D
49.86585,-121.42729,340.09,0.38,0.36,2026-07-22,2059,N,VIIRS,n,2.0NRT,305.99,17.62,D
49.86636,-121.33298,347.71,0.38,0.36,2026-07-22,2059,N,VIIRS,n,2.0NRT,305.97,5.85,D
49.86643,-121.35529,367.0,0.38,0.36,2026-07-22,2059,N,VIIRS,h,2.0NRT,317.28,6.9,D
49.86717,-121.32768,367.0,0.38,0.36,2026-07-22,2059,N,VIIRS,l,2.0NRT,330.68,126.7,D
49.86723,-121.35003,341.0,0.38,0.36,2026-07-22,2059,N,VIIRS,n,2.0NRT,308.4,6.74,D
49.86731,-121.37225,345.38,0.38,0.36,2026-07-22,2059,N,VIIRS,n,2.0NRT,314.4,5.82,D
49.86742,-121.41685,345.07,0.38,0.36,2026-07-22,2059,N,VIIRS,n,2.0NRT,308.49,12.27,D
49.86811,-121.36697,353.03,0.38,0.36,2026-07-22,2059,N,VIIRS,n,2.0NRT,317.96,5.82,D
49.86817,-121.38927,343.65,0.38,0.36,2026-07-22,2059,N,VIIRS,l,2.0NRT,315.59,13.26,D
49.86821,-121.41161,335.67,0.38,0.36,2026-07-22,2059,N,VIIRS,n,2.0NRT,304.99,12.27,D
49.8689,-121.36172,353.23,0.38,0.36,2026-07-22,2059,N,VIIRS,n,2.0NRT,315.55,5.87,D
49.86913,-121.42847,367.0,0.38,0.36,2026-07-22,2059,N,VIIRS,h,2.0NRT,305.08,17.62,D
49.86962,-121.33421,343.86,0.38,0.36,2026-07-22,2059,N,VIIRS,n,2.0NRT,307.11,5.85,D
49.86969,-121.35648,352.7,0.38,0.36,2026-07-22,2059,N,VIIRS,n,2.0NRT,312.96,5.87,D
49.86977,-121.37875,350.62,0.38,0.36,2026-07-22,2059,N,VIIRS,n,2.0NRT,310.33,10.58,D
49.8699,-121.42326,351.28,0.38,0.36,2026-07-22,2059,N,VIIRS,n,2.0NRT,312.08,17.62,D
49.87043,-121.32891,367.0,0.38,0.36,2026-07-22,2059,N,VIIRS,h,2.0NRT,349.88,126.7,D
49.87049,-121.35122,356.1,0.38,0.36,2026-07-22,2059,N,VIIRS,n,2.0NRT,317.35,13.07,D
49.87057,-121.37347,347.24,0.38,0.36,2026-07-22,2059,N,VIIRS,n,2.0NRT,313.31,5.82,D
49.87069,-121.41805,356.12,0.38,0.36,2026-07-22,2059,N,VIIRS,n,2.0NRT,306.21,12.27,D
49.87123,-121.32362,367.0,0.38,0.36,2026-07-22,2059,N,VIIRS,l,2.0NRT,329.07,126.7,D
49.87129,-121.34595,349.56,0.38,0.36,2026-07-22,2059,N,VIIRS,n,2.0NRT,309.02,13.07,D
49.87137,-121.36819,352.61,0.38,0.36,2026-07-22,2059,N,VIIRS,n,2.0NRT,315.28,5.82,D
49.87148,-121.4128,353.1,0.38,0.36,2026-07-22,2059,N,VIIRS,n,2.0NRT,312.88,12.27,D
49.87203,-121.31833,344.83,0.38,0.36,2026-07-22,2059,N,VIIRS,n,2.0NRT,303.21,6.04,D
49.87217,-121.36293,346.35,0.38,0.36,2026-07-22,2059,N,VIIRS,n,2.0NRT,313.75,5.87,D
49.87228,-121.40752,355.16,0.38,0.36,2026-07-22,2059,N,VIIRS,n,2.0NRT,322.3,40.33,D
49.87288,-121.33544,334.69,0.38,0.36,2026-07-22,2059,N,VIIRS,n,2.0NRT,305.59,6.26,D
49.87296,-121.35765,342.27,0.38,0.36,2026-07-22,2059,N,VIIRS,n,2.0NRT,307.13,5.87,D
49.87303,-121.37994,351.63,0.38,0.36,2026-07-22,2059,N,VIIRS,n,2.0NRT,312.0,11.98,D
49.87368,-121.33014,350.38,0.38,0.36,2026-07-22,2059,N,VIIRS,n,2.0NRT,300.4,6.77,D
49.87376,-121.35241,340.06,0.38,0.36,2026-07-22,2059,N,VIIRS,n,2.0NRT,303.38,13.07,D
49.87383,-121.37467,346.72,0.38,0.36,2026-07-22,2059,N,VIIRS,n,2.0NRT,309.83,13.06,D
49.87449,-121.32484,337.51,0.38,0.36,2026-07-22,2059,N,VIIRS,n,2.0NRT,297.11,6.77,D
49.87455,-121.34715,355.76,0.38,0.36,2026-07-22,2059,N,VIIRS,n,2.0NRT,306.25,13.07,D
49.87463,-121.36938,348.68,0.38,0.36,2026-07-22,2059,N,VIIRS,n,2.0NRT,313.61,13.06,D
49.8747,-121.39165,339.79,0.38,0.36,2026-07-22,2059,N,VIIRS,n,2.0NRT,303.94,15.57,D
49.87476,-121.41399,350.25,0.38,0.36,2026-07-22,2059,N,VIIRS,n,2.0NRT,319.72,19.57,D
49.87529,-121.31956,341.94,0.38,0.36,2026-07-22,2059,N,VIIRS,n,2.0NRT,303.92,10.74,D
49.87543,-121.36413,354.71,0.38,0.36,2026-07-22,2059,N,VIIRS,n,2.0NRT,314.7,11.27,D
49.87556,-121.40869,351.33,0.38,0.36,2026-07-22,2059,N,VIIRS,n,2.0NRT,325.38,24.89,D
49.87609,-121.31427,334.87,0.38,0.36,2026-07-22,2059,N,VIIRS,n,2.0NRT,301.44,10.74,D
49.8763,-121.38115,355.48,0.38,0.36,2026-07-22,2059,N,VIIRS,n,2.0NRT,310.8,11.98,D
49.87694,-121.33136,331.76,0.38,0.36,2026-07-22,2059,N,VIIRS,n,2.0NRT,297.93,6.77,D
49.87709,-121.37588,355.96,0.38,0.36,2026-07-22,2059,N,VIIRS,n,2.0NRT,310.12,13.06,D
49.87803,-121.41514,338.03,0.38,0.36,2026-07-22,2059,N,VIIRS,n,2.0NRT,300.75,19.57,D
49.87884,-121.40987,334.71,0.38,0.36,2026-07-22,2059,N,VIIRS,n,2.0NRT,299.9,24.89,D
49.87935,-121.3155,355.62,0.38,0.36,2026-07-22,2059,N,VIIRS,n,2.0NRT,301.19,10.74,D
49.88037,-121.37705,354.05,0.38,0.36,2026-07-22,2059,N,VIIRS,n,2.0NRT,310.11,44.7,D
49.8826,-121.31674,351.21,0.38,0.36,2026-07-22,2059,N,VIIRS,n,2.0NRT,296.56,11.36,D
49.8835,-121.4865,337.96,0.38,0.36,2026-07-22,2059,N,VIIRS,n,2.0NRT,302.91,3.56,D
49.88364,-121.37821,345.57,0.38,0.36,2026-07-22,2059,N,VIIRS,n,2.0NRT,306.3,44.7,D
49.88652,-121.37598,337.74,0.38,0.36,2026-07-22,2059,N,VIIRS,n,2.0NRT,300.04,46.98,D
49.88733,-121.37071,367.0,0.38,0.36,2026-07-22,2059,N,VIIRS,h,2.0NRT,325.82,46.98,D
49.89167,-121.50075,342.22,0.38,0.36,2026-07-22,2059,N,VIIRS,n,2.0NRT,302.95,2.34,D
49.89248,-121.49543,335.21,0.38,0.36,2026-07-22,2059,N,VIIRS,n,2.0NRT,303.48,2.34,D
49.89494,-121.50194,367.0,0.38,0.36,2026-07-22,2059,N,VIIRS,l,2.0NRT,329.6,107.77,D
49.8974,-121.50844,333.88,0.38,0.36,2026-07-22,2059,N,VIIRS,n,2.0NRT,301.27,49.89,D
49.90311,-121.51613,331.23,0.38,0.36,2026-07-22,2059,N,VIIRS,l,2.0NRT,304.16,6.89,D
49.90638,-121.51732,348.63,0.38,0.36,2026-07-22,2059,N,VIIRS,n,2.0NRT,309.31,4.5,D
49.90719,-121.51205,331.0,0.38,0.36,2026-07-22,2059,N,VIIRS,l,2.0NRT,305.34,4.5,D
49.90965,-121.5185,353.32,0.38,0.36,2026-07-22,2059,N,VIIRS,n,2.0NRT,308.22,4.5,D
49.91045,-121.51322,335.25,0.38,0.36,2026-07-22,2059,N,VIIRS,l,2.0NRT,308.43,4.5,D
49.91127,-121.50794,345.62,0.38,0.36,2026-07-22,2059,N,VIIRS,n,2.0NRT,315.35,4.28,D
49.91129,-121.53028,334.77,0.38,0.36,2026-07-22,2059,N,VIIRS,n,2.0NRT,300.72,40.94,D
49.91208,-121.50263,346.23,0.38,0.36,2026-07-22,2059,N,VIIRS,n,2.0NRT,311.07,4.28,D
49.91291,-121.51968,336.63,0.38,0.36,2026-07-22,2059,N,VIIRS,l,2.0NRT,308.79,15.06,D
49.91453,-121.50911,337.88,0.38,0.36,2026-07-22,2059,N,VIIRS,n,2.0NRT,307.67,6.56,D
49.91535,-121.50381,352.33,0.38,0.36,2026-07-22,2059,N,VIIRS,n,2.0NRT,314.41,6.56,D
49.91618,-121.52088,348.43,0.38,0.36,2026-07-22,2059,N,VIIRS,n,2.0NRT,309.98,15.06,D
49.92107,-121.51147,347.42,0.38,0.36,2026-07-22,2059,N,VIIRS,n,2.0NRT,308.03,38.82,D
49.92271,-121.52327,367.0,0.38,0.36,2026-07-22,2059,N,VIIRS,l,2.0NRT,336.5,40.82,D
49.92352,-121.51798,352.35,0.38,0.36,2026-07-22,2059,N,VIIRS,n,2.0NRT,309.64,40.82,D
49.92517,-121.52978,337.21,0.38,0.36,2026-07-22,2059,N,VIIRS,n,2.0NRT,305.54,11.52,D
49.92598,-121.52448,345.13,0.38,0.36,2026-07-22,2059,N,VIIRS,l,2.0NRT,319.23,64.87,D
49.93007,-121.54276,337.61,0.38,0.36,2026-07-22,2059,N,VIIRS,n,2.0NRT,306.97,4.14,D
49.93088,-121.53748,338.94,0.38,0.36,2026-07-22,2059,N,VIIRS,n,2.0NRT,307.3,4.42,D
49.93169,-121.5322,344.73,0.38,0.36,2026-07-22,2059,N,VIIRS,n,2.0NRT,314.53,4.42,D
49.93251,-121.54928,348.05,0.38,0.36,2026-07-22,2059,N,VIIRS,n,2.0NRT,307.58,4.14,D
49.93332,-121.544,346.2,0.38,0.36,2026-07-22,2059,N,VIIRS,n,2.0NRT,308.54,4.14,D
49.93495,-121.53342,337.3,0.38,0.36,2026-07-22,2059,N,VIIRS,n,2.0NRT,306.41,4.42,D
49.93821,-121.53464,347.33,0.38,0.36,2026-07-22,2059,N,VIIRS,n,2.0NRT,316.08,8.51,D
49.94147,-121.53584,343.27,0.38,0.36,2026-07-22,2059,N,VIIRS,l,2.0NRT,316.99,8.51,D
49.94428,-121.31348,331.49,0.38,0.36,2026-07-22,2059,N,VIIRS,n,2.0NRT,298.35,2.72,D
49.94637,-121.54883,343.67,0.38,0.36,2026-07-22,2059,N,VIIRS,n,2.0NRT,305.26,9.3,D
50.06411,-121.30936,333.54,0.38,0.36,2026-07-22,2059,N,VIIRS,l,2.0NRT,307.81,8.23,D
50.08208,-121.30454,334.34,0.38,0.36,2026-07-22,2059,N,VIIRS,n,2.0NRT,304.75,2.94,D
50.09195,-121.33058,342.05,0.38,0.36,2026-07-22,2059,N,VIIRS,n,2.0NRT,308.56,10.58,D
50.09521,-121.33178,341.07,0.38,0.36,2026-07-22,2059,N,VIIRS,n,2.0NRT,308.42,10.58,D
50.096,-121.32652,353.59,0.38,0.36,2026-07-22,2059,N,VIIRS,n,2.0NRT,313.13,32.5,D
50.09927,-121.32771,338.68,0.38,0.36,2026-07-22,2059,N,VIIRS,n,2.0NRT,297.55,3.75,D
50.1058,-121.3301,341.79,0.38,0.36,2026-07-22,2059,N,VIIRS,n,2.0NRT,302.47,9.87,D
49.80271,-121.40083,341.14,0.45,0.39,2026-07-23,2042,N,VIIRS,n,2.0NRT,277.36,9.23,D
49.8037,-121.39579,355.51,0.45,0.39,2026-07-23,2042,N,VIIRS,n,2.0NRT,276.62,9.23,D
49.80469,-121.39078,350.37,0.45,0.39,2026-07-23,2042,N,VIIRS,n,2.0NRT,275.6,14.57,D
49.8055,-121.48199,328.63,0.45,0.39,2026-07-23,2042,N,VIIRS,n,2.0NRT,284.3,3.6,D
49.80568,-121.3857,356.98,0.45,0.39,2026-07-23,2042,N,VIIRS,l,2.0NRT,280.1,14.57,D
49.80667,-121.38063,333.26,0.45,0.39,2026-07-23,2042,N,VIIRS,n,2.0NRT,277.85,6.55,D
49.80715,-121.41647,333.74,0.45,0.39,2026-07-23,2042,N,VIIRS,n,2.0NRT,271.67,8.83,D
49.80801,-121.48841,338.44,0.45,0.39,2026-07-23,2042,N,VIIRS,n,2.0NRT,293.67,8.11,D
49.80849,-121.40977,337.14,0.45,0.39,2026-07-23,2042,N,VIIRS,n,2.0NRT,273.26,8.83,D
49.80903,-121.48323,347.87,0.45,0.39,2026-07-23,2042,N,VIIRS,n,2.0NRT,289.55,14.32,D
49.81001,-121.47826,347.15,0.45,0.39,2026-07-23,2042,N,VIIRS,n,2.0NRT,286.7,14.32,D
49.81039,-121.41913,345.94,0.45,0.39,2026-07-23,2042,N,VIIRS,n,2.0NRT,274.85,8.83,D
49.81182,-121.4119,338.29,0.45,0.39,2026-07-23,2042,N,VIIRS,n,2.0NRT,265.2,8.83,D
49.81217,-121.4291,338.62,0.45,0.39,2026-07-23,2042,N,VIIRS,n,2.0NRT,284.49,7.11,D
49.81253,-121.48461,331.53,0.45,0.39,2026-07-23,2042,N,VIIRS,n,2.0NRT,288.83,14.32,D
49.81253,-121.37004,332.16,0.44,0.39,2026-07-23,2042,N,VIIRS,n,2.0NRT,288.21,3.79,D
49.81362,-121.42179,331.34,0.45,0.39,2026-07-23,2042,N,VIIRS,n,2.0NRT,275.57,9.1,D
49.81388,-121.36324,329.34,0.44,0.39,2026-07-23,2042,N,VIIRS,n,2.0NRT,287.18,3.79,D
49.81448,-121.47475,341.01,0.45,0.39,2026-07-23,2042,N,VIIRS,n,2.0NRT,286.15,4.61,D
49.81471,-121.37805,331.36,0.44,0.39,2026-07-23,2042,N,VIIRS,n,2.0NRT,291.01,5.73,D
49.81524,-121.35641,329.1,0.44,0.39,2026-07-23,2042,N,VIIRS,n,2.0NRT,287.11,3.22,D
49.81528,-121.45154,334.46,0.45,0.39,2026-07-23,2042,N,VIIRS,n,2.0NRT,281.04,3.82,D
49.81545,-121.46978,329.65,0.45,0.39,2026-07-23,2042,N,VIIRS,n,2.0NRT,282.91,4.61,D
49.81548,-121.43145,336.69,0.45,0.39,2026-07-23,2042,N,VIIRS,n,2.0NRT,283.0,7.11,D
49.81598,-121.37164,350.97,0.44,0.39,2026-07-23,2042,N,VIIRS,n,2.0NRT,300.42,24.96,D
49.81644,-121.46477,356.61,0.45,0.39,2026-07-23,2042,N,VIIRS,n,2.0NRT,286.93,11.42,D
49.81651,-121.34999,331.37,0.44,0.39,2026-07-23,2042,N,VIIRS,n,2.0NRT,284.12,3.22,D
49.8173,-121.36495,355.82,0.44,0.39,2026-07-23,2042,N,VIIRS,n,2.0NRT,302.15,24.96,D
49.81756,-121.45908,335.82,0.45,0.39,2026-07-23,2042,N,VIIRS,n,2.0NRT,286.95,11.42,D
49.81815,-121.37968,343.0,0.44,0.39,2026-07-23,2042,N,VIIRS,n,2.0NRT,291.21,5.73,D
49.81864,-121.35822,345.85,0.44,0.39,2026-07-23,2042,N,VIIRS,n,2.0NRT,307.41,187.68,D
49.81879,-121.45285,329.15,0.45,0.39,2026-07-23,2042,N,VIIRS,n,2.0NRT,285.84,3.82,D
49.81927,-121.48869,348.57,0.45,0.39,2026-07-23,2042,N,VIIRS,n,2.0NRT,286.64,13.03,D
49.81939,-121.37343,327.83,0.44,0.39,2026-07-23,2042,N,VIIRS,n,2.0NRT,289.26,24.96,D
49.81991,-121.46631,343.65,0.45,0.39,2026-07-23,2042,N,VIIRS,n,2.0NRT,285.85,10.16,D
49.81996,-121.35153,349.28,0.44,0.39,2026-07-23,2042,N,VIIRS,n,2.0NRT,298.89,187.68,D
49.82071,-121.36674,335.51,0.44,0.39,2026-07-23,2042,N,VIIRS,n,2.0NRT,290.6,24.96,D
49.82124,-121.34502,343.53,0.44,0.39,2026-07-23,2042,N,VIIRS,n,2.0NRT,281.8,38.92,D
49.8234,-121.35315,367.0,0.44,0.39,2026-07-23,2042,N,VIIRS,l,2.0NRT,326.2,187.68,D
49.82468,-121.34667,352.08,0.44,0.39,2026-07-23,2042,N,VIIRS,n,2.0NRT,283.76,38.92,D
49.82485,-121.49867,348.07,0.45,0.39,2026-07-23,2042,N,VIIRS,n,2.0NRT,305.99,85.27,D
49.82552,-121.36147,343.88,0.44,0.39,2026-07-23,2042,N,VIIRS,n,2.0NRT,284.57,20.5,D
49.82594,-121.49318,337.27,0.45,0.39,2026-07-23,2042,N,VIIRS,n,2.0NRT,290.73,8.98,D
49.82685,-121.35471,353.83,0.44,0.39,2026-07-23,2042,N,VIIRS,n,2.0NRT,285.73,20.5,D
49.82811,-121.3483,339.13,0.44,0.39,2026-07-23,2042,N,VIIRS,n,2.0NRT,274.1,8.05,D
49.82822,-121.50072,292.48,0.45,0.39,2026-07-23,2042,N,VIIRS,l,2.0NRT,322.08,103.81,D
49.82932,-121.49522,351.2,0.45,0.39,2026-07-23,2042,N,VIIRS,n,2.0NRT,303.84,30.66,D
49.8303,-121.35632,348.59,0.44,0.39,2026-07-23,2042,N,VIIRS,n,2.0NRT,290.5,20.5,D
49.83155,-121.34991,328.49,0.44,0.39,2026-07-23,2042,N,VIIRS,n,2.0NRT,280.96,8.05,D
49.83158,-121.50288,345.34,0.45,0.39,2026-07-23,2042,N,VIIRS,n,2.0NRT,283.4,103.81,D
49.83269,-121.49724,357.0,0.45,0.39,2026-07-23,2042,N,VIIRS,n,2.0NRT,297.72,30.66,D
49.83383,-121.49146,343.64,0.45,0.39,2026-07-23,2042,N,VIIRS,n,2.0NRT,293.33,30.66,D
49.83508,-121.48512,331.87,0.45,0.39,2026-07-23,2042,N,VIIRS,n,2.0NRT,290.92,7.74,D
49.84089,-121.49389,343.0,0.45,0.39,2026-07-23,2042,N,VIIRS,n,2.0NRT,296.06,5.44,D
49.84459,-121.49426,351.53,0.45,0.39,2026-07-23,2042,N,VIIRS,n,2.0NRT,298.65,19.64,D
49.84819,-121.49516,338.73,0.45,0.39,2026-07-23,2042,N,VIIRS,n,2.0NRT,299.99,19.64,D
49.84951,-121.48838,338.15,0.45,0.39,2026-07-23,2042,N,VIIRS,n,2.0NRT,298.48,10.4,D
49.87255,-121.48623,337.01,0.45,0.39,2026-07-23,2042,N,VIIRS,n,2.0NRT,298.14,4.76,D
49.87396,-121.40199,337.81,0.44,0.39,2026-07-23,2042,N,VIIRS,n,2.0NRT,286.42,2.8,D
49.8751,-121.39613,352.14,0.44,0.39,2026-07-23,2042,N,VIIRS,n,2.0NRT,291.65,8.72,D
49.87602,-121.48775,344.39,0.45,0.39,2026-07-23,2042,N,VIIRS,n,2.0NRT,299.27,7.5,D
49.87685,-121.34864,332.75,0.44,0.39,2026-07-23,2042,N,VIIRS,n,2.0NRT,275.0,4.73,D
49.87847,-121.39817,345.85,0.44,0.39,2026-07-23,2042,N,VIIRS,n,2.0NRT,300.16,66.97,D
49.88704,-121.3541,344.68,0.44,0.39,2026-07-23,2042,N,VIIRS,n,2.0NRT,284.59,9.93,D
49.89054,-121.43282,352.25,0.45,0.39,2026-07-23,2042,N,VIIRS,n,2.0NRT,301.23,24.82,D
49.89418,-121.50308,340.94,0.45,0.39,2026-07-23,2042,N,VIIRS,n,2.0NRT,299.27,5.2,D
49.89576,-121.43771,348.24,0.45,0.39,2026-07-23,2042,N,VIIRS,n,2.0NRT,299.21,81.2,D
49.89709,-121.43106,349.38,0.45,0.39,2026-07-23,2042,N,VIIRS,n,2.0NRT,303.13,15.43,D
49.9006,-121.43237,367.0,0.45,0.39,2026-07-23,2042,N,VIIRS,l,2.0NRT,330.17,72.62,D
49.90402,-121.43411,349.35,0.45,0.39,2026-07-23,2042,N,VIIRS,n,2.0NRT,303.64,72.62,D
49.90803,-121.34244,336.59,0.44,0.39,2026-07-23,2042,N,VIIRS,n,2.0NRT,278.17,7.23,D
49.90884,-121.42885,356.13,0.44,0.39,2026-07-23,2042,N,VIIRS,n,2.0NRT,301.05,12.62,D
49.90918,-121.33651,353.46,0.44,0.39,2026-07-23,2042,N,VIIRS,n,2.0NRT,278.65,7.23,D
49.91019,-121.42205,347.97,0.44,0.39,2026-07-23,2042,N,VIIRS,n,2.0NRT,304.22,17.28,D
49.91034,-121.34539,347.85,0.44,0.39,2026-07-23,2042,N,VIIRS,n,2.0NRT,282.59,20.09,D
49.91141,-121.34435,349.28,0.44,0.39,2026-07-23,2042,N,VIIRS,n,2.0NRT,287.57,124.38,D
49.91151,-121.33945,309.06,0.44,0.39,2026-07-23,2042,N,VIIRS,l,2.0NRT,318.61,127.3,D
49.91256,-121.33841,367.0,0.44,0.39,2026-07-23,2042,N,VIIRS,h,2.0NRT,327.15,124.38,D
49.91271,-121.33337,355.89,0.44,0.39,2026-07-23,2042,N,VIIRS,n,2.0NRT,288.19,127.3,D
49.91363,-121.42366,354.89,0.44,0.39,2026-07-23,2042,N,VIIRS,n,2.0NRT,303.27,17.28,D
49.91375,-121.34712,350.23,0.44,0.39,2026-07-23,2042,N,VIIRS,n,2.0NRT,283.96,20.09,D
49.91376,-121.33219,340.22,0.44,0.39,2026-07-23,2042,N,VIIRS,n,2.0NRT,297.37,92.54,D
49.91484,-121.34598,352.96,0.44,0.39,2026-07-23,2042,N,VIIRS,n,2.0NRT,284.61,124.38,D
49.91492,-121.41714,353.49,0.44,0.39,2026-07-23,2042,N,VIIRS,n,2.0NRT,308.26,17.28,D
49.91496,-121.34096,293.14,0.44,0.39,2026-07-23,2042,N,VIIRS,l,2.0NRT,307.33,127.3,D
49.915,-121.32577,342.03,0.44,0.39,2026-07-23,2042,N,VIIRS,n,2.0NRT,274.64,92.54,D
49.91618,-121.33479,309.87,0.44,0.39,2026-07-23,2042,N,VIIRS,l,2.0NRT,320.48,127.3,D
49.91718,-121.34875,345.12,0.44,0.39,2026-07-23,2042,N,VIIRS,n,2.0NRT,283.96,9.13,D
49.91743,-121.32846,341.28,0.44,0.39,2026-07-23,2042,N,VIIRS,n,2.0NRT,296.71,84.59,D
49.91836,-121.41877,353.32,0.44,0.39,2026-07-23,2042,N,VIIRS,n,2.0NRT,305.57,47.57,D
49.91843,-121.34237,356.32,0.44,0.39,2026-07-23,2042,N,VIIRS,n,2.0NRT,292.35,35.59,D
49.91846,-121.32726,351.01,0.44,0.39,2026-07-23,2042,N,VIIRS,n,2.0NRT,298.61,92.54,D
49.91962,-121.41241,353.61,0.44,0.39,2026-07-23,2042,N,VIIRS,n,2.0NRT,307.4,14.33,D
49.91969,-121.33604,354.4,0.44,0.39,2026-07-23,2042,N,VIIRS,n,2.0NRT,300.36,35.59,D
49.91999,-121.39149,342.64,0.44,0.39,2026-07-23,2042,N,VIIRS,n,2.0NRT,286.42,13.27,D
49.92061,-121.35032,344.03,0.44,0.39,2026-07-23,2042,N,VIIRS,n,2.0NRT,292.73,9.13,D
49.92089,-121.32993,346.59,0.44,0.39,2026-07-23,2042,N,VIIRS,n,2.0NRT,300.5,38.93,D
49.92191,-121.34377,342.58,0.44,0.39,2026-07-23,2042,N,VIIRS,n,2.0NRT,296.4,35.59,D
49.92208,-121.32388,335.59,0.44,0.39,2026-07-23,2042,N,VIIRS,n,2.0NRT,282.67,38.93,D
49.9222,-121.39933,348.78,0.44,0.39,2026-07-23,2042,N,VIIRS,n,2.0NRT,297.01,7.06,D
49.92304,-121.41411,367.0,0.44,0.39,2026-07-23,2042,N,VIIRS,h,2.0NRT,312.45,14.33,D
49.92316,-121.33746,344.89,0.44,0.39,2026-07-23,2042,N,VIIRS,n,2.0NRT,297.07,35.59,D
49.92346,-121.39299,348.03,0.44,0.39,2026-07-23,2042,N,VIIRS,n,2.0NRT,287.62,7.06,D
49.9241,-121.35172,339.85,0.44,0.39,2026-07-23,2042,N,VIIRS,n,2.0NRT,292.32,13.83,D
49.92432,-121.40764,346.3,0.44,0.39,2026-07-23,2042,N,VIIRS,n,2.0NRT,299.92,14.33,D
49.92561,-121.40115,353.52,0.44,0.39,2026-07-23,2042,N,VIIRS,n,2.0NRT,297.63,7.06,D
49.92647,-121.41582,367.0,0.44,0.39,2026-07-23,2042,N,VIIRS,h,2.0NRT,312.1,34.68,D
49.92689,-121.39465,348.32,0.44,0.39,2026-07-23,2042,N,VIIRS,n,2.0NRT,289.88,7.06,D
49.92773,-121.40944,367.0,0.44,0.39,2026-07-23,2042,N,VIIRS,h,2.0NRT,306.58,34.68,D
49.929,-121.40298,367.0,0.44,0.39,2026-07-23,2042,N,VIIRS,h,2.0NRT,303.53,14.52,D
49.92989,-121.41751,367.0,0.44,0.39,2026-07-23,2042,N,VIIRS,l,2.0NRT,328.98,34.68,D
49.93029,-121.39641,347.66,0.44,0.39,2026-07-23,2042,N,VIIRS,n,2.0NRT,295.34,14.52,D
49.93114,-121.41119,367.0,0.44,0.39,2026-07-23,2042,N,VIIRS,h,2.0NRT,305.37,34.68,D
49.93159,-121.38985,346.5,0.44,0.39,2026-07-23,2042,N,VIIRS,n,2.0NRT,292.3,9.09,D
49.9324,-121.40481,367.0,0.44,0.39,2026-07-23,2042,N,VIIRS,h,2.0NRT,300.68,14.52,D
49.93331,-121.41927,367.0,0.44,0.39,2026-07-23,2042,N,VIIRS,l,2.0NRT,330.23,79.73,D
49.93369,-121.39825,352.06,0.44,0.39,2026-07-23,2042,N,VIIRS,n,2.0NRT,299.47,14.52,D
49.93455,-121.41296,367.0,0.44,0.39,2026-07-23,2042,N,VIIRS,h,2.0NRT,312.02,79.73,D
49.93498,-121.39167,353.15,0.44,0.39,2026-07-23,2042,N,VIIRS,n,2.0NRT,299.4,9.09,D
49.93579,-121.40662,353.4,0.44,0.39,2026-07-23,2042,N,VIIRS,n,2.0NRT,299.11,13.2,D
49.93628,-121.38512,350.82,0.44,0.39,2026-07-23,2042,N,VIIRS,n,2.0NRT,286.55,9.09,D
49.93708,-121.40009,355.16,0.44,0.39,2026-07-23,2042,N,VIIRS,n,2.0NRT,300.55,13.2,D
49.93795,-121.41476,367.0,0.44,0.39,2026-07-23,2042,N,VIIRS,h,2.0NRT,305.52,79.73,D
49.93839,-121.39343,350.23,0.44,0.39,2026-07-23,2042,N,VIIRS,n,2.0NRT,297.57,12.94,D
49.9392,-121.40843,351.48,0.44,0.39,2026-07-23,2042,N,VIIRS,n,2.0NRT,297.59,13.2,D
49.93968,-121.38692,356.27,0.44,0.39,2026-07-23,2042,N,VIIRS,n,2.0NRT,299.82,12.94,D
49.94034,-121.55574,332.06,0.45,0.39,2026-07-23,2042,N,VIIRS,n,2.0NRT,301.07,4.69,D
49.94096,-121.38037,345.04,0.44,0.39,2026-07-23,2042,N,VIIRS,n,2.0NRT,293.1,14.35,D
50.07871,-121.26277,331.39,0.44,0.38,2026-07-23,2042,N,VIIRS,n,2.0NRT,296.15,28.02,D
50.08212,-121.2644,343.19,0.44,0.38,2026-07-23,2042,N,VIIRS,n,2.0NRT,297.72,10.73,D
49.82145,-121.4958,356.88,0.73,0.76,2026-07-23,2222,N,VIIRS,l,2.0NRT,272.04,32.66,D
49.82203,-121.51935,356.25,0.73,0.76,2026-07-23,2222,N,VIIRS,l,2.0NRT,268.58,32.66,D
49.82789,-121.46658,334.4,0.73,0.76,2026-07-23,2222,N,VIIRS,n,2.0NRT,271.58,17.89,D
49.82817,-121.47763,356.81,0.73,0.76,2026-07-23,2222,N,VIIRS,l,2.0NRT,285.54,25.08,D
49.8287,-121.49909,352.61,0.73,0.76,2026-07-23,2222,N,VIIRS,n,2.0NRT,288.18,25.08,D
49.84283,-121.49166,367.0,0.73,0.76,2026-07-23,2222,N,VIIRS,h,2.0NRT,297.81,37.54,D
49.84301,-121.49874,357.36,0.73,0.76,2026-07-23,2222,N,VIIRS,l,2.0NRT,288.71,37.54,D
49.84999,-121.49155,349.09,0.73,0.76,2026-07-23,2222,N,VIIRS,n,2.0NRT,291.58,56.65,D
49.85014,-121.49796,350.31,0.73,0.76,2026-07-23,2222,N,VIIRS,n,2.0NRT,290.31,37.54,D
49.87642,-121.39581,367.0,0.74,0.76,2026-07-23,2222,N,VIIRS,h,2.0NRT,292.17,40.46,D
49.8767,-121.40757,356.24,0.74,0.76,2026-07-23,2222,N,VIIRS,n,2.0NRT,293.35,32.98,D
49.87788,-121.40025,367.0,0.74,0.76,2026-07-23,2222,N,VIIRS,h,2.0NRT,294.91,52.67,D
49.88448,-121.4324,352.39,0.73,0.76,2026-07-23,2222,N,VIIRS,n,2.0NRT,294.57,38.52,D
49.88588,-121.42985,367.0,0.73,0.76,2026-07-23,2222,N,VIIRS,h,2.0NRT,298.45,41.44,D
49.89145,-121.4234,367.0,0.73,0.76,2026-07-23,2222,N,VIIRS,h,2.0NRT,293.86,52.67,D
49.89162,-121.43085,354.91,0.73,0.76,2026-07-23,2222,N,VIIRS,n,2.0NRT,295.21,38.52,D
49.89178,-121.43769,367.0,0.73,0.76,2026-07-23,2222,N,VIIRS,h,2.0NRT,298.75,38.52,D
49.89192,-121.44373,353.62,0.73,0.76,2026-07-23,2222,N,VIIRS,n,2.0NRT,295.25,44.59,D
49.89297,-121.42673,341.33,0.73,0.76,2026-07-23,2222,N,VIIRS,n,2.0NRT,293.27,41.44,D
49.89318,-121.43437,367.0,0.73,0.76,2026-07-23,2222,N,VIIRS,h,2.0NRT,296.38,113.6,D
49.89335,-121.50975,329.33,0.73,0.76,2026-07-23,2222,N,VIIRS,n,2.0NRT,290.65,6.27,D
49.89335,-121.4408,347.89,0.73,0.76,2026-07-23,2222,N,VIIRS,n,2.0NRT,305.28,113.6,D
49.89353,-121.44728,337.11,0.73,0.76,2026-07-23,2222,N,VIIRS,n,2.0NRT,293.27,35.88,D
49.89859,-121.42178,336.17,0.73,0.76,2026-07-23,2222,N,VIIRS,n,2.0NRT,293.16,105.77,D
49.89878,-121.43014,367.0,0.73,0.76,2026-07-23,2222,N,VIIRS,h,2.0NRT,297.69,652.99,D
49.89894,-121.43712,367.0,0.73,0.76,2026-07-23,2222,N,VIIRS,h,2.0NRT,331.37,652.99,D
49.89908,-121.44325,208.0,0.73,0.76,2026-07-23,2222,N,VIIRS,l,2.0NRT,296.52,247.48,D
49.90018,-121.42757,367.0,0.73,0.76,2026-07-23,2222,N,VIIRS,h,2.0NRT,293.88,258.44,D
49.90036,-121.43436,367.0,0.73,0.76,2026-07-23,2222,N,VIIRS,h,2.0NRT,313.7,466.08,D
49.90052,-121.44039,208.0,0.73,0.76,2026-07-23,2222,N,VIIRS,l,2.0NRT,313.96,466.08,D
49.9007,-121.4473,330.52,0.73,0.76,2026-07-23,2222,N,VIIRS,n,2.0NRT,292.65,109.09,D
49.90548,-121.40926,332.08,0.73,0.76,2026-07-23,2222,N,VIIRS,n,2.0NRT,292.31,15.25,D
49.90567,-121.41782,345.24,0.73,0.76,2026-07-23,2222,N,VIIRS,n,2.0NRT,290.36,105.77,D
49.90586,-121.42603,367.0,0.73,0.76,2026-07-23,2222,N,VIIRS,h,2.0NRT,293.12,105.77,D
49.90612,-121.43717,367.0,0.73,0.76,2026-07-23,2222,N,VIIRS,l,2.0NRT,345.44,652.99,D
49.90625,-121.44292,208.0,0.73,0.76,2026-07-23,2222,N,VIIRS,l,2.0NRT,297.03,247.48,D
49.90701,-121.41457,342.58,0.73,0.76,2026-07-23,2222,N,VIIRS,n,2.0NRT,289.84,39.27,D
49.90724,-121.423,356.98,0.73,0.76,2026-07-23,2222,N,VIIRS,l,2.0NRT,289.43,258.44,D
49.90741,-121.42938,356.45,0.73,0.76,2026-07-23,2222,N,VIIRS,n,2.0NRT,297.94,258.44,D
49.90755,-121.43478,367.0,0.73,0.76,2026-07-23,2222,N,VIIRS,l,2.0NRT,338.37,466.08,D
49.9077,-121.44018,208.0,0.73,0.76,2026-07-23,2222,N,VIIRS,l,2.0NRT,313.49,466.08,D
49.90788,-121.44701,338.51,0.73,0.76,2026-07-23,2222,N,VIIRS,n,2.0NRT,293.75,109.09,D
49.91254,-121.40406,332.27,0.74,0.76,2026-07-23,2222,N,VIIRS,n,2.0NRT,281.07,14.4,D
49.91271,-121.41158,339.6,0.73,0.76,2026-07-23,2222,N,VIIRS,n,2.0NRT,279.55,14.4,D
49.9129,-121.42003,357.69,0.73,0.76,2026-07-23,2222,N,VIIRS,l,2.0NRT,283.95,50.65,D
49.91304,-121.4265,367.0,0.73,0.76,2026-07-23,2222,N,VIIRS,h,2.0NRT,290.68,50.65,D
49.91317,-121.43185,352.93,0.73,0.76,2026-07-23,2222,N,VIIRS,n,2.0NRT,293.6,108.71,D
49.9133,-121.43724,367.0,0.73,0.76,2026-07-23,2222,N,VIIRS,h,2.0NRT,291.73,108.71,D
49.91343,-121.44322,342.53,0.73,0.76,2026-07-23,2222,N,VIIRS,n,2.0NRT,292.35,54.83,D
49.91425,-121.41646,348.77,0.73,0.76,2026-07-23,2222,N,VIIRS,n,2.0NRT,277.24,29.96,D
49.91445,-121.42402,356.45,0.73,0.76,2026-07-23,2222,N,VIIRS,l,2.0NRT,285.42,43.02,D
49.9146,-121.42995,356.46,0.73,0.76,2026-07-23,2222,N,VIIRS,l,2.0NRT,289.96,43.02,D
49.91475,-121.43522,342.5,0.73,0.76,2026-07-23,2222,N,VIIRS,n,2.0NRT,289.85,31.03,D
49.91492,-121.5144,329.5,0.73,0.76,2026-07-23,2222,N,VIIRS,n,2.0NRT,290.48,16.54,D
49.91991,-121.41241,330.88,0.73,0.76,2026-07-23,2222,N,VIIRS,n,2.0NRT,273.79,14.4,D
49.92009,-121.42057,348.5,0.73,0.76,2026-07-23,2222,N,VIIRS,n,2.0NRT,280.48,50.65,D
49.92026,-121.42815,331.19,0.73,0.76,2026-07-23,2222,N,VIIRS,n,2.0NRT,281.38,50.65,D
49.92145,-121.41692,339.95,0.73,0.76,2026-07-23,2222,N,VIIRS,n,2.0NRT,278.14,29.96,D
49.92167,-121.42544,349.05,0.73,0.76,2026-07-23,2222,N,VIIRS,n,2.0NRT,280.51,43.02,D
49.92842,-121.40862,339.54,0.74,0.76,2026-07-23,2222,N,VIIRS,n,2.0NRT,279.2,30.57,D
49.92862,-121.41646,356.87,0.73,0.76,2026-07-23,2222,N,VIIRS,l,2.0NRT,281.84,30.57,D
49.92884,-121.42515,352.27,0.73,0.76,2026-07-23,2222,N,VIIRS,n,2.0NRT,281.89,55.38,D
49.93558,-121.40764,340.86,0.74,0.76,2026-07-23,2222,N,VIIRS,n,2.0NRT,284.51,30.57,D
49.93578,-121.41564,355.86,0.73,0.76,2026-07-23,2222,N,VIIRS,n,2.0NRT,285.94,30.57,D
49.936,-121.42399,356.77,0.73,0.76,2026-07-23,2222,N,VIIRS,n,2.0NRT,277.7,55.38,D
49.8008,-121.3821,356.31,0.42,0.37,2026-07-24,1036,N,VIIRS,n,2.0NRT,299.45,31.46,N
49.80122,-121.40325,299.75,0.41,0.37,2026-07-24,1036,N,VIIRS,n,2.0NRT,284.42,0.58,N
49.80185,-121.42589,348.91,0.41,0.37,2026-07-24,1036,N,VIIRS,n,2.0NRT,290.66,12.04,N
49.80202,-121.38849,319.27,0.42,0.37,2026-07-24,1036,N,VIIRS,n,2.0NRT,288.86,3.16,N
49.80285,-121.43116,332.7,0.41,0.37,2026-07-24,1036,N,VIIRS,n,2.0NRT,287.8,12.04,N
49.80328,-121.39508,309.55,0.42,0.37,2026-07-24,1036,N,VIIRS,n,2.0NRT,287.16,3.16,N
49.8039,-121.43674,321.86,0.41,0.37,2026-07-24,1036,N,VIIRS,n,2.0NRT,287.09,9.39,N
49.8041,-121.38036,344.16,0.42,0.37,2026-07-24,1036,N,VIIRS,n,2.0NRT,294.92,11.47,N
49.80425,-121.41936,332.66,0.41,0.37,2026-07-24,1036,N,VIIRS,n,2.0NRT,288.74,1.76,N
49.80452,-121.40156,300.16,0.41,0.37,2026-07-24,1036,N,VIIRS,n,2.0NRT,285.48,0.58,N
49.80485,-121.44183,356.38,0.41,0.37,2026-07-24,1036,N,VIIRS,n,2.0NRT,295.39,9.39,N
49.80518,-121.4243,347.6,0.41,0.37,2026-07-24,1036,N,VIIRS,n,2.0NRT,292.32,4.48,N
49.80532,-121.38673,301.84,0.42,0.37,2026-07-24,1036,N,VIIRS,n,2.0NRT,288.83,1.33,N
49.80578,-121.44683,320.04,0.41,0.37,2026-07-24,1036,N,VIIRS,n,2.0NRT,287.3,3.87,N
49.80613,-121.42941,323.34,0.41,0.37,2026-07-24,1036,N,VIIRS,n,2.0NRT,290.77,4.48,N
49.80666,-121.41291,304.68,0.41,0.37,2026-07-24,1036,N,VIIRS,n,2.0NRT,285.8,1.76,N
49.80702,-121.48655,298.55,0.41,0.37,2026-07-24,1036,N,VIIRS,n,2.0NRT,284.95,1.63,N
49.80714,-121.43479,315.81,0.41,0.37,2026-07-24,1036,N,VIIRS,n,2.0NRT,289.13,2.78,N
49.80758,-121.41783,309.35,0.41,0.37,2026-07-24,1036,N,VIIRS,n,2.0NRT,288.14,1.76,N
49.80803,-121.4778,305.53,0.41,0.37,2026-07-24,1036,N,VIIRS,n,2.0NRT,285.43,2.73,N
49.80812,-121.43999,328.2,0.41,0.37,2026-07-24,1036,N,VIIRS,n,2.0NRT,292.49,2.78,N
49.80848,-121.42265,304.92,0.41,0.37,2026-07-24,1036,N,VIIRS,n,2.0NRT,288.91,4.48,N
49.8091,-121.44523,347.9,0.41,0.37,2026-07-24,1036,N,VIIRS,n,2.0NRT,294.89,11.2,N
49.80912,-121.47829,316.67,0.41,0.37,2026-07-24,1036,N,VIIRS,n,2.0NRT,285.9,1.63,N
49.80929,-121.48441,322.2,0.41,0.37,2026-07-24,1036,N,VIIRS,n,2.0NRT,287.85,1.59,N
49.80973,-121.37175,349.71,0.42,0.37,2026-07-24,1036,N,VIIRS,n,2.0NRT,298.93,13.95,N
49.81003,-121.45024,332.84,0.41,0.37,2026-07-24,1036,N,VIIRS,n,2.0NRT,288.74,11.2,N
49.81032,-121.4849,321.96,0.41,0.37,2026-07-24,1036,N,VIIRS,n,2.0NRT,288.95,1.63,N
49.81047,-121.49059,299.9,0.41,0.37,2026-07-24,1036,N,VIIRS,n,2.0NRT,285.23,1.59,N
49.81077,-121.37728,333.78,0.42,0.37,2026-07-24,1036,N,VIIRS,n,2.0NRT,292.57,13.95,N
49.81132,-121.47612,336.44,0.41,0.37,2026-07-24,1036,N,VIIRS,n,2.0NRT,286.61,2.73,N
49.81139,-121.43817,309.0,0.41,0.37,2026-07-24,1036,N,VIIRS,n,2.0NRT,289.3,2.78,N
49.81144,-121.49097,300.72,0.41,0.37,2026-07-24,1036,N,VIIRS,n,2.0NRT,284.98,1.12,N
49.8121,-121.36513,333.46,0.42,0.37,2026-07-24,1036,N,VIIRS,n,2.0NRT,288.61,5.52,N
49.81213,-121.46135,335.14,0.41,0.37,2026-07-24,1036,N,VIIRS,n,2.0NRT,289.88,4.62,N
49.81235,-121.44331,351.94,0.41,0.37,2026-07-24,1036,N,VIIRS,n,2.0NRT,297.07,11.2,N
49.81257,-121.48267,310.57,0.41,0.37,2026-07-24,1036,N,VIIRS,n,2.0NRT,287.4,1.59,N
49.8131,-121.37038,340.44,0.42,0.37,2026-07-24,1036,N,VIIRS,n,2.0NRT,293.45,13.95,N
49.81333,-121.46769,332.17,0.41,0.37,2026-07-24,1036,N,VIIRS,n,2.0NRT,295.21,15.5,N
49.81334,-121.44856,346.79,0.41,0.37,2026-07-24,1036,N,VIIRS,n,2.0NRT,294.96,11.2,N
49.81374,-121.48878,306.83,0.41,0.37,2026-07-24,1036,N,VIIRS,n,2.0NRT,286.14,1.59,N
49.81409,-121.37567,312.31,0.42,0.37,2026-07-24,1036,N,VIIRS,n,2.0NRT,291.73,13.95,N
49.8144,-121.45422,302.62,0.41,0.37,2026-07-24,1036,N,VIIRS,n,2.0NRT,289.27,4.62,N
49.81458,-121.47424,324.21,0.41,0.37,2026-07-24,1036,N,VIIRS,n,2.0NRT,287.78,15.5,N
49.81545,-121.45978,341.81,0.41,0.37,2026-07-24,1036,N,VIIRS,n,2.0NRT,294.24,4.62,N
49.81548,-121.36378,332.83,0.42,0.37,2026-07-24,1036,N,VIIRS,n,2.0NRT,290.87,3.81,N
49.81568,-121.44176,306.85,0.41,0.37,2026-07-24,1036,N,VIIRS,n,2.0NRT,290.21,3.12,N
49.81648,-121.3691,301.36,0.42,0.37,2026-07-24,1036,N,VIIRS,n,2.0NRT,288.47,1.59,N
49.81658,-121.46579,343.36,0.41,0.37,2026-07-24,1036,N,VIIRS,n,2.0NRT,292.55,15.5,N
49.8167,-121.44723,333.77,0.41,0.37,2026-07-24,1036,N,VIIRS,n,2.0NRT,292.35,3.12,N
49.81776,-121.45281,311.12,0.41,0.37,2026-07-24,1036,N,VIIRS,n,2.0NRT,290.16,2.0,N
49.81787,-121.35722,342.98,0.42,0.37,2026-07-24,1036,N,VIIRS,n,2.0NRT,290.01,3.81,N
49.81801,-121.49236,309.77,0.41,0.37,2026-07-24,1036,N,VIIRS,n,2.0NRT,286.63,1.74,N
49.81886,-121.36243,318.7,0.42,0.37,2026-07-24,1036,N,VIIRS,n,2.0NRT,290.24,3.81,N
49.82025,-121.35056,305.58,0.42,0.37,2026-07-24,1036,N,VIIRS,n,2.0NRT,286.21,1.77,N
49.82124,-121.50949,300.95,0.41,0.37,2026-07-24,1036,N,VIIRS,n,2.0NRT,285.26,1.91,N
49.82124,-121.49033,315.41,0.41,0.37,2026-07-24,1036,N,VIIRS,n,2.0NRT,287.19,1.74,N
49.82125,-121.35588,328.28,0.42,0.37,2026-07-24,1036,N,VIIRS,n,2.0NRT,289.51,2.54,N
49.82237,-121.51549,301.88,0.41,0.37,2026-07-24,1036,N,VIIRS,n,2.0NRT,284.37,1.83,N
49.82335,-121.50161,320.95,0.41,0.37,2026-07-24,1036,N,VIIRS,n,2.0NRT,286.41,1.91,N
49.82362,-121.34921,326.17,0.42,0.37,2026-07-24,1036,N,VIIRS,n,2.0NRT,288.93,1.77,N
49.82447,-121.50752,324.51,0.41,0.37,2026-07-24,1036,N,VIIRS,n,2.0NRT,289.5,1.91,N
49.82455,-121.43118,301.77,0.41,0.37,2026-07-24,1036,N,VIIRS,n,2.0NRT,288.87,1.63,N
49.82463,-121.35457,308.21,0.42,0.37,2026-07-24,1036,N,VIIRS,n,2.0NRT,288.06,2.54,N
49.82552,-121.49396,299.22,0.41,0.37,2026-07-24,1036,N,VIIRS,n,2.0NRT,286.25,1.02,N
49.8256,-121.51352,322.05,0.41,0.37,2026-07-24,1036,N,VIIRS,n,2.0NRT,289.02,1.83,N
49.8266,-121.49971,312.12,0.41,0.37,2026-07-24,1036,N,VIIRS,n,2.0NRT,288.11,1.03,N
49.82667,-121.5192,313.2,0.41,0.37,2026-07-24,1036,N,VIIRS,n,2.0NRT,286.08,1.83,N
49.82698,-121.34782,328.75,0.42,0.37,2026-07-24,1036,N,VIIRS,n,2.0NRT,289.83,3.67,N
49.8277,-121.50552,310.95,0.41,0.37,2026-07-24,1036,N,VIIRS,n,2.0NRT,288.0,1.03,N
49.82801,-121.35323,314.49,0.42,0.37,2026-07-24,1036,N,VIIRS,n,2.0NRT,288.47,2.07,N
49.82882,-121.51146,318.02,0.41,0.37,2026-07-24,1036,N,VIIRS,n,2.0NRT,288.21,2.26,N
49.82985,-121.49776,300.8,0.41,0.37,2026-07-24,1036,N,VIIRS,n,2.0NRT,287.95,1.03,N
49.82989,-121.51715,330.05,0.41,0.37,2026-07-24,1036,N,VIIRS,n,2.0NRT,290.85,2.26,N
49.83034,-121.3464,334.24,0.42,0.37,2026-07-24,1036,N,VIIRS,n,2.0NRT,291.18,3.67,N
49.83091,-121.52263,309.3,0.41,0.37,2026-07-24,1036,N,VIIRS,n,2.0NRT,285.87,1.8,N
49.83091,-121.50345,302.13,0.41,0.37,2026-07-24,1036,N,VIIRS,n,2.0NRT,288.36,1.03,N
49.83137,-121.35188,313.64,0.42,0.37,2026-07-24,1036,N,VIIRS,n,2.0NRT,287.85,2.07,N
49.832,-121.50922,305.36,0.41,0.37,2026-07-24,1036,N,VIIRS,n,2.0NRT,287.95,2.26,N
49.83271,-121.33971,314.43,0.42,0.37,2026-07-24,1036,N,VIIRS,n,2.0NRT,286.39,3.8,N
49.83307,-121.51488,329.94,0.41,0.37,2026-07-24,1036,N,VIIRS,n,2.0NRT,289.96,2.26,N
49.83371,-121.34503,342.98,0.42,0.37,2026-07-24,1036,N,VIIRS,n,2.0NRT,292.84,3.8,N
49.83411,-121.52045,311.23,0.41,0.37,2026-07-24,1036,N,VIIRS,n,2.0NRT,286.59,1.8,N
49.83414,-121.50142,310.56,0.41,0.37,2026-07-24,1036,N,VIIRS,n,2.0NRT,289.57,1.1,N
49.83473,-121.35046,304.44,0.42,0.37,2026-07-24,1036,N,VIIRS,n,2.0NRT,285.6,1.63,N
49.83518,-121.50697,316.2,0.41,0.37,2026-07-24,1036,N,VIIRS,n,2.0NRT,289.62,3.51,N
49.83607,-121.33834,326.16,0.42,0.37,2026-07-24,1036,N,VIIRS,n,2.0NRT,288.8,3.8,N
49.83625,-121.51267,344.25,0.41,0.37,2026-07-24,1036,N,VIIRS,n,2.0NRT,291.92,3.51,N
49.8364,-121.4942,301.95,0.41,0.37,2026-07-24,1036,N,VIIRS,n,2.0NRT,288.51,1.1,N
49.83707,-121.34364,337.1,0.42,0.37,2026-07-24,1036,N,VIIRS,n,2.0NRT,292.93,3.8,N
49.8374,-121.49957,304.79,0.41,0.37,2026-07-24,1036,N,VIIRS,n,2.0NRT,287.69,1.1,N
49.83944,-121.33694,314.32,0.42,0.37,2026-07-24,1036,N,VIIRS,n,2.0NRT,286.97,2.41,N
49.83982,-121.49313,314.29,0.41,0.37,2026-07-24,1036,N,VIIRS,n,2.0NRT,289.11,3.13,N
49.84086,-121.49871,340.62,0.41,0.37,2026-07-24,1036,N,VIIRS,n,2.0NRT,290.63,3.13,N
49.84189,-121.50419,348.3,0.41,0.37,2026-07-24,1036,N,VIIRS,n,2.0NRT,291.63,3.64,N
49.84293,-121.50975,305.79,0.41,0.37,2026-07-24,1036,N,VIIRS,n,2.0NRT,287.21,3.64,N
49.84536,-121.50341,338.21,0.41,0.37,2026-07-24,1036,N,VIIRS,n,2.0NRT,292.93,3.64,N
49.84616,-121.33416,308.96,0.42,0.37,2026-07-24,1036,N,VIIRS,n,2.0NRT,283.37,1.36,N
49.84632,-121.50858,298.36,0.41,0.37,2026-07-24,1036,N,VIIRS,n,2.0NRT,286.56,3.64,N
49.8478,-121.4971,300.63,0.41,0.37,2026-07-24,1036,N,VIIRS,n,2.0NRT,285.8,1.53,N
49.84877,-121.50233,348.18,0.41,0.37,2026-07-24,1036,N,VIIRS,n,2.0NRT,289.22,6.62,N
49.85957,-121.32834,297.69,0.42,0.37,2026-07-24,1036,N,VIIRS,n,2.0NRT,282.88,0.51,N
49.8606,-121.33382,298.66,0.42,0.37,2026-07-24,1036,N,VIIRS,n,2.0NRT,284.39,0.51,N
49.86292,-121.32689,296.63,0.42,0.37,2026-07-24,1036,N,VIIRS,n,2.0NRT,284.62,0.51,N
49.86346,-121.36843,303.16,0.42,0.37,2026-07-24,1036,N,VIIRS,n,2.0NRT,285.29,0.45,N
49.86397,-121.3325,301.39,0.42,0.37,2026-07-24,1036,N,VIIRS,n,2.0NRT,284.39,0.51,N
49.86998,-121.30665,295.55,0.42,0.37,2026-07-24,1036,N,VIIRS,n,2.0NRT,282.92,0.48,N
49.87452,-121.4856,307.7,0.41,0.37,2026-07-24,1036,N,VIIRS,n,2.0NRT,286.56,1.05,N
49.87642,-121.39893,335.51,0.41,0.37,2026-07-24,1036,N,VIIRS,n,2.0NRT,290.37,4.72,N
49.8766,-121.43856,340.51,0.41,0.37,2026-07-24,1036,N,VIIRS,n,2.0NRT,291.92,6.15,N
49.87746,-121.40455,322.66,0.41,0.37,2026-07-24,1036,N,VIIRS,n,2.0NRT,288.16,3.88,N
49.87775,-121.38675,308.23,0.41,0.37,2026-07-24,1036,N,VIIRS,n,2.0NRT,286.22,1.33,N
49.88,-121.43742,333.43,0.41,0.37,2026-07-24,1036,N,VIIRS,n,2.0NRT,292.96,4.28,N
49.88011,-121.38,304.95,0.41,0.37,2026-07-24,1036,N,VIIRS,n,2.0NRT,285.39,1.33,N
49.88093,-121.44238,310.74,0.41,0.37,2026-07-24,1036,N,VIIRS,n,2.0NRT,289.35,4.28,N
49.88338,-121.43613,325.49,0.41,0.37,2026-07-24,1036,N,VIIRS,n,2.0NRT,291.65,4.28,N
49.8843,-121.44106,329.49,0.41,0.37,2026-07-24,1036,N,VIIRS,n,2.0NRT,291.81,4.28,N
49.88579,-121.4297,306.02,0.41,0.37,2026-07-24,1036,N,VIIRS,n,2.0NRT,288.95,1.37,N
49.88597,-121.35334,304.84,0.42,0.37,2026-07-24,1036,N,VIIRS,n,2.0NRT,284.1,3.59,N
49.88674,-121.43477,338.58,0.41,0.37,2026-07-24,1036,N,VIIRS,n,2.0NRT,298.72,7.55,N
49.88697,-121.35869,338.61,0.42,0.37,2026-07-24,1036,N,VIIRS,n,2.0NRT,289.64,3.59,N
49.88771,-121.43997,330.23,0.41,0.37,2026-07-24,1036,N,VIIRS,n,2.0NRT,291.15,7.55,N
49.88771,-121.38196,306.4,0.41,0.37,2026-07-24,1036,N,VIIRS,n,2.0NRT,286.58,1.62,N
49.88799,-121.36409,305.04,0.41,0.37,2026-07-24,1036,N,VIIRS,n,2.0NRT,286.06,2.69,N
49.89001,-121.37486,310.29,0.41,0.37,2026-07-24,1036,N,VIIRS,n,2.0NRT,287.19,3.3,N
49.89008,-121.4333,329.66,0.41,0.37,2026-07-24,1036,N,VIIRS,n,2.0NRT,291.74,7.55,N
49.89106,-121.43852,302.87,0.41,0.37,2026-07-24,1036,N,VIIRS,n,2.0NRT,289.14,7.55,N
49.89202,-121.38566,304.84,0.41,0.37,2026-07-24,1036,N,VIIRS,n,2.0NRT,286.71,2.01,N
49.89203,-121.44373,316.29,0.41,0.37,2026-07-24,1036,N,VIIRS,n,2.0NRT,289.73,1.78,N
49.8955,-121.50144,297.46,0.41,0.37,2026-07-24,1036,N,VIIRS,n,2.0NRT,283.72,0.55,N
49.89658,-121.50725,298.75,0.41,0.37,2026-07-24,1036,N,VIIRS,n,2.0NRT,283.89,1.07,N
49.89736,-121.36439,312.5,0.41,0.37,2026-07-24,1036,N,VIIRS,n,2.0NRT,286.69,1.94,N
49.89905,-121.36525,311.28,0.41,0.37,2026-07-24,1036,N,VIIRS,n,2.0NRT,286.91,3.6,N
49.90172,-121.36831,307.4,0.41,0.37,2026-07-24,1036,N,VIIRS,n,2.0NRT,286.15,1.94,N
49.90409,-121.36163,306.26,0.41,0.37,2026-07-24,1036,N,VIIRS,n,2.0NRT,286.38,2.26,N
49.90635,-121.52102,296.49,0.41,0.37,2026-07-24,1036,N,VIIRS,n,2.0NRT,284.65,0.92,N
49.90974,-121.44173,305.04,0.41,0.37,2026-07-24,1036,N,VIIRS,n,2.0NRT,289.09,1.98,N
49.90997,-121.41215,305.46,0.41,0.37,2026-07-24,1036,N,VIIRS,n,2.0NRT,287.19,1.78,N
49.91058,-121.43465,306.73,0.41,0.37,2026-07-24,1036,N,VIIRS,n,2.0NRT,289.79,2.01,N
49.91071,-121.52513,295.16,0.41,0.37,2026-07-24,1036,N,VIIRS,n,2.0NRT,283.86,0.99,N
49.91115,-121.3414,309.38,0.42,0.37,2026-07-24,1036,N,VIIRS,n,2.0NRT,284.48,1.55,N
49.9115,-121.43961,320.01,0.41,0.37,2026-07-24,1036,N,VIIRS,n,2.0NRT,290.96,3.54,N
49.91204,-121.42311,303.91,0.41,0.37,2026-07-24,1036,N,VIIRS,n,2.0NRT,287.55,1.48,N
49.91239,-121.32883,344.92,0.42,0.37,2026-07-24,1036,N,VIIRS,n,2.0NRT,286.93,7.31,N
49.91313,-121.44056,321.39,0.41,0.37,2026-07-24,1036,N,VIIRS,n,2.0NRT,291.0,1.98,N
49.91343,-121.3343,329.17,0.42,0.37,2026-07-24,1036,N,VIIRS,n,2.0NRT,285.17,2.95,N
49.9142,-121.50505,302.23,0.41,0.37,2026-07-24,1036,N,VIIRS,n,2.0NRT,284.9,0.99,N
49.91438,-121.41633,306.18,0.41,0.37,2026-07-24,1036,N,VIIRS,n,2.0NRT,287.01,1.28,N
49.91448,-121.33991,335.93,0.42,0.37,2026-07-24,1036,N,VIIRS,n,2.0NRT,285.52,2.95,N
49.9154,-121.42176,306.88,0.41,0.37,2026-07-24,1036,N,VIIRS,n,2.0NRT,287.72,1.28,N
49.91554,-121.34552,345.71,0.41,0.37,2026-07-24,1036,N,VIIRS,n,2.0NRT,285.61,4.9,N
49.91572,-121.40418,302.92,0.41,0.37,2026-07-24,1036,N,VIIRS,n,2.0NRT,285.65,1.59,N
49.91587,-121.44362,336.21,0.41,0.37,2026-07-24,1036,N,VIIRS,n,2.0NRT,291.16,3.54,N
49.9164,-121.42706,305.38,0.41,0.37,2026-07-24,1036,N,VIIRS,n,2.0NRT,288.17,1.76,N
49.91681,-121.33304,309.84,0.42,0.37,2026-07-24,1036,N,VIIRS,n,2.0NRT,285.6,2.95,N
49.91757,-121.35628,307.39,0.41,0.37,2026-07-24,1036,N,VIIRS,n,2.0NRT,285.76,1.39,N
49.91773,-121.41492,311.35,0.41,0.37,2026-07-24,1036,N,VIIRS,n,2.0NRT,287.71,1.28,N
49.91787,-121.33865,313.6,0.42,0.37,2026-07-24,1036,N,VIIRS,n,2.0NRT,285.35,2.95,N
49.9183,-121.43726,302.41,0.41,0.37,2026-07-24,1036,N,VIIRS,n,2.0NRT,288.89,4.13,N
49.91851,-121.50885,315.92,0.41,0.37,2026-07-24,1036,N,VIIRS,n,2.0NRT,287.26,2.59,N
49.91877,-121.42039,319.63,0.41,0.37,2026-07-24,1036,N,VIIRS,n,2.0NRT,289.94,1.28,N
49.91891,-121.34417,313.42,0.41,0.37,2026-07-24,1036,N,VIIRS,n,2.0NRT,285.23,4.9,N
49.9193,-121.4426,339.25,0.41,0.37,2026-07-24,1036,N,VIIRS,n,2.0NRT,293.75,4.13,N
49.91979,-121.42586,322.79,0.41,0.37,2026-07-24,1036,N,VIIRS,n,2.0NRT,289.77,1.76,N
49.92077,-121.43112,313.95,0.41,0.37,2026-07-24,1036,N,VIIRS,n,2.0NRT,288.64,1.76,N
49.92094,-121.35495,304.52,0.41,0.37,2026-07-24,1036,N,VIIRS,n,2.0NRT,285.02,1.39,N
49.92109,-121.41353,303.01,0.41,0.37,2026-07-24,1036,N,VIIRS,n,2.0NRT,286.73,1.37,N
49.92144,-121.39611,310.39,0.41,0.37,2026-07-24,1036,N,VIIRS,n,2.0NRT,285.72,2.29,N
49.92173,-121.43627,303.38,0.41,0.37,2026-07-24,1036,N,VIIRS,n,2.0NRT,288.92,4.13,N
49.92195,-121.36032,315.25,0.41,0.37,2026-07-24,1036,N,VIIRS,n,2.0NRT,285.71,1.39,N
49.92212,-121.41898,322.26,0.41,0.37,2026-07-24,1036,N,VIIRS,n,2.0NRT,290.36,1.37,N
49.9227,-121.44144,346.55,0.41,0.37,2026-07-24,1036,N,VIIRS,n,2.0NRT,295.13,4.13,N
49.92276,-121.53185,312.35,0.41,0.37,2026-07-24,1036,N,VIIRS,n,2.0NRT,284.98,1.3,N
49.92286,-121.51289,301.57,0.41,0.37,2026-07-24,1036,N,VIIRS,n,2.0NRT,285.34,0.67,N
49.92314,-121.42444,333.01,0.41,0.37,2026-07-24,1036,N,VIIRS,n,2.0NRT,291.26,3.45,N
49.92364,-121.44649,329.55,0.41,0.37,2026-07-24,1036,N,VIIRS,n,2.0NRT,289.02,6.71,N
49.92416,-121.42985,327.82,0.41,0.37,2026-07-24,1036,N,VIIRS,n,2.0NRT,290.79,3.45,N
49.92444,-121.4121,302.53,0.41,0.37,2026-07-24,1036,N,VIIRS,n,2.0NRT,285.92,1.37,N
49.92479,-121.39466,328.72,0.41,0.37,2026-07-24,1036,N,VIIRS,n,2.0NRT,290.69,4.36,N
49.925,-121.5245,296.19,0.41,0.37,2026-07-24,1036,N,VIIRS,n,2.0NRT,284.03,0.86,N
49.92513,-121.43505,307.51,0.41,0.37,2026-07-24,1036,N,VIIRS,n,2.0NRT,288.85,2.77,N
49.92546,-121.41751,317.29,0.41,0.37,2026-07-24,1036,N,VIIRS,n,2.0NRT,289.3,1.37,N
49.92579,-121.4,314.67,0.41,0.37,2026-07-24,1036,N,VIIRS,n,2.0NRT,287.36,1.45,N
49.92592,-121.51601,300.32,0.41,0.37,2026-07-24,1036,N,VIIRS,n,2.0NRT,284.71,0.52,N
49.92606,-121.53021,301.66,0.41,0.37,2026-07-24,1036,N,VIIRS,n,2.0NRT,284.46,1.0,N
49.92609,-121.44019,336.84,0.41,0.37,2026-07-24,1036,N,VIIRS,n,2.0NRT,296.65,2.77,N
49.92648,-121.42298,332.57,0.41,0.37,2026-07-24,1036,N,VIIRS,n,2.0NRT,292.38,3.45,N
49.92678,-121.40531,305.89,0.41,0.37,2026-07-24,1036,N,VIIRS,n,2.0NRT,285.66,1.45,N
49.92701,-121.5218,298.91,0.41,0.37,2026-07-24,1036,N,VIIRS,n,2.0NRT,284.18,1.23,N
49.92707,-121.44543,342.87,0.41,0.37,2026-07-24,1036,N,VIIRS,n,2.0NRT,299.93,14.67,N
49.92725,-121.51717,298.8,0.41,0.37,2026-07-24,1036,N,VIIRS,n,2.0NRT,284.16,0.86,N
49.92751,-121.42847,330.09,0.41,0.37,2026-07-24,1036,N,VIIRS,n,2.0NRT,291.27,3.45,N
49.92778,-121.41064,312.71,0.41,0.37,2026-07-24,1036,N,VIIRS,n,2.0NRT,287.55,1.55,N
49.92851,-121.43378,310.63,0.41,0.37,2026-07-24,1036,N,VIIRS,n,2.0NRT,288.99,2.77,N
49.9288,-121.41605,312.27,0.41,0.37,2026-07-24,1036,N,VIIRS,n,2.0NRT,287.56,1.55,N
49.92913,-121.39855,304.0,0.41,0.37,2026-07-24,1036,N,VIIRS,n,2.0NRT,285.86,1.45,N
49.92916,-121.53326,297.73,0.41,0.37,2026-07-24,1036,N,VIIRS,n,2.0NRT,283.88,1.21,N
49.92949,-121.43906,311.47,0.41,0.37,2026-07-24,1036,N,VIIRS,n,2.0NRT,290.44,2.77,N
49.92949,-121.38118,304.25,0.41,0.37,2026-07-24,1036,N,VIIRS,n,2.0NRT,285.19,1.43,N
49.92982,-121.4215,321.74,0.41,0.37,2026-07-24,1036,N,VIIRS,n,2.0NRT,290.22,4.46,N
49.93012,-121.40384,320.89,0.41,0.37,2026-07-24,1036,N,VIIRS,n,2.0NRT,288.75,1.45,N
49.93045,-121.53448,299.54,0.41,0.37,2026-07-24,1036,N,VIIRS,n,2.0NRT,284.25,1.0,N
49.93047,-121.4443,353.53,0.41,0.37,2026-07-24,1036,N,VIIRS,n,2.0NRT,301.56,14.67,N
49.9305,-121.38653,314.79,0.41,0.37,2026-07-24,1036,N,VIIRS,n,2.0NRT,286.3,1.61,N
49.93085,-121.42698,354.11,0.41,0.37,2026-07-24,1036,N,VIIRS,n,2.0NRT,296.5,4.46,N
49.93113,-121.40919,312.98,0.41,0.37,2026-07-24,1036,N,VIIRS,n,2.0NRT,287.92,1.55,N
49.93133,-121.54476,297.57,0.41,0.37,2026-07-24,1036,N,VIIRS,n,2.0NRT,283.29,1.19,N
49.93144,-121.44949,329.91,0.41,0.37,2026-07-24,1036,N,VIIRS,n,2.0NRT,289.15,14.67,N
49.93149,-121.39185,303.69,0.41,0.37,2026-07-24,1036,N,VIIRS,n,2.0NRT,285.29,1.61,N
49.93187,-121.4324,333.81,0.41,0.37,2026-07-24,1036,N,VIIRS,n,2.0NRT,290.97,3.49,N
49.93214,-121.41459,315.91,0.41,0.37,2026-07-24,1036,N,VIIRS,n,2.0NRT,288.6,1.55,N
49.93258,-121.54611,298.15,0.41,0.37,2026-07-24,1036,N,VIIRS,n,2.0NRT,283.43,1.13,N
49.93288,-121.43783,312.06,0.41,0.37,2026-07-24,1036,N,VIIRS,n,2.0NRT,288.8,3.49,N
49.93316,-121.42,318.96,0.41,0.37,2026-07-24,1036,N,VIIRS,n,2.0NRT,289.44,4.46,N
49.93346,-121.40237,322.1,0.41,0.37,2026-07-24,1036,N,VIIRS,n,2.0NRT,289.39,2.34,N
49.93385,-121.38511,320.3,0.41,0.37,2026-07-24,1036,N,VIIRS,n,2.0NRT,286.9,1.61,N
49.93387,-121.44313,312.56,0.41,0.37,2026-07-24,1036,N,VIIRS,n,2.0NRT,289.18,5.5,N
49.93418,-121.42546,342.61,0.41,0.37,2026-07-24,1036,N,VIIRS,n,2.0NRT,295.04,4.46,N
49.93446,-121.40771,316.37,0.41,0.37,2026-07-24,1036,N,VIIRS,n,2.0NRT,288.58,1.42,N
49.93484,-121.3904,316.91,0.41,0.37,2026-07-24,1036,N,VIIRS,n,2.0NRT,286.87,1.61,N
49.93486,-121.44844,352.95,0.41,0.37,2026-07-24,1036,N,VIIRS,n,2.0NRT,292.87,5.5,N
49.93521,-121.43097,346.26,0.41,0.37,2026-07-24,1036,N,VIIRS,n,2.0NRT,295.16,3.49,N
49.93547,-121.4131,315.88,0.41,0.37,2026-07-24,1036,N,VIIRS,n,2.0NRT,288.47,1.42,N
49.93624,-121.43648,313.92,0.41,0.37,2026-07-24,1036,N,VIIRS,n,2.0NRT,288.85,3.49,N
49.93649,-121.41851,313.27,0.41,0.37,2026-07-24,1036,N,VIIRS,n,2.0NRT,288.88,2.08,N
49.93681,-121.40092,308.78,0.41,0.37,2026-07-24,1036,N,VIIRS,n,2.0NRT,287.24,2.34,N
49.93719,-121.38366,307.93,0.41,0.37,2026-07-24,1036,N,VIIRS,n,2.0NRT,285.8,1.34,N
49.93751,-121.42393,333.75,0.41,0.37,2026-07-24,1036,N,VIIRS,n,2.0NRT,292.04,2.08,N
49.9378,-121.40622,306.24,0.41,0.37,2026-07-24,1036,N,VIIRS,n,2.0NRT,287.38,1.42,N
49.93818,-121.38896,317.31,0.41,0.37,2026-07-24,1036,N,VIIRS,n,2.0NRT,288.44,1.34,N
49.93853,-121.42937,327.51,0.41,0.37,2026-07-24,1036,N,VIIRS,n,2.0NRT,290.91,3.1,N
49.9387,-121.35321,305.84,0.41,0.37,2026-07-24,1036,N,VIIRS,n,2.0NRT,284.04,1.43,N
49.93881,-121.41158,308.36,0.41,0.37,2026-07-24,1036,N,VIIRS,n,2.0NRT,288.4,1.42,N
49.93918,-121.39429,302.42,0.41,0.37,2026-07-24,1036,N,VIIRS,n,2.0NRT,285.49,0.9,N
49.94017,-121.39955,303.24,0.41,0.37,2026-07-24,1036,N,VIIRS,n,2.0NRT,286.55,0.9,N
49.94054,-121.38223,306.05,0.41,0.37,2026-07-24,1036,N,VIIRS,n,2.0NRT,285.33,1.34,N
49.94083,-121.42239,304.02,0.41,0.37,2026-07-24,1036,N,VIIRS,n,2.0NRT,287.83,2.08,N
49.94153,-121.38753,309.18,0.41,0.37,2026-07-24,1036,N,VIIRS,n,2.0NRT,286.91,1.34,N
49.94184,-121.42779,326.36,0.41,0.37,2026-07-24,1036,N,VIIRS,n,2.0NRT,291.24,3.1,N
49.94355,-121.302,305.08,0.42,0.37,2026-07-24,1036,N,VIIRS,n,2.0NRT,282.61,0.75,N
49.94387,-121.38074,319.81,0.41,0.37,2026-07-24,1036,N,VIIRS,n,2.0NRT,284.84,1.46,N
49.94411,-121.36272,299.76,0.41,0.37,2026-07-24,1036,N,VIIRS,n,2.0NRT,284.03,0.96,N
49.9474,-121.36096,322.05,0.41,0.37,2026-07-24,1036,N,VIIRS,n,2.0NRT,284.33,1.47,N
49.94845,-121.36663,296.66,0.41,0.37,2026-07-24,1036,N,VIIRS,n,2.0NRT,282.53,0.72,N
49.79596,-121.38419,356.44,0.43,0.46,2026-07-24,2021,N,VIIRS,n,2.0NRT,303.2,22.49,D
49.79704,-121.37973,353.44,0.43,0.46,2026-07-24,2021,N,VIIRS,n,2.0NRT,300.32,22.49,D
49.79922,-121.42748,339.92,0.43,0.46,2026-07-24,2021,N,VIIRS,n,2.0NRT,296.9,7.88,D
49.79929,-121.44621,337.41,0.44,0.46,2026-07-24,2021,N,VIIRS,n,2.0NRT,297.46,19.99,D
49.80017,-121.38568,367.0,0.43,0.46,2026-07-24,2021,N,VIIRS,h,2.0NRT,302.23,22.49,D
49.80038,-121.40372,332.52,0.43,0.46,2026-07-24,2021,N,VIIRS,n,2.0NRT,297.8,7.49,D
49.80116,-121.41944,339.87,0.43,0.46,2026-07-24,2021,N,VIIRS,n,2.0NRT,297.59,12.67,D
49.80122,-121.38136,367.0,0.43,0.46,2026-07-24,2021,N,VIIRS,h,2.0NRT,302.15,22.49,D
49.80141,-121.39941,347.85,0.43,0.46,2026-07-24,2021,N,VIIRS,n,2.0NRT,298.68,7.49,D
49.80241,-121.39533,347.72,0.43,0.46,2026-07-24,2021,N,VIIRS,n,2.0NRT,300.96,9.19,D
49.80304,-121.43066,345.89,0.43,0.46,2026-07-24,2021,N,VIIRS,n,2.0NRT,297.12,20.2,D
49.80332,-121.44854,354.28,0.44,0.46,2026-07-24,2021,N,VIIRS,n,2.0NRT,304.15,19.99,D
49.80339,-121.3913,327.55,0.43,0.46,2026-07-24,2021,N,VIIRS,n,2.0NRT,296.42,9.19,D
49.80466,-121.42392,347.99,0.43,0.46,2026-07-24,2021,N,VIIRS,n,2.0NRT,298.19,40.65,D
49.80533,-121.44016,350.92,0.43,0.46,2026-07-24,2021,N,VIIRS,n,2.0NRT,299.53,20.2,D
49.80695,-121.45252,349.08,0.44,0.46,2026-07-24,2021,N,VIIRS,n,2.0NRT,302.78,39.46,D
49.80793,-121.37256,367.0,0.43,0.46,2026-07-24,2021,N,VIIRS,h,2.0NRT,304.65,10.58,D
49.80873,-121.44514,342.23,0.43,0.46,2026-07-24,2021,N,VIIRS,n,2.0NRT,300.49,38.7,D
49.80875,-121.48297,353.06,0.44,0.46,2026-07-24,2021,N,VIIRS,n,2.0NRT,302.17,25.29,D
49.80973,-121.47893,349.88,0.44,0.46,2026-07-24,2021,N,VIIRS,n,2.0NRT,298.27,23.83,D
49.81067,-121.47505,341.11,0.44,0.46,2026-07-24,2021,N,VIIRS,n,2.0NRT,302.75,23.83,D
49.81162,-121.47116,367.0,0.44,0.46,2026-07-24,2021,N,VIIRS,l,2.0NRT,328.26,62.97,D
49.81189,-121.3751,328.7,0.43,0.46,2026-07-24,2021,N,VIIRS,n,2.0NRT,298.41,10.58,D
49.8121,-121.47967,327.35,0.44,0.46,2026-07-24,2021,N,VIIRS,n,2.0NRT,298.6,6.53,D
49.81259,-121.46719,351.57,0.44,0.46,2026-07-24,2021,N,VIIRS,n,2.0NRT,311.12,62.97,D
49.81303,-121.47586,367.0,0.44,0.46,2026-07-24,2021,N,VIIRS,h,2.0NRT,300.69,130.74,D
49.81357,-121.36813,327.47,0.43,0.46,2026-07-24,2021,N,VIIRS,n,2.0NRT,299.14,8.3,D
49.81366,-121.46277,353.32,0.44,0.46,2026-07-24,2021,N,VIIRS,n,2.0NRT,301.68,27.14,D
49.81485,-121.47677,340.41,0.44,0.46,2026-07-24,2021,N,VIIRS,n,2.0NRT,297.95,23.83,D
49.81493,-121.46812,337.97,0.44,0.46,2026-07-24,2021,N,VIIRS,n,2.0NRT,299.78,18.97,D
49.81579,-121.47293,344.22,0.44,0.46,2026-07-24,2021,N,VIIRS,n,2.0NRT,297.73,62.97,D
49.81776,-121.51281,325.9,0.44,0.46,2026-07-24,2021,N,VIIRS,l,2.0NRT,296.02,3.46,D
49.82013,-121.5032,339.75,0.44,0.46,2026-07-24,2021,N,VIIRS,n,2.0NRT,296.6,5.13,D
49.8219,-121.51472,341.32,0.44,0.46,2026-07-24,2021,N,VIIRS,n,2.0NRT,300.03,6.16,D
49.82406,-121.50592,346.15,0.44,0.46,2026-07-24,2021,N,VIIRS,n,2.0NRT,297.33,13.92,D
49.82576,-121.51777,326.25,0.44,0.46,2026-07-24,2021,N,VIIRS,l,2.0NRT,298.72,6.16,D
49.83234,-121.34702,333.8,0.43,0.46,2026-07-24,2021,N,VIIRS,n,2.0NRT,301.32,4.96,D
49.834,-121.34013,335.08,0.43,0.46,2026-07-24,2021,N,VIIRS,n,2.0NRT,294.45,4.96,D
49.83639,-121.51192,367.0,0.44,0.46,2026-07-24,2021,N,VIIRS,h,2.0NRT,299.01,12.67,D
49.83657,-121.49242,332.98,0.44,0.46,2026-07-24,2021,N,VIIRS,n,2.0NRT,297.21,5.23,D
49.84189,-121.50829,343.67,0.44,0.46,2026-07-24,2021,N,VIIRS,n,2.0NRT,300.41,24.82,D
49.84386,-121.50028,340.52,0.44,0.46,2026-07-24,2021,N,VIIRS,n,2.0NRT,299.08,24.82,D
49.84618,-121.50957,345.9,0.44,0.46,2026-07-24,2021,N,VIIRS,n,2.0NRT,298.4,24.82,D
49.87638,-121.40466,327.09,0.43,0.46,2026-07-24,2021,N,VIIRS,l,2.0NRT,297.68,3.8,D
49.88653,-121.43826,327.99,0.43,0.46,2026-07-24,2021,N,VIIRS,n,2.0NRT,297.93,2.35,D
49.88829,-121.3557,330.36,0.43,0.46,2026-07-24,2021,N,VIIRS,n,2.0NRT,298.14,5.67,D
49.89403,-121.50181,335.23,0.44,0.46,2026-07-24,2021,N,VIIRS,n,2.0NRT,297.75,2.6,D
49.90816,-121.33012,328.22,0.43,0.46,2026-07-24,2021,N,VIIRS,n,2.0NRT,291.53,5.8,D
49.90971,-121.32371,340.42,0.43,0.46,2026-07-24,2021,N,VIIRS,n,2.0NRT,299.72,16.01,D
49.91199,-121.33309,330.23,0.43,0.46,2026-07-24,2021,N,VIIRS,n,2.0NRT,294.29,5.63,D
49.91356,-121.32663,340.79,0.43,0.46,2026-07-24,2021,N,VIIRS,n,2.0NRT,295.03,12.52,D
49.91457,-121.34126,335.86,0.43,0.46,2026-07-24,2021,N,VIIRS,n,2.0NRT,297.84,5.63,D
49.92167,-121.3307,340.25,0.43,0.46,2026-07-24,2021,N,VIIRS,n,2.0NRT,293.38,8.45,D
49.92347,-121.43688,330.89,0.43,0.46,2026-07-24,2021,N,VIIRS,n,2.0NRT,298.48,6.5,D
49.92547,-121.44763,332.22,0.43,0.46,2026-07-24,2021,N,VIIRS,n,2.0NRT,297.3,4.84,D
49.92748,-121.43925,335.72,0.43,0.46,2026-07-24,2021,N,VIIRS,n,2.0NRT,301.15,6.5,D
49.92955,-121.44968,339.44,0.43,0.46,2026-07-24,2021,N,VIIRS,n,2.0NRT,299.84,9.2,D
49.92994,-121.41,326.52,0.43,0.46,2026-07-24,2021,N,VIIRS,l,2.0NRT,301.4,3.94,D
49.93084,-121.42523,331.34,0.43,0.46,2026-07-24,2021,N,VIIRS,l,2.0NRT,302.14,8.48,D
49.93153,-121.40336,328.53,0.43,0.46,2026-07-24,2021,N,VIIRS,l,2.0NRT,302.27,3.94,D
49.93154,-121.44137,338.8,0.43,0.46,2026-07-24,2021,N,VIIRS,n,2.0NRT,299.84,12.63,D
49.93476,-121.42793,334.93,0.43,0.46,2026-07-24,2021,N,VIIRS,n,2.0NRT,302.23,7.16,D
49.94278,-121.29964,334.51,0.43,0.46,2026-07-24,2021,N,VIIRS,n,2.0NRT,293.32,5.16,D
49.94616,-121.36137,327.6,0.43,0.46,2026-07-24,2021,N,VIIRS,n,2.0NRT,293.83,2.43,D
50.0342,-121.41325,332.53,0.43,0.46,2026-07-24,2021,N,VIIRS,n,2.0NRT,293.18,1.76,D
50.07729,-121.27119,340.07,0.42,0.45,2026-07-24,2021,N,VIIRS,n,2.0NRT,300.11,8.52,D
50.08361,-121.24474,353.87,0.42,0.45,2026-07-24,2021,N,VIIRS,n,2.0NRT,303.0,35.69,D
50.08376,-121.26302,341.72,0.42,0.45,2026-07-24,2021,N,VIIRS,n,2.0NRT,295.88,10.45,D
50.08503,-121.2577,351.2,0.42,0.45,2026-07-24,2021,N,VIIRS,n,2.0NRT,300.16,35.87,D
50.08628,-121.25244,349.56,0.42,0.45,2026-07-24,2021,N,VIIRS,n,2.0NRT,310.15,35.87,D
50.08756,-121.24707,367.0,0.42,0.45,2026-07-24,2021,N,VIIRS,h,2.0NRT,298.19,35.69,D
49.79914,-121.43816,367.0,0.45,0.63,2026-07-24,2203,N,VIIRS,h,2.0NRT,299.7,14.07,D
49.79921,-121.43353,367.0,0.45,0.63,2026-07-24,2203,N,VIIRS,h,2.0NRT,301.22,16.92,D
49.79927,-121.42885,367.0,0.45,0.63,2026-07-24,2203,N,VIIRS,h,2.0NRT,298.46,16.92,D
49.79934,-121.42448,367.0,0.45,0.63,2026-07-24,2203,N,VIIRS,h,2.0NRT,299.98,28.48,D
49.7994,-121.42059,367.0,0.45,0.63,2026-07-24,2203,N,VIIRS,h,2.0NRT,304.98,28.48,D
49.79945,-121.41683,351.85,0.45,0.63,2026-07-24,2203,N,VIIRS,n,2.0NRT,307.6,101.34,D
49.79951,-121.41294,285.81,0.45,0.63,2026-07-24,2203,N,VIIRS,l,2.0NRT,317.42,101.34,D
49.7996,-121.4069,367.0,0.45,0.63,2026-07-24,2203,N,VIIRS,l,2.0NRT,341.94,192.3,D
49.80001,-121.37932,367.0,0.46,0.63,2026-07-24,2203,N,VIIRS,h,2.0NRT,302.16,192.3,D
49.80011,-121.37264,325.92,0.46,0.63,2026-07-24,2203,N,VIIRS,n,2.0NRT,295.9,32.09,D
49.80487,-121.45031,331.94,0.45,0.63,2026-07-24,2203,N,VIIRS,n,2.0NRT,297.07,14.53,D
49.80493,-121.44683,367.0,0.45,0.63,2026-07-24,2203,N,VIIRS,h,2.0NRT,301.69,14.53,D
49.80499,-121.44295,367.0,0.45,0.63,2026-07-24,2203,N,VIIRS,h,2.0NRT,300.03,18.49,D
49.80505,-121.439,353.33,0.45,0.63,2026-07-24,2203,N,VIIRS,n,2.0NRT,296.46,18.49,D
49.80514,-121.43285,345.95,0.45,0.63,2026-07-24,2203,N,VIIRS,n,2.0NRT,295.97,13.34,D
49.80522,-121.42764,367.0,0.45,0.63,2026-07-24,2203,N,VIIRS,h,2.0NRT,298.33,13.34,D
49.80534,-121.41972,326.81,0.45,0.63,2026-07-24,2203,N,VIIRS,n,2.0NRT,297.61,12.64,D
49.80545,-121.41236,347.24,0.45,0.63,2026-07-24,2203,N,VIIRS,n,2.0NRT,296.2,19.29,D
49.80555,-121.4059,367.0,0.45,0.63,2026-07-24,2203,N,VIIRS,h,2.0NRT,296.23,20.71,D
49.80594,-121.37971,338.75,0.46,0.63,2026-07-24,2203,N,VIIRS,n,2.0NRT,293.61,20.71,D
49.80605,-121.37268,348.53,0.46,0.63,2026-07-24,2203,N,VIIRS,n,2.0NRT,296.5,8.38,D
49.80612,-121.36779,337.68,0.46,0.63,2026-07-24,2203,N,VIIRS,n,2.0NRT,293.29,8.38,D
49.80618,-121.36352,350.72,0.46,0.63,2026-07-24,2203,N,VIIRS,n,2.0NRT,296.86,16.06,D
49.81212,-121.36404,353.05,0.46,0.63,2026-07-24,2203,N,VIIRS,n,2.0NRT,298.51,16.06,D
49.81218,-121.35974,367.0,0.46,0.63,2026-07-24,2203,N,VIIRS,h,2.0NRT,300.06,16.06,D
49.81225,-121.35509,341.62,0.46,0.63,2026-07-24,2203,N,VIIRS,n,2.0NRT,294.49,20.51,D
49.81233,-121.34921,367.0,0.46,0.63,2026-07-24,2203,N,VIIRS,h,2.0NRT,300.98,20.51,D
49.81819,-121.35554,355.19,0.46,0.63,2026-07-24,2203,N,VIIRS,n,2.0NRT,295.64,59.8,D
49.81826,-121.35072,339.34,0.46,0.63,2026-07-24,2203,N,VIIRS,n,2.0NRT,305.78,59.8,D
49.81834,-121.34512,367.0,0.46,0.63,2026-07-24,2203,N,VIIRS,h,2.0NRT,304.93,86.7,D
49.82436,-121.34115,351.84,0.46,0.63,2026-07-24,2203,N,VIIRS,n,2.0NRT,296.19,86.7,D
49.82447,-121.33378,303.51,0.46,0.63,2026-07-24,2203,N,VIIRS,l,2.0NRT,316.96,102.57,D
49.82462,-121.32391,367.0,0.46,0.63,2026-07-24,2203,N,VIIRS,h,2.0NRT,292.15,102.57,D
49.83036,-121.33698,327.8,0.46,0.63,2026-07-24,2203,N,VIIRS,n,2.0NRT,292.63,12.22,D
49.83046,-121.33085,367.0,0.46,0.63,2026-07-24,2203,N,VIIRS,h,2.0NRT,295.37,12.22,D
49.83061,-121.32115,332.23,0.46,0.63,2026-07-24,2203,N,VIIRS,n,2.0NRT,290.09,15.74,D
49.83385,-121.48867,333.52,0.45,0.63,2026-07-24,2203,N,VIIRS,n,2.0NRT,295.52,6.73,D
49.83954,-121.5014,354.98,0.45,0.63,2026-07-24,2203,N,VIIRS,n,2.0NRT,302.06,27.32,D
49.83963,-121.49625,367.0,0.45,0.63,2026-07-24,2203,N,VIIRS,h,2.0NRT,301.73,42.26,D
49.8424,-121.32822,335.87,0.46,0.63,2026-07-24,2203,N,VIIRS,n,2.0NRT,292.27,5.83,D
49.84536,-121.50613,352.05,0.45,0.63,2026-07-24,2203,N,VIIRS,n,2.0NRT,295.15,27.32,D
49.84544,-121.50189,367.0,0.45,0.63,2026-07-24,2203,N,VIIRS,h,2.0NRT,304.61,42.26,D
49.84551,-121.49754,348.03,0.45,0.63,2026-07-24,2203,N,VIIRS,n,2.0NRT,296.5,42.26,D
49.84558,-121.49313,328.8,0.45,0.63,2026-07-24,2203,N,VIIRS,n,2.0NRT,296.11,9.78,D
49.88605,-121.4365,356.9,0.45,0.63,2026-07-24,2203,N,VIIRS,n,2.0NRT,306.37,16.42,D
49.88611,-121.43249,328.63,0.45,0.63,2026-07-24,2203,N,VIIRS,n,2.0NRT,297.31,29.5,D
49.8881,-121.43491,349.81,0.45,0.63,2026-07-24,2203,N,VIIRS,n,2.0NRT,302.65,20.45,D
49.88818,-121.43067,356.5,0.45,0.63,2026-07-24,2203,N,VIIRS,n,2.0NRT,298.23,34.91,D
49.89192,-121.44063,341.56,0.45,0.63,2026-07-24,2203,N,VIIRS,n,2.0NRT,297.81,16.42,D
49.89199,-121.43624,367.0,0.45,0.63,2026-07-24,2203,N,VIIRS,h,2.0NRT,295.94,16.42,D
49.89397,-121.43874,334.57,0.45,0.63,2026-07-24,2203,N,VIIRS,n,2.0NRT,297.65,20.45,D
49.91125,-121.33414,334.01,0.46,0.63,2026-07-24,2203,N,VIIRS,n,2.0NRT,292.58,22.33,D
49.91133,-121.32864,355.37,0.46,0.64,2026-07-24,2203,N,VIIRS,n,2.0NRT,303.05,29.56,D
49.9114,-121.32384,340.69,0.46,0.64,2026-07-24,2203,N,VIIRS,n,2.0NRT,290.17,29.56,D
49.91703,-121.34686,350.45,0.46,0.63,2026-07-24,2203,N,VIIRS,n,2.0NRT,293.06,5.05,D
49.92331,-121.32401,348.46,0.46,0.64,2026-07-24,2203,N,VIIRS,n,2.0NRT,291.12,3.06,D
49.92742,-121.44541,344.65,0.45,0.63,2026-07-24,2203,N,VIIRS,n,2.0NRT,305.89,28.58,D
49.92748,-121.44137,367.0,0.45,0.63,2026-07-24,2203,N,VIIRS,h,2.0NRT,295.95,28.58,D
49.93331,-121.44761,326.33,0.45,0.63,2026-07-24,2203,N,VIIRS,n,2.0NRT,295.63,2.79,D
49.94146,-121.3058,356.96,0.46,0.64,2026-07-24,2203,N,VIIRS,n,2.0NRT,290.76,5.52,D
49.94153,-121.30036,334.22,0.46,0.64,2026-07-24,2203,N,VIIRS,n,2.0NRT,291.15,119.13,D
49.94166,-121.29182,315.37,0.46,0.64,2026-07-24,2203,N,VIIRS,l,2.0NRT,318.53,133.89,D
49.94173,-121.28677,367.0,0.46,0.64,2026-07-24,2203,N,VIIRS,h,2.0NRT,293.59,133.89,D
49.94186,-121.27869,340.4,0.46,0.64,2026-07-24,2203,N,VIIRS,n,2.0NRT,287.87,27.93,D
49.94756,-121.29644,350.29,0.46,0.64,2026-07-24,2203,N,VIIRS,n,2.0NRT,289.92,114.05,D
49.94762,-121.29205,208.0,0.46,0.64,2026-07-24,2203,N,VIIRS,l,2.0NRT,299.28,292.44,D
49.94769,-121.28683,208.0,0.46,0.64,2026-07-24,2203,N,VIIRS,l,2.0NRT,316.16,292.44,D
49.94781,-121.27938,367.0,0.46,0.64,2026-07-24,2203,N,VIIRS,h,2.0NRT,291.91,109.5,D
49.95387,-121.27309,328.56,0.46,0.64,2026-07-24,2203,N,VIIRS,n,2.0NRT,284.86,109.5,D
50.02144,-121.36891,331.51,0.46,0.63,2026-07-24,2203,N,VIIRS,n,2.0NRT,296.79,6.17,D
50.02737,-121.36945,334.81,0.46,0.63,2026-07-24,2203,N,VIIRS,n,2.0NRT,295.77,5.26,D
50.0829,-121.2477,345.05,0.46,0.64,2026-07-24,2203,N,VIIRS,n,2.0NRT,293.96,8.21,D
50.08478,-121.2678,337.61,0.46,0.64,2026-07-24,2203,N,VIIRS,n,2.0NRT,292.47,18.26,D
50.08487,-121.26006,352.51,0.46,0.64,2026-07-24,2203,N,VIIRS,n,2.0NRT,292.4,18.26,D
50.08495,-121.25244,367.0,0.46,0.64,2026-07-24,2203,N,VIIRS,h,2.0NRT,301.75,22.45,D
50.08504,-121.24475,344.41,0.46,0.64,2026-07-24,2203,N,VIIRS,n,2.0NRT,291.35,22.45,D
50.08863,-121.26263,350.36,0.46,0.64,2026-07-24,2203,N,VIIRS,n,2.0NRT,292.76,13.04,D
50.08876,-121.25488,346.84,0.46,0.64,2026-07-24,2203,N,VIIRS,n,2.0NRT,299.32,33.93,D
50.08888,-121.24748,367.0,0.46,0.64,2026-07-24,2203,N,VIIRS,h,2.0NRT,292.26,33.93,D
50.09093,-121.25303,357.92,0.46,0.64,2026-07-24,2203,N,VIIRS,l,2.0NRT,289.79,22.45,D
49.79073,-121.38367,341.9,0.39,0.36,2026-07-25,1015,N,VIIRS,n,2.0NRT,290.21,16.73,N
49.79147,-121.38882,367.0,0.39,0.36,2026-07-25,1015,N,VIIRS,h,2.0NRT,291.38,16.73,N
49.79219,-121.39376,329.97,0.39,0.36,2026-07-25,1015,N,VIIRS,n,2.0NRT,288.22,9.03,N
49.79406,-121.38267,352.79,0.39,0.36,2026-07-25,1015,N,VIIRS,n,2.0NRT,301.13,16.73,N
49.79479,-121.3877,354.23,0.39,0.36,2026-07-25,1015,N,VIIRS,n,2.0NRT,300.91,16.73,N
49.79551,-121.39271,367.0,0.39,0.36,2026-07-25,1015,N,VIIRS,h,2.0NRT,298.01,9.03,N
49.79623,-121.39768,336.14,0.39,0.36,2026-07-25,1015,N,VIIRS,n,2.0NRT,288.12,9.03,N
49.79737,-121.38155,307.87,0.39,0.36,2026-07-25,1015,N,VIIRS,n,2.0NRT,290.43,1.18,N
49.79811,-121.38666,303.67,0.39,0.36,2026-07-25,1015,N,VIIRS,n,2.0NRT,290.19,1.18,N
49.79882,-121.39164,300.77,0.39,0.36,2026-07-25,1015,N,VIIRS,n,2.0NRT,289.2,1.48,N
49.79934,-121.41915,307.44,0.39,0.36,2026-07-25,1015,N,VIIRS,n,2.0NRT,287.25,1.31,N
49.79955,-121.39661,331.51,0.39,0.36,2026-07-25,1015,N,VIIRS,n,2.0NRT,292.18,1.48,N
49.80012,-121.4487,308.32,0.39,0.36,2026-07-25,1015,N,VIIRS,n,2.0NRT,289.45,2.21,N
49.80016,-121.4249,355.22,0.39,0.36,2026-07-25,1015,N,VIIRS,n,2.0NRT,293.47,6.67,N
49.80027,-121.40163,333.99,0.39,0.36,2026-07-25,1015,N,VIIRS,n,2.0NRT,291.25,3.93,N
49.80095,-121.45448,317.75,0.39,0.36,2026-07-25,1015,N,VIIRS,n,2.0NRT,290.42,2.21,N
49.80098,-121.43052,327.3,0.39,0.36,2026-07-25,1015,N,VIIRS,n,2.0NRT,289.69,6.67,N
49.80177,-121.43601,350.86,0.39,0.36,2026-07-25,1015,N,VIIRS,n,2.0NRT,294.2,6.24,N
49.8018,-121.41222,312.03,0.39,0.36,2026-07-25,1015,N,VIIRS,n,2.0NRT,286.74,0.91,N
49.80214,-121.39055,302.42,0.39,0.36,2026-07-25,1015,N,VIIRS,n,2.0NRT,288.42,1.48,N
49.80241,-121.36842,345.0,0.39,0.36,2026-07-25,1015,N,VIIRS,n,2.0NRT,293.15,13.09,N
49.80258,-121.44163,328.89,0.39,0.36,2026-07-25,1015,N,VIIRS,n,2.0NRT,291.76,6.24,N
49.80264,-121.41798,303.99,0.39,0.36,2026-07-25,1015,N,VIIRS,n,2.0NRT,287.86,0.91,N
49.80321,-121.37395,352.5,0.39,0.36,2026-07-25,1015,N,VIIRS,n,2.0NRT,295.59,13.09,N
49.80342,-121.44749,322.2,0.39,0.36,2026-07-25,1015,N,VIIRS,n,2.0NRT,291.74,2.21,N
49.80425,-121.45328,337.95,0.39,0.36,2026-07-25,1015,N,VIIRS,n,2.0NRT,294.11,2.21,N
49.80429,-121.42945,302.3,0.39,0.36,2026-07-25,1015,N,VIIRS,n,2.0NRT,288.44,1.39,N
49.80489,-121.36162,356.11,0.39,0.36,2026-07-25,1015,N,VIIRS,n,2.0NRT,293.78,13.32,N
49.80505,-121.45877,329.36,0.39,0.36,2026-07-25,1015,N,VIIRS,n,2.0NRT,292.85,3.92,N
49.80508,-121.43491,302.94,0.39,0.36,2026-07-25,1015,N,VIIRS,n,2.0NRT,288.63,1.07,N
49.80535,-121.48499,325.02,0.39,0.36,2026-07-25,1015,N,VIIRS,n,2.0NRT,289.66,5.14,N
49.80571,-121.36723,333.57,0.39,0.36,2026-07-25,1015,N,VIIRS,n,2.0NRT,293.65,13.09,N
49.80651,-121.37279,339.03,0.39,0.36,2026-07-25,1015,N,VIIRS,n,2.0NRT,295.02,13.09,N
49.80653,-121.46907,328.97,0.39,0.36,2026-07-25,1015,N,VIIRS,n,2.0NRT,291.38,18.34,N
49.80724,-121.47403,349.43,0.39,0.36,2026-07-25,1015,N,VIIRS,n,2.0NRT,296.63,18.34,N
49.8073,-121.37824,310.1,0.39,0.36,2026-07-25,1015,N,VIIRS,n,2.0NRT,290.44,3.03,N
49.80795,-121.47894,337.86,0.39,0.36,2026-07-25,1015,N,VIIRS,n,2.0NRT,289.3,5.14,N
49.80818,-121.36036,326.8,0.39,0.36,2026-07-25,1015,N,VIIRS,n,2.0NRT,291.0,1.96,N
49.80867,-121.4839,302.16,0.39,0.36,2026-07-25,1015,N,VIIRS,n,2.0NRT,288.12,5.14,N
49.80899,-121.36596,307.74,0.39,0.36,2026-07-25,1015,N,VIIRS,n,2.0NRT,290.12,2.0,N
49.80913,-121.46299,322.78,0.39,0.36,2026-07-25,1015,N,VIIRS,n,2.0NRT,293.43,1.83,N
49.8094,-121.48901,300.94,0.39,0.36,2026-07-25,1015,N,VIIRS,n,2.0NRT,286.3,1.13,N
49.80986,-121.46806,319.76,0.39,0.36,2026-07-25,1015,N,VIIRS,n,2.0NRT,293.07,5.51,N
49.81056,-121.47293,347.09,0.39,0.36,2026-07-25,1015,N,VIIRS,n,2.0NRT,297.17,5.51,N
49.81126,-121.47784,322.79,0.39,0.36,2026-07-25,1015,N,VIIRS,n,2.0NRT,289.61,4.21,N
49.81147,-121.35913,310.25,0.39,0.36,2026-07-25,1015,N,VIIRS,n,2.0NRT,289.45,1.96,N
49.81244,-121.46185,309.58,0.39,0.36,2026-07-25,1015,N,VIIRS,n,2.0NRT,292.46,1.83,N
49.81349,-121.49333,300.13,0.39,0.36,2026-07-25,1015,N,VIIRS,n,2.0NRT,285.17,0.78,N
49.81396,-121.35238,304.53,0.39,0.36,2026-07-25,1015,N,VIIRS,n,2.0NRT,286.34,0.81,N
49.81477,-121.35791,313.83,0.39,0.36,2026-07-25,1015,N,VIIRS,n,2.0NRT,290.3,0.81,N
49.81725,-121.35117,300.23,0.39,0.36,2026-07-25,1015,N,VIIRS,n,2.0NRT,284.93,0.81,N
49.81806,-121.35673,303.51,0.39,0.36,2026-07-25,1015,N,VIIRS,n,2.0NRT,288.85,0.81,N
49.81974,-121.34447,318.19,0.39,0.36,2026-07-25,1015,N,VIIRS,n,2.0NRT,284.83,1.27,N
49.82054,-121.34995,309.0,0.39,0.36,2026-07-25,1015,N,VIIRS,n,2.0NRT,285.38,1.19,N
49.82175,-121.50241,338.06,0.39,0.36,2026-07-25,1015,N,VIIRS,n,2.0NRT,288.54,2.64,N
49.82249,-121.50763,307.22,0.39,0.36,2026-07-25,1015,N,VIIRS,n,2.0NRT,286.73,0.96,N
49.82303,-121.34325,305.51,0.39,0.36,2026-07-25,1015,N,VIIRS,n,2.0NRT,286.67,1.27,N
49.82383,-121.34875,307.04,0.39,0.36,2026-07-25,1015,N,VIIRS,n,2.0NRT,286.7,1.19,N
49.824,-121.5181,295.95,0.39,0.36,2026-07-25,1015,N,VIIRS,n,2.0NRT,284.82,0.62,N
49.82433,-121.49615,306.05,0.39,0.36,2026-07-25,1015,N,VIIRS,n,2.0NRT,286.71,2.64,N
49.82509,-121.50151,331.19,0.39,0.36,2026-07-25,1015,N,VIIRS,n,2.0NRT,288.69,2.64,N
49.82553,-121.3366,297.86,0.39,0.36,2026-07-25,1015,N,VIIRS,n,2.0NRT,283.29,1.79,N
49.82584,-121.50676,298.88,0.39,0.36,2026-07-25,1015,N,VIIRS,n,2.0NRT,286.43,0.96,N
49.82632,-121.34206,327.94,0.39,0.36,2026-07-25,1015,N,VIIRS,n,2.0NRT,288.75,1.79,N
49.82713,-121.34754,303.09,0.39,0.36,2026-07-25,1015,N,VIIRS,n,2.0NRT,286.14,0.87,N
49.82735,-121.51723,300.36,0.39,0.36,2026-07-25,1015,N,VIIRS,n,2.0NRT,285.71,0.62,N
49.82882,-121.33536,313.28,0.39,0.36,2026-07-25,1015,N,VIIRS,n,2.0NRT,285.63,1.79,N
49.82961,-121.34082,328.48,0.39,0.36,2026-07-25,1015,N,VIIRS,n,2.0NRT,291.33,1.79,N
49.83043,-121.34637,300.29,0.39,0.36,2026-07-25,1015,N,VIIRS,n,2.0NRT,285.05,0.87,N
49.83072,-121.51648,297.72,0.39,0.36,2026-07-25,1015,N,VIIRS,n,2.0NRT,286.29,1.46,N
49.8315,-121.52189,308.12,0.39,0.36,2026-07-25,1015,N,VIIRS,n,2.0NRT,287.78,1.46,N
49.8321,-121.33411,322.53,0.39,0.36,2026-07-25,1015,N,VIIRS,n,2.0NRT,288.43,1.49,N
49.8329,-121.33961,313.08,0.39,0.36,2026-07-25,1015,N,VIIRS,n,2.0NRT,288.4,1.49,N
49.83372,-121.34515,307.45,0.39,0.36,2026-07-25,1015,N,VIIRS,n,2.0NRT,287.37,1.48,N
49.8341,-121.5158,301.6,0.39,0.36,2026-07-25,1015,N,VIIRS,n,2.0NRT,288.55,1.46,N
49.83436,-121.4934,303.45,0.39,0.36,2026-07-25,1015,N,VIIRS,n,2.0NRT,288.71,1.55,N
49.83488,-121.52122,333.59,0.39,0.36,2026-07-25,1015,N,VIIRS,n,2.0NRT,291.23,1.46,N
49.83514,-121.49886,309.79,0.39,0.36,2026-07-25,1015,N,VIIRS,n,2.0NRT,288.02,1.55,N
49.83539,-121.33292,317.55,0.39,0.36,2026-07-25,1015,N,VIIRS,n,2.0NRT,288.65,1.49,N
49.8362,-121.33839,301.08,0.39,0.36,2026-07-25,1015,N,VIIRS,n,2.0NRT,287.17,1.49,N
49.83652,-121.33159,305.47,0.39,0.36,2026-07-25,1015,N,VIIRS,n,2.0NRT,286.32,0.72,N
49.83731,-121.33708,299.77,0.39,0.36,2026-07-25,1015,N,VIIRS,n,2.0NRT,286.79,1.1,N
49.83747,-121.51508,325.0,0.39,0.36,2026-07-25,1015,N,VIIRS,n,2.0NRT,292.82,8.71,N
49.83823,-121.52036,335.25,0.39,0.36,2026-07-25,1015,N,VIIRS,n,2.0NRT,290.2,8.71,N
49.83847,-121.4978,326.11,0.39,0.36,2026-07-25,1015,N,VIIRS,n,2.0NRT,290.73,1.55,N
49.83923,-121.50312,310.91,0.39,0.36,2026-07-25,1015,N,VIIRS,n,2.0NRT,289.55,1.6,N
49.84002,-121.50859,311.6,0.39,0.36,2026-07-25,1015,N,VIIRS,n,2.0NRT,288.63,1.6,N
49.84329,-121.50718,304.25,0.39,0.36,2026-07-25,1015,N,VIIRS,n,2.0NRT,289.4,0.98,N
49.84409,-121.51273,340.94,0.39,0.36,2026-07-25,1015,N,VIIRS,n,2.0NRT,290.14,4.04,N
49.84656,-121.50576,300.36,0.39,0.36,2026-07-25,1015,N,VIIRS,n,2.0NRT,286.73,0.98,N
49.84738,-121.51144,313.35,0.39,0.36,2026-07-25,1015,N,VIIRS,n,2.0NRT,288.64,4.04,N
49.84901,-121.49868,301.17,0.39,0.36,2026-07-25,1015,N,VIIRS,n,2.0NRT,285.71,1.24,N
49.84983,-121.50438,320.85,0.39,0.36,2026-07-25,1015,N,VIIRS,n,2.0NRT,287.1,1.24,N
49.88361,-121.44221,306.32,0.39,0.36,2026-07-25,1015,N,VIIRS,n,2.0NRT,290.75,1.12,N
49.88487,-121.35426,307.46,0.39,0.36,2026-07-25,1015,N,VIIRS,n,2.0NRT,284.9,0.77,N
49.88567,-121.35977,299.29,0.39,0.36,2026-07-25,1015,N,VIIRS,n,2.0NRT,285.62,0.77,N
49.88692,-121.44102,321.11,0.39,0.36,2026-07-25,1015,N,VIIRS,n,2.0NRT,291.41,3.11,N
49.88817,-121.35307,317.56,0.39,0.36,2026-07-25,1015,N,VIIRS,n,2.0NRT,285.04,1.64,N
49.88885,-121.38182,303.35,0.39,0.36,2026-07-25,1015,N,VIIRS,n,2.0NRT,288.16,1.18,N
49.89022,-121.4398,336.08,0.39,0.36,2026-07-25,1015,N,VIIRS,n,2.0NRT,294.2,3.11,N
49.89217,-121.38079,303.86,0.39,0.36,2026-07-25,1015,N,VIIRS,n,2.0NRT,287.06,1.22,N
49.90884,-121.32818,298.03,0.39,0.36,2026-07-25,1015,N,VIIRS,n,2.0NRT,282.43,0.47,N
49.91327,-121.50346,297.76,0.39,0.36,2026-07-25,1015,N,VIIRS,n,2.0NRT,285.05,0.89,N
49.91451,-121.34338,319.78,0.39,0.36,2026-07-25,1015,N,VIIRS,n,2.0NRT,284.1,1.75,N
49.91531,-121.34888,312.78,0.39,0.36,2026-07-25,1015,N,VIIRS,n,2.0NRT,284.6,1.75,N
49.91738,-121.5079,306.27,0.39,0.36,2026-07-25,1015,N,VIIRS,n,2.0NRT,287.07,1.02,N
49.91908,-121.42294,303.53,0.39,0.36,2026-07-25,1015,N,VIIRS,n,2.0NRT,288.78,2.01,N
49.92021,-121.35877,299.77,0.39,0.36,2026-07-25,1015,N,VIIRS,n,2.0NRT,285.64,1.36,N
49.92236,-121.44568,340.97,0.39,0.36,2026-07-25,1015,N,VIIRS,n,2.0NRT,286.86,4.45,N
49.92318,-121.45142,303.48,0.39,0.36,2026-07-25,1015,N,VIIRS,n,2.0NRT,288.96,4.45,N
49.92563,-121.44429,336.76,0.39,0.36,2026-07-25,1015,N,VIIRS,n,2.0NRT,291.78,4.45,N
49.92632,-121.52183,298.01,0.39,0.36,2026-07-25,1015,N,VIIRS,n,2.0NRT,284.83,1.1,N
49.92646,-121.45005,336.55,0.39,0.36,2026-07-25,1015,N,VIIRS,n,2.0NRT,290.41,4.45,N
49.92726,-121.45558,310.01,0.39,0.36,2026-07-25,1015,N,VIIRS,n,2.0NRT,289.82,6.1,N
49.92973,-121.44865,330.52,0.39,0.36,2026-07-25,1015,N,VIIRS,n,2.0NRT,308.06,13.14,N
49.93056,-121.45438,335.15,0.39,0.36,2026-07-25,1015,N,VIIRS,n,2.0NRT,297.23,19.32,N
49.93302,-121.44735,324.21,0.39,0.36,2026-07-25,1015,N,VIIRS,n,2.0NRT,291.64,13.14,N
49.93384,-121.45299,345.79,0.39,0.36,2026-07-25,1015,N,VIIRS,n,2.0NRT,295.54,19.32,N
49.9339,-121.42931,302.63,0.39,0.36,2026-07-25,1015,N,VIIRS,n,2.0NRT,289.05,1.46,N
49.93487,-121.38806,303.57,0.39,0.36,2026-07-25,1015,N,VIIRS,n,2.0NRT,286.58,2.0,N
49.93624,-121.30197,318.02,0.39,0.36,2026-07-25,1015,N,VIIRS,n,2.0NRT,283.0,1.96,N
49.93669,-121.35279,312.56,0.39,0.36,2026-07-25,1015,N,VIIRS,n,2.0NRT,284.51,1.64,N
49.93954,-121.30081,321.15,0.39,0.36,2026-07-25,1015,N,VIIRS,n,2.0NRT,284.39,1.96,N
49.93999,-121.35168,313.62,0.39,0.36,2026-07-25,1015,N,VIIRS,n,2.0NRT,285.7,1.64,N
49.94173,-121.30457,301.16,0.39,0.36,2026-07-25,1015,N,VIIRS,n,2.0NRT,283.53,1.11,N
49.94342,-121.29208,314.24,0.39,0.36,2026-07-25,1015,N,VIIRS,n,2.0NRT,283.66,3.38,N
49.94423,-121.29775,339.09,0.39,0.36,2026-07-25,1015,N,VIIRS,n,2.0NRT,290.99,3.38,N
49.94592,-121.28539,300.2,0.39,0.36,2026-07-25,1015,N,VIIRS,n,2.0NRT,281.68,1.28,N
49.94672,-121.29088,313.23,0.39,0.36,2026-07-25,1015,N,VIIRS,n,2.0NRT,283.55,1.77,N
49.94752,-121.29651,337.46,0.39,0.36,2026-07-25,1015,N,VIIRS,n,2.0NRT,290.39,1.77,N
49.94833,-121.30218,328.6,0.39,0.36,2026-07-25,1015,N,VIIRS,n,2.0NRT,286.52,2.73,N
49.94845,-121.27893,325.96,0.39,0.36,2026-07-25,1015,N,VIIRS,n,2.0NRT,284.29,1.28,N
49.94923,-121.28424,296.49,0.39,0.36,2026-07-25,1015,N,VIIRS,n,2.0NRT,280.77,1.28,N
49.95001,-121.2897,301.76,0.39,0.36,2026-07-25,1015,N,VIIRS,n,2.0NRT,282.8,1.77,N
49.95081,-121.2953,304.74,0.39,0.36,2026-07-25,1015,N,VIIRS,n,2.0NRT,282.98,1.77,N
49.95161,-121.30091,311.93,0.39,0.36,2026-07-25,1015,N,VIIRS,n,2.0NRT,284.44,2.73,N
49.95175,-121.27776,301.23,0.39,0.36,2026-07-25,1015,N,VIIRS,n,2.0NRT,283.06,1.14,N
49.95252,-121.28311,313.97,0.39,0.36,2026-07-25,1015,N,VIIRS,n,2.0NRT,283.65,1.14,N
50.08134,-121.25414,343.29,0.39,0.36,2026-07-25,1015,N,VIIRS,n,2.0NRT,288.14,5.66,N
50.08213,-121.25956,332.54,0.39,0.36,2026-07-25,1015,N,VIIRS,n,2.0NRT,289.41,2.68,N
50.08232,-121.23694,323.14,0.39,0.36,2026-07-25,1015,N,VIIRS,n,2.0NRT,285.22,7.75,N
50.0829,-121.26493,296.74,0.39,0.36,2026-07-25,1015,N,VIIRS,n,2.0NRT,284.94,2.68,N
50.0831,-121.24229,327.79,0.39,0.36,2026-07-25,1015,N,VIIRS,n,2.0NRT,287.56,7.75,N
50.08388,-121.24767,322.92,0.39,0.36,2026-07-25,1015,N,VIIRS,n,2.0NRT,288.73,2.77,N
50.08465,-121.25306,338.34,0.39,0.36,2026-07-25,1015,N,VIIRS,n,2.0NRT,290.8,2.77,N
50.08482,-121.23026,338.5,0.39,0.36,2026-07-25,1015,N,VIIRS,n,2.0NRT,295.97,21.02,N
50.08543,-121.25844,345.92,0.39,0.36,2026-07-25,1015,N,VIIRS,n,2.0NRT,292.73,5.58,N
50.08546,-121.35499,295.35,0.39,0.36,2026-07-25,1015,N,VIIRS,n,2.0NRT,282.67,0.55,N
50.08561,-121.23572,351.42,0.39,0.36,2026-07-25,1015,N,VIIRS,n,2.0NRT,290.41,7.75,N
50.08621,-121.26381,320.44,0.39,0.36,2026-07-25,1015,N,VIIRS,n,2.0NRT,286.08,5.58,N
50.0864,-121.24119,332.25,0.39,0.36,2026-07-25,1015,N,VIIRS,n,2.0NRT,289.66,7.75,N
50.08718,-121.24657,312.51,0.39,0.36,2026-07-25,1015,N,VIIRS,n,2.0NRT,288.24,2.77,N
50.08731,-121.22348,343.58,0.39,0.36,2026-07-25,1015,N,VIIRS,n,2.0NRT,288.97,5.73,N
50.08796,-121.25194,327.37,0.39,0.36,2026-07-25,1015,N,VIIRS,n,2.0NRT,290.73,2.77,N
50.0881,-121.22894,337.84,0.39,0.36,2026-07-25,1015,N,VIIRS,n,2.0NRT,291.87,5.73,N
50.08873,-121.25729,354.84,0.39,0.36,2026-07-25,1015,N,VIIRS,n,2.0NRT,295.24,5.58,N
50.08889,-121.23445,351.51,0.39,0.36,2026-07-25,1015,N,VIIRS,n,2.0NRT,292.73,14.9,N
50.08951,-121.26265,319.32,0.39,0.36,2026-07-25,1015,N,VIIRS,n,2.0NRT,286.2,5.58,N
50.08969,-121.23994,357.47,0.39,0.36,2026-07-25,1015,N,VIIRS,n,2.0NRT,298.76,14.9,N
50.09047,-121.24534,338.47,0.39,0.36,2026-07-25,1015,N,VIIRS,n,2.0NRT,291.01,5.03,N
50.09059,-121.22218,344.42,0.39,0.36,2026-07-25,1015,N,VIIRS,n,2.0NRT,291.23,5.73,N
50.09125,-121.25073,348.45,0.39,0.36,2026-07-25,1015,N,VIIRS,n,2.0NRT,291.51,5.03,N
50.09137,-121.22762,345.18,0.39,0.36,2026-07-25,1015,N,VIIRS,n,2.0NRT,291.46,5.73,N
50.09203,-121.2561,319.17,0.39,0.36,2026-07-25,1015,N,VIIRS,n,2.0NRT,284.66,2.46,N
50.09217,-121.2331,334.39,0.39,0.36,2026-07-25,1015,N,VIIRS,n,2.0NRT,287.87,14.9,N
50.09296,-121.23858,343.6,0.39,0.36,2026-07-25,1015,N,VIIRS,n,2.0NRT,298.33,14.9,N
50.09376,-121.24408,318.03,0.39,0.36,2026-07-25,1015,N,VIIRS,n,2.0NRT,288.99,5.03,N
50.09387,-121.22092,341.72,0.39,0.36,2026-07-25,1015,N,VIIRS,n,2.0NRT,290.01,2.9,N
50.09454,-121.24947,328.87,0.39,0.36,2026-07-25,1015,N,VIIRS,n,2.0NRT,289.98,5.03,N
50.09465,-121.2263,316.62,0.39,0.36,2026-07-25,1015,N,VIIRS,n,2.0NRT,285.48,2.9,N
50.09544,-121.23174,339.71,0.39,0.36,2026-07-25,1015,N,VIIRS,n,2.0NRT,289.86,4.65,N
50.09624,-121.23727,329.88,0.39,0.36,2026-07-25,1015,N,VIIRS,n,2.0NRT,288.6,4.65,N
50.09704,-121.24276,313.35,0.39,0.36,2026-07-25,1015,N,VIIRS,n,2.0NRT,287.29,2.28,N
50.09782,-121.24821,338.87,0.39,0.36,2026-07-25,1015,N,VIIRS,n,2.0NRT,290.38,2.28,N
50.09794,-121.22504,321.89,0.39,0.36,2026-07-25,1015,N,VIIRS,n,2.0NRT,284.4,2.9,N
50.09873,-121.23049,352.27,0.39,0.36,2026-07-25,1015,N,VIIRS,n,2.0NRT,294.35,4.65,N
50.09953,-121.23602,318.67,0.39,0.36,2026-07-25,1015,N,VIIRS,n,2.0NRT,286.73,4.65,N
50.10032,-121.24146,316.25,0.39,0.36,2026-07-25,1015,N,VIIRS,n,2.0NRT,287.75,2.28,N
50.1011,-121.24688,312.03,0.39,0.36,2026-07-25,1015,N,VIIRS,n,2.0NRT,284.91,2.28,N
50.10123,-121.22379,298.8,0.39,0.36,2026-07-25,1015,N,VIIRS,n,2.0NRT,283.22,0.48,N
50.10202,-121.22929,320.25,0.39,0.36,2026-07-25,1015,N,VIIRS,n,2.0NRT,286.63,3.43,N
50.10281,-121.23478,333.87,0.39,0.36,2026-07-25,1015,N,VIIRS,n,2.0NRT,291.51,3.43,N
50.10361,-121.2402,313.53,0.39,0.36,2026-07-25,1015,N,VIIRS,n,2.0NRT,286.68,2.31,N
50.10531,-121.22807,327.07,0.39,0.36,2026-07-25,1015,N,VIIRS,n,2.0NRT,288.05,3.43,N
50.10611,-121.23357,340.43,0.39,0.36,2026-07-25,1015,N,VIIRS,n,2.0NRT,294.4,3.43,N
50.10781,-121.22139,305.88,0.39,0.36,2026-07-25,1015,N,VIIRS,n,2.0NRT,284.09,1.47,N
50.10861,-121.2269,340.47,0.39,0.36,2026-07-25,1015,N,VIIRS,n,2.0NRT,291.64,4.72,N
50.1094,-121.23238,344.96,0.39,0.36,2026-07-25,1015,N,VIIRS,n,2.0NRT,291.97,4.72,N
50.1111,-121.22021,320.91,0.39,0.36,2026-07-25,1015,N,VIIRS,n,2.0NRT,284.72,1.47,N
50.1119,-121.22572,352.58,0.39,0.36,2026-07-25,1015,N,VIIRS,n,2.0NRT,291.48,4.72,N
50.1127,-121.2312,310.4,0.39,0.36,2026-07-25,1015,N,VIIRS,n,2.0NRT,283.99,4.72,N
49.79851,-121.42516,317.28,0.79,0.78,2026-07-25,1155,N,VIIRS,n,2.0NRT,284.02,4.99,N
49.79959,-121.42172,309.88,0.79,0.78,2026-07-25,1155,N,VIIRS,n,2.0NRT,283.82,2.52,N
49.79964,-121.44312,298.2,0.79,0.78,2026-07-25,1155,N,VIIRS,n,2.0NRT,284.86,1.78,N
49.80051,-121.45146,295.93,0.79,0.78,2026-07-25,1155,N,VIIRS,n,2.0NRT,284.13,4.27,N
49.80106,-121.43143,302.0,0.79,0.78,2026-07-25,1155,N,VIIRS,n,2.0NRT,284.63,2.68,N
49.80178,-121.42706,303.34,0.79,0.78,2026-07-25,1155,N,VIIRS,n,2.0NRT,283.96,5.09,N
49.80191,-121.4486,297.23,0.79,0.78,2026-07-25,1155,N,VIIRS,n,2.0NRT,284.97,1.78,N
49.80392,-121.43848,298.4,0.79,0.78,2026-07-25,1155,N,VIIRS,n,2.0NRT,284.81,2.68,N
49.80643,-121.37441,298.22,0.8,0.78,2026-07-25,1155,N,VIIRS,n,2.0NRT,281.5,4.37,N
49.8324,-121.52296,302.76,0.79,0.78,2026-07-25,1155,N,VIIRS,n,2.0NRT,282.47,3.12,N
49.83541,-121.51633,309.01,0.79,0.78,2026-07-25,1155,N,VIIRS,n,2.0NRT,284.02,4.21,N
49.84851,-121.49855,298.82,0.79,0.78,2026-07-25,1155,N,VIIRS,n,2.0NRT,282.4,3.1,N
49.88617,-121.44151,301.6,0.79,0.78,2026-07-25,1155,N,VIIRS,n,2.0NRT,285.7,2.64,N
49.88805,-121.4418,301.08,0.78,0.78,2026-07-25,1155,N,VIIRS,n,2.0NRT,285.85,2.08,N
49.92347,-121.44785,313.1,0.78,0.78,2026-07-25,1155,N,VIIRS,n,2.0NRT,284.89,3.6,N
49.92579,-121.44881,319.73,0.78,0.78,2026-07-25,1155,N,VIIRS,n,2.0NRT,285.26,3.62,N
49.92869,-121.45587,299.43,0.78,0.78,2026-07-25,1155,N,VIIRS,n,2.0NRT,284.59,3.36,N
49.93198,-121.44749,307.75,0.78,0.78,2026-07-25,1155,N,VIIRS,n,2.0NRT,285.05,3.6,N
49.93448,-121.44877,302.28,0.78,0.78,2026-07-25,1155,N,VIIRS,n,2.0NRT,284.79,3.62,N
49.93468,-121.45415,309.19,0.78,0.78,2026-07-25,1155,N,VIIRS,n,2.0NRT,284.04,3.6,N
49.93702,-121.45499,297.46,0.78,0.78,2026-07-25,1155,N,VIIRS,n,2.0NRT,283.74,3.36,N
50.08435,-121.23371,311.41,0.79,0.78,2026-07-25,1155,N,VIIRS,n,2.0NRT,277.62,4.76,N
50.08493,-121.23105,307.85,0.79,0.78,2026-07-25,1155,N,VIIRS,n,2.0NRT,279.36,4.22,N
50.08838,-121.24364,313.82,0.79,0.78,2026-07-25,1155,N,VIIRS,n,2.0NRT,276.66,4.76,N
50.08857,-121.22272,297.31,0.79,0.78,2026-07-25,1155,N,VIIRS,n,2.0NRT,281.74,5.22,N
50.0888,-121.24046,332.82,0.79,0.78,2026-07-25,1155,N,VIIRS,n,2.0NRT,280.65,4.22,N
50.0928,-121.23315,316.3,0.79,0.78,2026-07-25,1155,N,VIIRS,n,2.0NRT,283.27,4.76,N
50.09373,-121.23124,302.94,0.79,0.78,2026-07-25,1155,N,VIIRS,n,2.0NRT,282.51,4.22,N
50.09664,-121.24259,318.41,0.79,0.78,2026-07-25,1155,N,VIIRS,n,2.0NRT,282.73,4.76,N
50.09743,-121.24023,312.71,0.79,0.78,2026-07-25,1155,N,VIIRS,n,2.0NRT,282.59,4.22,N
50.10136,-121.22859,312.16,0.79,0.78,2026-07-25,1155,N,VIIRS,n,2.0NRT,282.66,3.94,N
50.10495,-121.23732,314.17,0.79,0.78,2026-07-25,1155,N,VIIRS,n,2.0NRT,283.04,3.94,N
50.10828,-121.22421,307.48,0.79,0.78,2026-07-25,1155,N,VIIRS,n,2.0NRT,281.63,3.94,N
50.11168,-121.23248,323.92,0.79,0.78,2026-07-25,1155,N,VIIRS,n,2.0NRT,283.8,3.94,N
49.78905,-121.39596,325.45,0.34,0.56,2026-07-25,2004,N,VIIRS,n,2.0NRT,272.52,11.48,D
49.7898,-121.39339,356.06,0.34,0.56,2026-07-25,2004,N,VIIRS,n,2.0NRT,287.73,14.17,D
49.79042,-121.3987,356.93,0.34,0.56,2026-07-25,2004,N,VIIRS,l,2.0NRT,287.31,18.28,D
49.79054,-121.39083,367.0,0.34,0.56,2026-07-25,2004,N,VIIRS,h,2.0NRT,296.53,14.17,D
49.79119,-121.39611,367.0,0.34,0.56,2026-07-25,2004,N,VIIRS,h,2.0NRT,292.37,18.28,D
49.79128,-121.38829,355.6,0.34,0.56,2026-07-25,2004,N,VIIRS,n,2.0NRT,292.34,17.69,D
49.79194,-121.39357,367.0,0.34,0.56,2026-07-25,2004,N,VIIRS,h,2.0NRT,293.53,20.01,D
49.7927,-121.39098,367.0,0.34,0.56,2026-07-25,2004,N,VIIRS,h,2.0NRT,290.83,20.01,D
49.79297,-121.38251,337.26,0.34,0.56,2026-07-25,2004,N,VIIRS,n,2.0NRT,282.93,4.29,D
49.79345,-121.40051,367.0,0.34,0.56,2026-07-25,2004,N,VIIRS,h,2.0NRT,299.34,11.48,D
49.79345,-121.38844,334.49,0.34,0.56,2026-07-25,2004,N,VIIRS,n,2.0NRT,288.57,9.21,D
49.7942,-121.39791,367.0,0.34,0.56,2026-07-25,2004,N,VIIRS,h,2.0NRT,301.95,11.48,D
49.79476,-121.40348,367.0,0.34,0.56,2026-07-25,2004,N,VIIRS,h,2.0NRT,300.57,13.19,D
49.79495,-121.39534,356.78,0.34,0.56,2026-07-25,2004,N,VIIRS,l,2.0NRT,289.5,14.17,D
49.79557,-121.40073,367.0,0.34,0.56,2026-07-25,2004,N,VIIRS,h,2.0NRT,295.34,18.28,D
49.79637,-121.39802,353.83,0.34,0.56,2026-07-25,2004,N,VIIRS,n,2.0NRT,292.5,18.28,D
49.79765,-121.40574,367.0,0.34,0.56,2026-07-25,2004,N,VIIRS,h,2.0NRT,297.36,13.71,D
49.7986,-121.40247,367.0,0.34,0.56,2026-07-25,2004,N,VIIRS,h,2.0NRT,290.76,19.67,D
49.79976,-121.40597,367.0,0.34,0.56,2026-07-25,2004,N,VIIRS,h,2.0NRT,291.05,8.41,D
49.80274,-121.43477,332.51,0.34,0.56,2026-07-25,2004,N,VIIRS,n,2.0NRT,289.61,5.72,D
49.80346,-121.47135,333.54,0.34,0.56,2026-07-25,2004,N,VIIRS,n,2.0NRT,285.13,7.41,D
49.80574,-121.48314,345.71,0.34,0.56,2026-07-25,2004,N,VIIRS,n,2.0NRT,281.87,8.14,D
49.80652,-121.4805,356.84,0.34,0.56,2026-07-25,2004,N,VIIRS,l,2.0NRT,285.9,8.14,D
49.80875,-121.47292,356.91,0.34,0.56,2026-07-25,2004,N,VIIRS,l,2.0NRT,283.38,7.41,D
50.08554,-121.23255,367.0,0.57,0.52,2026-07-25,2144,N,VIIRS,h,2.0NRT,295.6,208.09,D
50.08593,-121.2254,351.42,0.57,0.52,2026-07-25,2144,N,VIIRS,n,2.0NRT,288.92,34.77,D
50.08636,-121.21779,328.3,0.57,0.52,2026-07-25,2144,N,VIIRS,n,2.0NRT,286.62,34.77,D
50.09069,-121.22747,351.75,0.57,0.52,2026-07-25,2144,N,VIIRS,n,2.0NRT,313.67,34.77,D
50.09111,-121.2199,340.6,0.57,0.52,2026-07-25,2144,N,VIIRS,n,2.0NRT,288.16,34.77,D
50.09287,-121.23613,344.17,0.57,0.52,2026-07-25,2144,N,VIIRS,n,2.0NRT,294.21,124.98,D
50.09362,-121.22161,349.69,0.57,0.52,2026-07-25,2144,N,VIIRS,n,2.0NRT,286.84,47.67,D
50.09505,-121.23649,337.81,0.57,0.52,2026-07-25,2144,N,VIIRS,n,2.0NRT,290.67,55.52,D
50.09543,-121.2296,355.17,0.57,0.52,2026-07-25,2144,N,VIIRS,n,2.0NRT,302.24,64.38,D
50.09801,-121.23098,338.47,0.57,0.52,2026-07-25,2144,N,VIIRS,n,2.0NRT,293.07,124.98,D
50.10023,-121.23086,339.31,0.57,0.52,2026-07-25,2144,N,VIIRS,n,2.0NRT,289.29,64.38,D
49.93328,-121.45836,329.29,0.53,0.42,2026-07-26,2125,N,VIIRS,n,2.0NRT,277.49,4.99,D
49.77936,-121.39167,353.39,0.78,0.78,2026-07-27,1925,N,VIIRS,n,2.0NRT,285.37,18.07,D
49.78127,-121.38694,338.06,0.78,0.78,2026-07-27,1925,N,VIIRS,n,2.0NRT,281.55,22.04,D
49.78148,-121.39404,347.73,0.78,0.78,2026-07-27,1925,N,VIIRS,n,2.0NRT,283.91,22.96,D
49.78332,-121.38953,357.76,0.78,0.78,2026-07-27,1925,N,VIIRS,l,2.0NRT,280.79,37.74,D
49.787,-121.39411,352.31,0.78,0.78,2026-07-27,1925,N,VIIRS,n,2.0NRT,282.15,14.86,D
49.78091,-121.39129,344.69,0.4,0.37,2026-07-27,2106,N,VIIRS,n,2.0NRT,279.5,4.93,D
49.80025,-121.47768,331.38,0.39,0.37,2026-07-27,2106,N,VIIRS,n,2.0NRT,291.71,4.42,D
49.80109,-121.47161,367.0,0.39,0.37,2026-07-27,2106,N,VIIRS,h,2.0NRT,297.2,12.96,D
49.80193,-121.46558,352.51,0.39,0.37,2026-07-27,2106,N,VIIRS,n,2.0NRT,295.5,12.96,D
49.80527,-121.46664,346.81,0.39,0.37,2026-07-27,2106,N,VIIRS,n,2.0NRT,295.63,12.96,D
50.07268,-121.30133,335.04,0.41,0.37,2026-07-28,2049,N,VIIRS,n,2.0NRT,293.08,3.91,D
50.07364,-121.29595,326.37,0.41,0.37,2026-07-28,2049,N,VIIRS,n,2.0NRT,295.06,3.91,D
50.0753,-121.32664,348.53,0.41,0.37,2026-07-28,2049,N,VIIRS,n,2.0NRT,306.31,21.18,D
50.07658,-121.2795,338.47,0.41,0.37,2026-07-28,2049,N,VIIRS,n,2.0NRT,293.91,4.47,D
50.08145,-121.25225,341.25,0.4,0.37,2026-07-28,2049,N,VIIRS,n,2.0NRT,291.9,3.95,D
50.08242,-121.24686,346.72,0.4,0.37,2026-07-28,2049,N,VIIRS,n,2.0NRT,291.56,5.57,D
50.08305,-121.22325,339.42,0.4,0.37,2026-07-28,2049,N,VIIRS,n,2.0NRT,295.61,4.12,D
50.08338,-121.24143,337.41,0.4,0.37,2026-07-28,2049,N,VIIRS,n,2.0NRT,291.34,5.57,D
50.0864,-121.22448,329.88,0.4,0.37,2026-07-28,2049,N,VIIRS,n,2.0NRT,296.27,4.12,D
50.08709,-121.26067,329.09,0.41,0.37,2026-07-28,2049,N,VIIRS,n,2.0NRT,298.05,4.53,D
50.08739,-121.31622,326.82,0.41,0.37,2026-07-28,2049,N,VIIRS,n,2.0NRT,295.15,5.16,D
50.0874,-121.21881,338.4,0.4,0.37,2026-07-28,2049,N,VIIRS,n,2.0NRT,292.78,4.12,D
50.08768,-121.23729,332.26,0.4,0.37,2026-07-28,2049,N,VIIRS,n,2.0NRT,300.93,7.79,D
50.0914,-121.25655,338.0,0.4,0.37,2026-07-28,2049,N,VIIRS,n,2.0NRT,296.96,4.47,D
50.09571,-121.2523,331.44,0.4,0.37,2026-07-28,2049,N,VIIRS,n,2.0NRT,296.52,6.59,D
50.09593,-121.24902,367.0,0.4,0.37,2026-07-28,2049,N,VIIRS,h,2.0NRT,300.96,25.55,D
50.09671,-121.24667,355.71,0.4,0.37,2026-07-28,2049,N,VIIRS,n,2.0NRT,300.72,6.59,D
50.09695,-121.24332,346.13,0.4,0.37,2026-07-28,2049,N,VIIRS,n,2.0NRT,300.19,25.55,D
50.09772,-121.24097,341.15,0.4,0.37,2026-07-28,2049,N,VIIRS,n,2.0NRT,301.19,4.67,D
50.09798,-121.23762,340.0,0.4,0.37,2026-07-28,2049,N,VIIRS,n,2.0NRT,301.11,10.64,D
50.09874,-121.23524,339.31,0.4,0.37,2026-07-28,2049,N,VIIRS,n,2.0NRT,296.3,4.67,D
50.09929,-121.25024,347.2,0.4,0.37,2026-07-28,2049,N,VIIRS,n,2.0NRT,294.15,25.55,D
50.10031,-121.24456,367.0,0.4,0.37,2026-07-28,2049,N,VIIRS,l,2.0NRT,329.47,25.55,D
50.10132,-121.23895,367.0,0.4,0.37,2026-07-28,2049,N,VIIRS,h,2.0NRT,291.54,10.64,D
50.10159,-121.25725,327.95,0.4,0.37,2026-07-28,2049,N,VIIRS,n,2.0NRT,284.19,3.13,D
50.10366,-121.2458,367.0,0.4,0.37,2026-07-28,2049,N,VIIRS,l,2.0NRT,343.05,73.27,D
50.10466,-121.24026,353.85,0.4,0.37,2026-07-28,2049,N,VIIRS,n,2.0NRT,294.65,37.67,D
50.10595,-121.25288,357.22,0.4,0.37,2026-07-28,2049,N,VIIRS,n,2.0NRT,283.44,73.27,D
50.10699,-121.24714,356.81,0.4,0.37,2026-07-28,2049,N,VIIRS,n,2.0NRT,284.31,73.27,D
50.10799,-121.24158,343.45,0.4,0.37,2026-07-28,2049,N,VIIRS,n,2.0NRT,288.35,37.67,D
50.1026,-121.243,301.11,0.71,0.75,2026-07-29,0900,N,VIIRS,n,2.0NRT,276.8,1.53,N
50.10971,-121.24081,328.01,0.71,0.75,2026-07-29,0900,N,VIIRS,n,2.0NRT,278.87,4.55,N
49.77878,-121.39156,301.95,0.45,0.39,2026-07-29,1043,N,VIIRS,n,2.0NRT,282.09,1.33,N
49.79787,-121.42963,296.69,0.45,0.39,2026-07-29,1043,N,VIIRS,n,2.0NRT,281.08,0.82,N
49.79792,-121.37335,330.99,0.45,0.39,2026-07-29,1043,N,VIIRS,n,2.0NRT,284.37,4.22,N
49.80139,-121.37167,298.08,0.45,0.39,2026-07-29,1043,N,VIIRS,n,2.0NRT,283.97,1.64,N
49.93772,-121.29872,299.91,0.45,0.39,2026-07-29,1043,N,VIIRS,n,2.0NRT,277.55,0.97,N
49.94124,-121.29732,301.3,0.45,0.39,2026-07-29,1043,N,VIIRS,n,2.0NRT,277.66,1.1,N
50.08072,-121.24824,298.29,0.45,0.39,2026-07-29,1043,N,VIIRS,n,2.0NRT,280.16,1.57,N
50.08159,-121.2338,305.49,0.45,0.39,2026-07-29,1043,N,VIIRS,n,2.0NRT,280.41,1.16,N
50.08198,-121.25446,299.04,0.45,0.39,2026-07-29,1043,N,VIIRS,n,2.0NRT,280.3,1.39,N
50.08285,-121.24,308.67,0.45,0.39,2026-07-29,1043,N,VIIRS,n,2.0NRT,281.02,1.57,N
50.09488,-121.26189,300.41,0.45,0.39,2026-07-29,1043,N,VIIRS,n,2.0NRT,276.99,0.85,N
50.10294,-121.24546,304.7,0.45,0.39,2026-07-29,1043,N,VIIRS,n,2.0NRT,279.56,1.62,N
50.10518,-121.23774,298.15,0.45,0.39,2026-07-29,1043,N,VIIRS,n,2.0NRT,276.38,0.53,N
50.10645,-121.24406,307.53,0.45,0.39,2026-07-29,1043,N,VIIRS,n,2.0NRT,279.49,1.62,N
50.10867,-121.23625,326.25,0.45,0.39,2026-07-29,1043,N,VIIRS,n,2.0NRT,278.74,2.69,N
50.10993,-121.2425,306.98,0.45,0.39,2026-07-29,1043,N,VIIRS,n,2.0NRT,277.2,1.94,N
50.1144,-121.22699,297.88,0.45,0.39,2026-07-29,1043,N,VIIRS,n,2.0NRT,275.65,0.57,N
49.77456,-121.38796,335.34,0.57,0.43,2026-07-29,2027,N,VIIRS,n,2.0NRT,307.29,63.67,D
49.77721,-121.3951,330.9,0.57,0.43,2026-07-29,2027,N,VIIRS,n,2.0NRT,300.74,63.67,D
49.77853,-121.38931,336.15,0.57,0.43,2026-07-29,2027,N,VIIRS,n,2.0NRT,292.26,63.67,D
49.78117,-121.39642,329.29,0.57,0.43,2026-07-29,2027,N,VIIRS,n,2.0NRT,290.08,5.76,D
49.79637,-121.36712,333.39,0.56,0.43,2026-07-29,2027,N,VIIRS,n,2.0NRT,293.42,9.49,D
49.79841,-121.43329,326.04,0.57,0.43,2026-07-29,2027,N,VIIRS,n,2.0NRT,293.95,3.98,D
49.82492,-121.33503,333.88,0.56,0.43,2026-07-29,2027,N,VIIRS,n,2.0NRT,291.75,9.58,D
49.93822,-121.29644,335.62,0.56,0.43,2026-07-29,2027,N,VIIRS,n,2.0NRT,292.95,5.25,D
50.08136,-121.23495,353.88,0.55,0.43,2026-07-29,2029,N,VIIRS,n,2.0NRT,299.58,15.45,D
50.0831,-121.22716,331.73,0.55,0.43,2026-07-29,2029,N,VIIRS,n,2.0NRT,293.57,15.45,D
50.08489,-121.21914,334.99,0.55,0.43,2026-07-29,2029,N,VIIRS,n,2.0NRT,293.46,3.88,D
50.08946,-121.25519,342.84,0.55,0.43,2026-07-29,2029,N,VIIRS,n,2.0NRT,296.93,8.38,D
50.0933,-121.25683,335.74,0.55,0.43,2026-07-29,2029,N,VIIRS,n,2.0NRT,294.84,8.38,D
50.09713,-121.25854,332.18,0.55,0.43,2026-07-29,2029,N,VIIRS,n,2.0NRT,289.92,8.65,D
50.09886,-121.25072,330.38,0.55,0.43,2026-07-29,2029,N,VIIRS,n,2.0NRT,295.43,8.65,D
50.10041,-121.22485,335.86,0.55,0.43,2026-07-29,2029,N,VIIRS,n,2.0NRT,294.98,4.65,D
50.10224,-121.2522,340.77,0.55,0.43,2026-07-29,2029,N,VIIRS,n,2.0NRT,298.4,8.92,D
50.10273,-121.25222,337.27,0.55,0.43,2026-07-29,2029,N,VIIRS,n,2.0NRT,296.4,8.65,D
50.10407,-121.24415,340.11,0.55,0.43,2026-07-29,2029,N,VIIRS,n,2.0NRT,300.31,8.92,D
50.10452,-121.24413,339.59,0.55,0.43,2026-07-29,2029,N,VIIRS,n,2.0NRT,299.12,10.35,D
50.10575,-121.23675,335.1,0.55,0.43,2026-07-29,2029,N,VIIRS,n,2.0NRT,295.21,14.43,D
50.10617,-121.23672,340.38,0.55,0.43,2026-07-29,2029,N,VIIRS,n,2.0NRT,295.24,10.35,D
50.10788,-121.24593,325.42,0.55,0.43,2026-07-29,2029,N,VIIRS,n,2.0NRT,289.4,8.92,D
50.10957,-121.23846,356.28,0.55,0.43,2026-07-29,2029,N,VIIRS,n,2.0NRT,296.4,14.43,D
50.10998,-121.23846,356.3,0.55,0.43,2026-07-29,2029,N,VIIRS,n,2.0NRT,296.14,21.48,D
50.11304,-121.22318,330.63,0.55,0.43,2026-07-29,2029,N,VIIRS,n,2.0NRT,295.26,4.47,D
50.11337,-121.22314,332.48,0.55,0.43,2026-07-29,2029,N,VIIRS,n,2.0NRT,295.76,8.25,D
49.79655,-121.446,342.2,0.53,0.67,2026-07-29,2210,N,VIIRS,n,2.0NRT,296.25,9.48,D
49.79657,-121.44193,338.06,0.53,0.67,2026-07-29,2210,N,VIIRS,n,2.0NRT,294.86,11.0,D
49.79698,-121.37041,332.43,0.53,0.67,2026-07-29,2210,N,VIIRS,n,2.0NRT,292.31,7.5,D
49.79701,-121.3644,334.83,0.54,0.67,2026-07-29,2210,N,VIIRS,n,2.0NRT,292.96,8.28,D
49.7987,-121.44665,334.98,0.53,0.67,2026-07-29,2210,N,VIIRS,n,2.0NRT,294.86,5.85,D
49.79871,-121.44257,336.37,0.53,0.67,2026-07-29,2210,N,VIIRS,n,2.0NRT,294.46,5.85,D
49.79879,-121.37036,329.57,0.54,0.67,2026-07-29,2210,N,VIIRS,n,2.0NRT,292.4,7.95,D
49.93993,-121.30356,333.62,0.54,0.68,2026-07-29,2210,N,VIIRS,n,2.0NRT,290.48,15.12,D
49.93993,-121.29762,367.0,0.54,0.68,2026-07-29,2210,N,VIIRS,h,2.0NRT,298.79,38.38,D
50.09459,-121.21126,345.96,0.55,0.68,2026-07-29,2210,N,VIIRS,n,2.0NRT,289.43,6.42,D
50.09517,-121.21328,343.77,0.55,0.68,2026-07-29,2210,N,VIIRS,n,2.0NRT,289.6,5.96,D
50.09523,-121.24759,336.78,0.54,0.68,2026-07-29,2210,N,VIIRS,n,2.0NRT,296.09,10.36,D
50.10086,-121.24902,343.64,0.54,0.68,2026-07-29,2210,N,VIIRS,n,2.0NRT,294.05,7.25,D
50.10088,-121.24178,333.97,0.54,0.68,2026-07-29,2210,N,VIIRS,n,2.0NRT,296.42,14.66,D
50.1016,-121.24374,346.31,0.55,0.68,2026-07-29,2210,N,VIIRS,n,2.0NRT,297.0,6.7,D
50.10162,-121.25097,326.35,0.54,0.68,2026-07-29,2210,N,VIIRS,n,2.0NRT,292.16,6.7,D
49.77122,-121.38976,311.29,0.38,0.36,2026-07-30,1021,N,VIIRS,n,2.0NRT,277.31,2.56,N
49.77281,-121.37802,342.37,0.38,0.36,2026-07-30,1021,N,VIIRS,n,2.0NRT,281.97,5.15,N
49.77364,-121.38327,298.31,0.38,0.36,2026-07-30,1021,N,VIIRS,n,2.0NRT,278.14,2.56,N
49.77448,-121.38853,349.45,0.38,0.36,2026-07-30,1021,N,VIIRS,n,2.0NRT,281.5,2.56,N
49.77523,-121.37154,323.93,0.38,0.36,2026-07-30,1021,N,VIIRS,n,2.0NRT,282.69,2.88,N
49.77531,-121.39378,318.97,0.38,0.36,2026-07-30,1021,N,VIIRS,n,2.0NRT,276.73,2.01,N
49.77607,-121.37678,326.4,0.38,0.36,2026-07-30,1021,N,VIIRS,n,2.0NRT,283.48,2.88,N
49.77615,-121.39903,296.52,0.38,0.36,2026-07-30,1021,N,VIIRS,n,2.0NRT,273.77,2.01,N
49.7769,-121.38203,298.57,0.38,0.36,2026-07-30,1021,N,VIIRS,n,2.0NRT,279.84,1.1,N
49.77849,-121.37029,337.42,0.38,0.36,2026-07-30,1021,N,VIIRS,n,2.0NRT,285.82,2.88,N
49.77857,-121.39254,296.45,0.38,0.36,2026-07-30,1021,N,VIIRS,n,2.0NRT,275.6,0.78,N
49.77933,-121.37555,327.44,0.38,0.36,2026-07-30,1021,N,VIIRS,n,2.0NRT,284.11,2.88,N
49.77941,-121.3978,312.65,0.38,0.36,2026-07-30,1021,N,VIIRS,n,2.0NRT,275.93,0.78,N
49.78016,-121.38079,305.3,0.38,0.36,2026-07-30,1021,N,VIIRS,n,2.0NRT,281.19,1.1,N
49.78175,-121.36906,340.36,0.38,0.36,2026-07-30,1021,N,VIIRS,n,2.0NRT,286.42,2.23,N
49.78259,-121.37431,328.98,0.38,0.36,2026-07-30,1021,N,VIIRS,n,2.0NRT,285.37,2.23,N
49.78267,-121.39656,295.52,0.38,0.36,2026-07-30,1021,N,VIIRS,n,2.0NRT,276.0,0.78,N
49.78417,-121.36257,323.53,0.38,0.36,2026-07-30,1021,N,VIIRS,n,2.0NRT,282.62,2.09,N
49.78501,-121.36782,312.79,0.38,0.36,2026-07-30,1021,N,VIIRS,n,2.0NRT,284.83,2.23,N
49.78584,-121.37308,302.76,0.38,0.36,2026-07-30,1021,N,VIIRS,n,2.0NRT,283.65,2.23,N
49.78593,-121.39533,297.56,0.38,0.36,2026-07-30,1021,N,VIIRS,n,2.0NRT,276.94,0.93,N
49.78659,-121.35607,303.21,0.38,0.36,2026-07-30,1021,N,VIIRS,n,2.0NRT,280.85,1.39,N
49.78743,-121.36133,318.91,0.38,0.36,2026-07-30,1021,N,VIIRS,n,2.0NRT,284.94,1.39,N
49.78827,-121.36658,310.5,0.38,0.36,2026-07-30,1021,N,VIIRS,n,2.0NRT,285.79,2.12,N
49.7891,-121.37183,331.46,0.38,0.36,2026-07-30,1021,N,VIIRS,n,2.0NRT,289.09,2.12,N
49.78985,-121.35484,314.04,0.38,0.36,2026-07-30,1021,N,VIIRS,n,2.0NRT,281.74,1.39,N
49.78994,-121.37709,328.57,0.38,0.36,2026-07-30,1021,N,VIIRS,n,2.0NRT,283.56,3.15,N
49.79069,-121.36008,316.94,0.38,0.36,2026-07-30,1021,N,VIIRS,n,2.0NRT,284.36,1.39,N
49.79153,-121.36534,309.85,0.38,0.36,2026-07-30,1021,N,VIIRS,n,2.0NRT,285.24,2.12,N
49.79161,-121.3876,297.29,0.38,0.36,2026-07-30,1021,N,VIIRS,n,2.0NRT,281.62,0.78,N
49.79236,-121.37061,303.99,0.38,0.36,2026-07-30,1021,N,VIIRS,n,2.0NRT,284.42,2.12,N
49.7932,-121.37585,301.96,0.38,0.36,2026-07-30,1021,N,VIIRS,n,2.0NRT,282.71,3.15,N
49.79395,-121.35886,338.38,0.38,0.36,2026-07-30,1021,N,VIIRS,n,2.0NRT,286.5,3.06,N
49.79478,-121.3641,308.81,0.38,0.36,2026-07-30,1021,N,VIIRS,n,2.0NRT,284.8,1.55,N
49.79562,-121.36936,307.75,0.38,0.36,2026-07-30,1021,N,VIIRS,n,2.0NRT,284.36,1.55,N
49.79584,-121.43609,346.01,0.38,0.36,2026-07-30,1021,N,VIIRS,n,2.0NRT,277.36,5.89,N
49.79646,-121.37462,338.11,0.38,0.36,2026-07-30,1021,N,VIIRS,n,2.0NRT,286.78,4.7,N
49.79668,-121.44137,334.29,0.38,0.36,2026-07-30,1021,N,VIIRS,n,2.0NRT,276.39,4.18,N
49.79721,-121.35761,323.28,0.38,0.36,2026-07-30,1021,N,VIIRS,n,2.0NRT,284.02,3.06,N
49.79804,-121.36287,315.69,0.38,0.36,2026-07-30,1021,N,VIIRS,n,2.0NRT,287.12,1.55,N
49.79826,-121.4296,309.31,0.38,0.36,2026-07-30,1021,N,VIIRS,n,2.0NRT,275.8,1.02,N
49.7991,-121.43486,310.68,0.38,0.36,2026-07-30,1021,N,VIIRS,n,2.0NRT,275.69,1.02,N
49.79923,-121.47932,309.37,0.38,0.36,2026-07-30,1021,N,VIIRS,n,2.0NRT,270.95,1.02,N
49.80046,-121.35638,333.96,0.38,0.36,2026-07-30,1021,N,VIIRS,n,2.0NRT,286.14,3.68,N
49.8013,-121.36163,303.83,0.38,0.36,2026-07-30,1021,N,VIIRS,n,2.0NRT,284.92,1.21,N
49.80937,-121.34742,340.45,0.38,0.36,2026-07-30,1021,N,VIIRS,n,2.0NRT,282.79,4.7,N
49.81262,-121.34618,313.17,0.38,0.36,2026-07-30,1021,N,VIIRS,n,2.0NRT,282.67,1.66,N
49.81588,-121.34495,308.31,0.38,0.36,2026-07-30,1021,N,VIIRS,n,2.0NRT,281.71,1.66,N
49.81671,-121.3502,325.34,0.38,0.36,2026-07-30,1021,N,VIIRS,n,2.0NRT,284.93,1.66,N
49.81829,-121.33846,307.35,0.38,0.36,2026-07-30,1021,N,VIIRS,n,2.0NRT,281.25,1.44,N
49.81913,-121.34372,323.28,0.38,0.36,2026-07-30,1021,N,VIIRS,n,2.0NRT,282.11,1.42,N
49.82238,-121.34248,297.42,0.38,0.36,2026-07-30,1021,N,VIIRS,n,2.0NRT,280.26,1.42,N
49.82275,-121.33009,303.9,0.38,0.36,2026-07-30,1021,N,VIIRS,n,2.0NRT,280.32,1.54,N
49.82359,-121.33533,296.36,0.38,0.36,2026-07-30,1021,N,VIIRS,n,2.0NRT,279.74,1.5,N
49.82601,-121.32884,329.15,0.38,0.36,2026-07-30,1021,N,VIIRS,n,2.0NRT,282.34,1.54,N
49.82685,-121.33409,312.14,0.38,0.36,2026-07-30,1021,N,VIIRS,n,2.0NRT,281.72,1.5,N
49.83011,-121.33285,297.04,0.38,0.36,2026-07-30,1021,N,VIIRS,n,2.0NRT,278.46,0.99,N
49.83768,-121.52615,303.54,0.38,0.36,2026-07-30,1021,N,VIIRS,n,2.0NRT,273.52,1.14,N
49.84254,-121.51321,297.69,0.38,0.36,2026-07-30,1021,N,VIIRS,n,2.0NRT,277.6,0.62,N
49.92036,-121.53275,344.77,0.38,0.36,2026-07-30,1021,N,VIIRS,n,2.0NRT,285.31,9.35,N
49.93749,-121.29531,324.21,0.38,0.36,2026-07-30,1021,N,VIIRS,n,2.0NRT,254.36,1.79,N
49.93832,-121.30058,309.27,0.38,0.36,2026-07-30,1021,N,VIIRS,n,2.0NRT,252.65,1.79,N
49.93992,-121.2888,297.92,0.38,0.36,2026-07-30,1021,N,VIIRS,n,2.0NRT,258.02,0.85,N
49.94075,-121.29407,344.23,0.38,0.36,2026-07-30,1021,N,VIIRS,n,2.0NRT,256.36,2.09,N
49.94158,-121.29934,317.24,0.38,0.36,2026-07-30,1021,N,VIIRS,n,2.0NRT,254.58,2.09,N
49.944,-121.29282,296.53,0.38,0.36,2026-07-30,1021,N,VIIRS,n,2.0NRT,250.97,2.09,N
49.94892,-121.30211,298.23,0.38,0.36,2026-07-30,1021,N,VIIRS,n,2.0NRT,253.8,1.12,N
49.94975,-121.30738,319.37,0.38,0.36,2026-07-30,1021,N,VIIRS,n,2.0NRT,261.84,1.12,N
49.953,-121.30614,304.09,0.38,0.36,2026-07-30,1021,N,VIIRS,n,2.0NRT,263.48,1.12,N
50.08028,-121.24522,304.84,0.38,0.36,2026-07-30,1021,N,VIIRS,n,2.0NRT,266.85,0.94,N
50.08112,-121.2505,301.57,0.38,0.36,2026-07-30,1021,N,VIIRS,n,2.0NRT,268.7,0.94,N
50.08186,-121.23338,296.35,0.38,0.36,2026-07-30,1021,N,VIIRS,n,2.0NRT,268.6,1.07,N
50.08196,-121.25579,301.52,0.38,0.36,2026-07-30,1021,N,VIIRS,n,2.0NRT,269.07,1.44,N
50.0827,-121.23867,308.9,0.38,0.36,2026-07-30,1021,N,VIIRS,n,2.0NRT,270.23,1.07,N
50.08354,-121.24396,326.67,0.38,0.36,2026-07-30,1021,N,VIIRS,n,2.0NRT,270.37,3.07,N
50.08427,-121.22684,299.22,0.38,0.36,2026-07-30,1021,N,VIIRS,n,2.0NRT,270.38,1.23,N
50.08669,-121.2203,305.43,0.38,0.36,2026-07-30,1021,N,VIIRS,n,2.0NRT,273.99,1.56,N
50.09174,-121.25203,330.08,0.38,0.36,2026-07-30,1021,N,VIIRS,n,2.0NRT,267.64,2.66,N
50.09258,-121.25732,297.95,0.38,0.36,2026-07-30,1021,N,VIIRS,n,2.0NRT,264.75,2.66,N
50.09562,-121.21126,305.26,0.38,0.36,2026-07-30,1021,N,VIIRS,n,2.0NRT,274.11,0.9,N
50.09583,-121.25607,337.07,0.38,0.36,2026-07-30,1021,N,VIIRS,n,2.0NRT,269.15,2.66,N
50.09668,-121.26136,319.44,0.38,0.36,2026-07-30,1021,N,VIIRS,n,2.0NRT,266.79,2.63,N
50.09825,-121.24953,300.09,0.38,0.36,2026-07-30,1021,N,VIIRS,n,2.0NRT,272.2,2.19,N
50.09909,-121.25482,333.13,0.38,0.36,2026-07-30,1021,N,VIIRS,n,2.0NRT,276.05,2.19,N
50.11044,-121.23923,296.88,0.38,0.36,2026-07-30,1021,N,VIIRS,n,2.0NRT,265.41,0.6,N
49.7713,-121.38367,347.14,0.58,0.52,2026-07-30,2010,N,VIIRS,n,2.0NRT,298.47,13.02,D
49.77237,-121.38412,350.35,0.58,0.52,2026-07-30,2010,N,VIIRS,n,2.0NRT,299.13,25.55,D
49.77311,-121.39635,334.62,0.58,0.52,2026-07-30,2010,N,VIIRS,n,2.0NRT,289.05,9.62,D
49.77338,-121.37622,349.53,0.58,0.52,2026-07-30,2010,N,VIIRS,n,2.0NRT,296.7,13.02,D
49.77428,-121.39655,332.35,0.58,0.52,2026-07-30,2010,N,VIIRS,n,2.0NRT,288.65,5.14,D
49.77433,-121.37695,352.54,0.58,0.52,2026-07-30,2010,N,VIIRS,n,2.0NRT,295.56,23.62,D
49.77563,-121.36812,367.0,0.58,0.52,2026-07-30,2010,N,VIIRS,h,2.0NRT,296.91,12.39,D
49.77605,-121.38575,332.33,0.58,0.52,2026-07-30,2010,N,VIIRS,n,2.0NRT,289.41,13.02,D
49.77655,-121.36881,367.0,0.58,0.52,2026-07-30,2010,N,VIIRS,h,2.0NRT,297.75,23.62,D
49.77807,-121.39769,334.81,0.58,0.52,2026-07-30,2010,N,VIIRS,n,2.0NRT,289.02,10.31,D
49.77921,-121.39796,332.54,0.58,0.52,2026-07-30,2010,N,VIIRS,n,2.0NRT,287.45,4.48,D
49.77977,-121.37237,332.84,0.58,0.52,2026-07-30,2010,N,VIIRS,n,2.0NRT,293.43,12.39,D
49.78226,-121.36346,325.56,0.58,0.52,2026-07-30,2010,N,VIIRS,n,2.0NRT,292.99,12.39,D
49.78406,-121.39962,331.33,0.58,0.52,2026-07-30,2010,N,VIIRS,n,2.0NRT,287.92,4.48,D
49.78482,-121.35426,346.01,0.58,0.52,2026-07-30,2010,N,VIIRS,n,2.0NRT,292.69,9.17,D
49.78566,-121.35481,345.84,0.58,0.52,2026-07-30,2010,N,VIIRS,n,2.0NRT,292.82,16.3,D
49.79874,-121.47702,334.73,0.59,0.53,2026-07-30,2010,N,VIIRS,n,2.0NRT,292.22,8.65,D
49.80229,-121.48349,348.55,0.59,0.53,2026-07-30,2010,N,VIIRS,n,2.0NRT,290.85,8.65,D
49.80756,-121.34897,327.97,0.58,0.52,2026-07-30,2010,N,VIIRS,n,2.0NRT,292.17,5.55,D
49.81222,-121.35133,338.33,0.58,0.52,2026-07-30,2010,N,VIIRS,n,2.0NRT,292.91,12.23,D
49.81431,-121.34376,330.84,0.58,0.52,2026-07-30,2010,N,VIIRS,n,2.0NRT,290.98,12.23,D
49.82143,-121.3372,342.3,0.58,0.52,2026-07-30,2010,N,VIIRS,n,2.0NRT,295.35,10.58,D
49.82331,-121.33039,344.73,0.58,0.52,2026-07-30,2010,N,VIIRS,n,2.0NRT,292.48,10.58,D
49.82635,-121.33858,354.56,0.58,0.52,2026-07-30,2010,N,VIIRS,n,2.0NRT,293.14,22.87,D
49.82859,-121.33048,328.04,0.58,0.52,2026-07-30,2010,N,VIIRS,n,2.0NRT,289.21,22.87,D
49.91973,-121.53339,341.7,0.58,0.52,2026-07-30,2010,N,VIIRS,n,2.0NRT,291.68,7.57,D
49.92426,-121.53632,339.67,0.58,0.52,2026-07-30,2010,N,VIIRS,n,2.0NRT,287.12,7.57,D
49.93875,-121.29131,340.92,0.57,0.52,2026-07-30,2010,N,VIIRS,n,2.0NRT,291.16,12.31,D
50.09066,-121.25547,342.05,0.56,0.52,2026-07-30,2010,N,VIIRS,n,2.0NRT,297.58,6.77,D
50.0953,-121.25764,342.13,0.56,0.52,2026-07-30,2010,N,VIIRS,n,2.0NRT,293.78,6.77,D
50.09749,-121.24963,325.25,0.56,0.52,2026-07-30,2010,N,VIIRS,l,2.0NRT,299.64,6.77,D
50.09803,-121.26685,332.69,0.56,0.52,2026-07-30,2010,N,VIIRS,n,2.0NRT,290.03,3.38,D
50.09987,-121.26008,340.73,0.56,0.52,2026-07-30,2010,N,VIIRS,n,2.0NRT,291.01,21.18,D
50.10227,-121.25127,344.27,0.56,0.52,2026-07-30,2010,N,VIIRS,n,2.0NRT,302.38,21.18,D
50.11119,-121.2377,327.32,0.56,0.52,2026-07-30,2010,N,VIIRS,n,2.0NRT,291.56,8.64,D
49.7708,-121.37392,367.0,0.33,0.55,2026-07-30,2150,N,VIIRS,h,2.0NRT,314.55,69.56,D
49.77096,-121.3701,367.0,0.33,0.55,2026-07-30,2150,N,VIIRS,h,2.0NRT,305.35,44.75,D
49.77601,-121.37316,367.0,0.33,0.55,2026-07-30,2150,N,VIIRS,h,2.0NRT,299.8,69.56,D
49.77618,-121.369,367.0,0.33,0.55,2026-07-30,2150,N,VIIRS,h,2.0NRT,303.61,44.75,D
49.78022,-121.39604,354.77,0.33,0.55,2026-07-30,2150,N,VIIRS,n,2.0NRT,295.08,9.24,D
49.78102,-121.37708,367.0,0.33,0.55,2026-07-30,2150,N,VIIRS,h,2.0NRT,300.15,19.07,D
49.78154,-121.36475,353.76,0.33,0.55,2026-07-30,2150,N,VIIRS,n,2.0NRT,297.8,27.57,D
49.78185,-121.35734,367.0,0.33,0.55,2026-07-30,2150,N,VIIRS,h,2.0NRT,300.22,39.57,D
49.78529,-121.39843,356.84,0.33,0.55,2026-07-30,2150,N,VIIRS,l,2.0NRT,287.84,9.24,D
49.78687,-121.36124,349.75,0.33,0.55,2026-07-30,2150,N,VIIRS,n,2.0NRT,286.38,39.57,D
49.78703,-121.35725,356.83,0.33,0.55,2026-07-30,2150,N,VIIRS,l,2.0NRT,286.87,39.57,D
49.78721,-121.3531,352.76,0.33,0.55,2026-07-30,2150,N,VIIRS,n,2.0NRT,288.54,16.92,D
49.79354,-121.44692,330.38,0.33,0.55,2026-07-30,2150,N,VIIRS,n,2.0NRT,298.17,3.56,D
49.79366,-121.44414,329.42,0.33,0.55,2026-07-30,2150,N,VIIRS,n,2.0NRT,295.38,4.63,D
49.79378,-121.44131,336.28,0.33,0.55,2026-07-30,2150,N,VIIRS,n,2.0NRT,293.89,4.63,D
49.7939,-121.43863,367.0,0.33,0.55,2026-07-30,2150,N,VIIRS,h,2.0NRT,301.12,12.96,D
49.79431,-121.42893,351.15,0.33,0.55,2026-07-30,2150,N,VIIRS,n,2.0NRT,293.28,5.04,D
49.79773,-121.34949,338.29,0.33,0.55,2026-07-30,2150,N,VIIRS,n,2.0NRT,271.09,3.2,D
49.79948,-121.42885,326.32,0.33,0.55,2026-07-30,2150,N,VIIRS,n,2.0NRT,282.99,2.54,D
49.82978,-121.32749,333.19,0.33,0.55,2026-07-30,2150,N,VIIRS,n,2.0NRT,269.91,2.23,D
49.93586,-121.30141,331.28,0.33,0.55,2026-07-30,2150,N,VIIRS,n,2.0NRT,292.94,4.96,D
49.93602,-121.29755,351.95,0.33,0.55,2026-07-30,2150,N,VIIRS,n,2.0NRT,302.52,16.22,D
49.93616,-121.29445,367.0,0.33,0.55,2026-07-30,2150,N,VIIRS,h,2.0NRT,294.91,16.22,D
49.93628,-121.29137,330.11,0.33,0.55,2026-07-30,2150,N,VIIRS,n,2.0NRT,287.94,5.8,D
49.94104,-121.30173,334.46,0.33,0.55,2026-07-30,2150,N,VIIRS,n,2.0NRT,291.02,6.27,D
49.94119,-121.29822,367.0,0.33,0.55,2026-07-30,2150,N,VIIRS,h,2.0NRT,296.12,12.29,D
49.94133,-121.29497,367.0,0.33,0.55,2026-07-30,2150,N,VIIRS,h,2.0NRT,299.19,12.29,D
49.94147,-121.29173,341.44,0.33,0.55,2026-07-30,2150,N,VIIRS,n,2.0NRT,290.43,11.48,D
49.95121,-121.30701,354.54,0.33,0.55,2026-07-30,2150,N,VIIRS,n,2.0NRT,290.76,11.89,D
49.95137,-121.30319,367.0,0.33,0.55,2026-07-30,2150,N,VIIRS,h,2.0NRT,297.62,11.89,D
49.95181,-121.30479,367.0,0.33,0.55,2026-07-30,2150,N,VIIRS,h,2.0NRT,300.52,23.55,D
50.09669,-121.21385,338.24,0.34,0.56,2026-07-30,2150,N,VIIRS,n,2.0NRT,291.67,3.37,D
50.09689,-121.20895,351.15,0.34,0.56,2026-07-30,2150,N,VIIRS,n,2.0NRT,291.25,3.37,D
50.11169,-121.23034,354.51,0.34,0.56,2026-07-30,2150,N,VIIRS,n,2.0NRT,294.04,4.6,D
50.11187,-121.22594,338.14,0.34,0.56,2026-07-30,2150,N,VIIRS,n,2.0NRT,295.22,8.06,D
50.11687,-121.23141,333.37,0.34,0.56,2026-07-30,2150,N,VIIRS,n,2.0NRT,290.01,4.6,D
49.76712,-121.38741,297.23,0.46,0.39,2026-07-31,1004,N,VIIRS,n,2.0NRT,284.77,5.21,N
49.76776,-121.39287,324.35,0.46,0.39,2026-07-31,1004,N,VIIRS,n,2.0NRT,284.76,5.21,N
49.76924,-121.37363,338.09,0.46,0.39,2026-07-31,1004,N,VIIRS,n,2.0NRT,287.39,6.14,N
49.77005,-121.38071,335.87,0.46,0.39,2026-07-31,1004,N,VIIRS,n,2.0NRT,287.91,6.14,N
49.77073,-121.38663,325.09,0.46,0.39,2026-07-31,1004,N,VIIRS,n,2.0NRT,288.89,5.21,N
49.77136,-121.39202,346.58,0.46,0.39,2026-07-31,1004,N,VIIRS,n,2.0NRT,293.98,5.21,N
49.77198,-121.39729,327.57,0.46,0.39,2026-07-31,1004,N,VIIRS,n,2.0NRT,287.49,3.44,N
49.77208,-121.36625,345.86,0.46,0.39,2026-07-31,1004,N,VIIRS,n,2.0NRT,290.61,9.0,N
49.77262,-121.40284,295.67,0.46,0.39,2026-07-31,1004,N,VIIRS,n,2.0NRT,283.03,3.44,N
49.77285,-121.37294,325.95,0.46,0.39,2026-07-31,1004,N,VIIRS,n,2.0NRT,288.18,2.52,N
49.77555,-121.3962,300.47,0.46,0.39,2026-07-31,1004,N,VIIRS,n,2.0NRT,286.11,1.63,N
49.77571,-121.36563,342.46,0.46,0.39,2026-07-31,1004,N,VIIRS,n,2.0NRT,289.95,9.0,N
49.77618,-121.40163,314.6,0.46,0.39,2026-07-31,1004,N,VIIRS,n,2.0NRT,285.74,1.63,N
49.77648,-121.3723,299.52,0.46,0.39,2026-07-31,1004,N,VIIRS,n,2.0NRT,286.02,2.52,N
49.77932,-121.36485,312.25,0.46,0.39,2026-07-31,1004,N,VIIRS,n,2.0NRT,286.57,1.17,N
49.77976,-121.40049,322.29,0.46,0.39,2026-07-31,1004,N,VIIRS,n,2.0NRT,286.81,1.63,N
49.78289,-121.36368,298.84,0.46,0.39,2026-07-31,1004,N,VIIRS,n,2.0NRT,285.57,1.17,N
49.78334,-121.39951,317.86,0.46,0.39,2026-07-31,1004,N,VIIRS,n,2.0NRT,285.86,2.44,N
49.78365,-121.43443,309.58,0.46,0.39,2026-07-31,1004,N,VIIRS,n,2.0NRT,283.78,1.63,N
49.784,-121.40511,295.9,0.46,0.39,2026-07-31,1004,N,VIIRS,n,2.0NRT,282.26,0.67,N
49.78445,-121.37726,298.89,0.46,0.39,2026-07-31,1004,N,VIIRS,n,2.0NRT,286.78,1.24,N
49.78567,-121.35576,329.02,0.46,0.39,2026-07-31,1004,N,VIIRS,n,2.0NRT,288.29,1.75,N
49.78646,-121.3626,305.59,0.46,0.39,2026-07-31,1004,N,VIIRS,n,2.0NRT,285.85,1.75,N
49.78717,-121.43282,337.49,0.46,0.39,2026-07-31,1004,N,VIIRS,n,2.0NRT,288.99,2.0,N
49.78757,-121.40401,303.19,0.46,0.39,2026-07-31,1004,N,VIIRS,n,2.0NRT,283.05,0.67,N
49.78774,-121.34175,347.18,0.46,0.39,2026-07-31,1004,N,VIIRS,n,2.0NRT,290.11,7.6,N
49.78811,-121.44102,296.84,0.46,0.39,2026-07-31,1004,N,VIIRS,n,2.0NRT,284.83,2.0,N
49.78851,-121.3484,336.05,0.46,0.39,2026-07-31,1004,N,VIIRS,n,2.0NRT,288.73,7.6,N
49.78926,-121.35483,306.85,0.46,0.39,2026-07-31,1004,N,VIIRS,n,2.0NRT,286.86,1.75,N
49.78992,-121.42447,295.99,0.46,0.39,2026-07-31,1004,N,VIIRS,n,2.0NRT,283.4,0.67,N
49.79076,-121.43173,309.61,0.46,0.39,2026-07-31,1004,N,VIIRS,n,2.0NRT,286.11,2.0,N
49.79116,-121.40301,309.89,0.46,0.39,2026-07-31,1004,N,VIIRS,n,2.0NRT,283.4,1.49,N
49.79135,-121.34099,319.88,0.46,0.39,2026-07-31,1004,N,VIIRS,n,2.0NRT,288.02,2.57,N
49.79166,-121.43964,315.94,0.46,0.39,2026-07-31,1004,N,VIIRS,n,2.0NRT,287.0,2.0,N
49.79185,-121.40899,309.14,0.46,0.39,2026-07-31,1004,N,VIIRS,n,2.0NRT,283.76,1.49,N
49.79211,-121.3475,313.58,0.46,0.39,2026-07-31,1004,N,VIIRS,n,2.0NRT,289.33,2.57,N
49.7926,-121.44795,304.19,0.46,0.39,2026-07-31,1004,N,VIIRS,n,2.0NRT,287.42,1.99,N
49.79284,-121.35384,307.07,0.46,0.39,2026-07-31,1004,N,VIIRS,n,2.0NRT,287.55,1.5,N
49.79351,-121.42347,320.17,0.46,0.39,2026-07-31,1004,N,VIIRS,n,2.0NRT,287.3,1.82,N
49.79436,-121.43087,311.23,0.46,0.39,2026-07-31,1004,N,VIIRS,n,2.0NRT,286.39,2.39,N
49.79495,-121.34017,330.89,0.46,0.39,2026-07-31,1004,N,VIIRS,n,2.0NRT,289.19,2.57,N
49.7957,-121.34659,316.3,0.46,0.39,2026-07-31,1004,N,VIIRS,n,2.0NRT,290.19,2.57,N
49.7962,-121.41464,310.46,0.46,0.39,2026-07-31,1004,N,VIIRS,n,2.0NRT,284.9,1.82,N
49.79641,-121.35269,306.55,0.46,0.39,2026-07-31,1004,N,VIIRS,n,2.0NRT,287.67,1.5,N
49.7971,-121.42243,311.2,0.46,0.39,2026-07-31,1004,N,VIIRS,n,2.0NRT,287.07,1.82,N
49.79854,-121.33919,322.26,0.46,0.39,2026-07-31,1004,N,VIIRS,n,2.0NRT,290.02,2.01,N
49.79926,-121.34541,304.21,0.46,0.39,2026-07-31,1004,N,VIIRS,n,2.0NRT,288.39,2.01,N
49.79978,-121.41348,302.54,0.46,0.39,2026-07-31,1004,N,VIIRS,n,2.0NRT,283.85,0.86,N
49.79996,-121.35141,314.48,0.46,0.39,2026-07-31,1004,N,VIIRS,n,2.0NRT,287.54,1.62,N
49.80014,-121.48098,304.1,0.46,0.39,2026-07-31,1004,N,VIIRS,n,2.0NRT,284.25,0.96,N
49.80072,-121.48605,302.2,0.46,0.39,2026-07-31,1004,N,VIIRS,n,2.0NRT,283.87,0.96,N
49.80072,-121.35794,304.01,0.46,0.39,2026-07-31,1004,N,VIIRS,n,2.0NRT,286.04,1.62,N
49.80132,-121.33129,331.93,0.46,0.39,2026-07-31,1004,N,VIIRS,n,2.0NRT,288.08,6.85,N
49.80211,-121.33813,321.98,0.46,0.39,2026-07-31,1004,N,VIIRS,n,2.0NRT,290.01,2.01,N
49.80281,-121.34418,310.5,0.46,0.39,2026-07-31,1004,N,VIIRS,n,2.0NRT,289.33,2.01,N
49.8035,-121.3501,324.82,0.46,0.39,2026-07-31,1004,N,VIIRS,n,2.0NRT,290.07,1.62,N
49.80424,-121.3564,298.66,0.46,0.39,2026-07-31,1004,N,VIIRS,n,2.0NRT,284.64,1.62,N
49.8049,-121.33036,314.97,0.46,0.39,2026-07-31,1004,N,VIIRS,n,2.0NRT,286.81,1.82,N
49.80568,-121.337,312.33,0.46,0.39,2026-07-31,1004,N,VIIRS,n,2.0NRT,288.22,2.47,N
49.80638,-121.34305,322.66,0.46,0.39,2026-07-31,1004,N,VIIRS,n,2.0NRT,290.12,2.47,N
49.80706,-121.34892,313.78,0.46,0.39,2026-07-31,1004,N,VIIRS,n,2.0NRT,288.17,1.77,N
49.80767,-121.3225,298.83,0.46,0.39,2026-07-31,1004,N,VIIRS,n,2.0NRT,284.6,1.82,N
49.80781,-121.3553,324.52,0.46,0.39,2026-07-31,1004,N,VIIRS,n,2.0NRT,286.55,1.77,N
49.80848,-121.32935,321.84,0.46,0.39,2026-07-31,1004,N,VIIRS,n,2.0NRT,289.0,1.82,N
49.80925,-121.33594,320.28,0.46,0.39,2026-07-31,1004,N,VIIRS,n,2.0NRT,290.28,2.47,N
49.80995,-121.3419,322.61,0.46,0.39,2026-07-31,1004,N,VIIRS,n,2.0NRT,290.26,2.47,N
49.81063,-121.34776,312.27,0.46,0.39,2026-07-31,1004,N,VIIRS,n,2.0NRT,287.69,1.77,N
49.81124,-121.32143,332.97,0.46,0.39,2026-07-31,1004,N,VIIRS,n,2.0NRT,288.58,3.43,N
49.81137,-121.35413,296.49,0.46,0.39,2026-07-31,1004,N,VIIRS,n,2.0NRT,284.16,1.77,N
49.81205,-121.32829,326.96,0.46,0.39,2026-07-31,1004,N,VIIRS,n,2.0NRT,289.9,3.43,N
49.81281,-121.33473,328.36,0.46,0.39,2026-07-31,1004,N,VIIRS,n,2.0NRT,291.24,3.59,N
49.8135,-121.34064,320.43,0.46,0.39,2026-07-31,1004,N,VIIRS,n,2.0NRT,288.77,3.59,N
49.81403,-121.31363,317.57,0.46,0.39,2026-07-31,1004,N,VIIRS,n,2.0NRT,286.56,3.07,N
49.81418,-121.3465,319.03,0.46,0.39,2026-07-31,1004,N,VIIRS,n,2.0NRT,288.01,2.36,N
49.81483,-121.32047,316.28,0.46,0.39,2026-07-31,1004,N,VIIRS,n,2.0NRT,288.98,3.43,N
49.81562,-121.32723,328.3,0.46,0.39,2026-07-31,1004,N,VIIRS,n,2.0NRT,291.13,3.43,N
49.81634,-121.33333,338.57,0.46,0.39,2026-07-31,1004,N,VIIRS,n,2.0NRT,293.92,3.59,N
49.81686,-121.30634,320.5,0.46,0.39,2026-07-31,1004,N,VIIRS,n,2.0NRT,286.7,3.75,N
49.81702,-121.33917,319.2,0.46,0.39,2026-07-31,1004,N,VIIRS,n,2.0NRT,288.38,3.59,N
49.81765,-121.31303,332.9,0.46,0.39,2026-07-31,1004,N,VIIRS,n,2.0NRT,290.73,3.75,N
49.81772,-121.34517,308.99,0.46,0.39,2026-07-31,1004,N,VIIRS,n,2.0NRT,286.79,2.36,N
49.81844,-121.31979,325.63,0.46,0.39,2026-07-31,1004,N,VIIRS,n,2.0NRT,290.03,5.57,N
49.81919,-121.32611,339.34,0.46,0.39,2026-07-31,1004,N,VIIRS,n,2.0NRT,293.39,5.57,N
49.81964,-121.29855,325.82,0.46,0.39,2026-07-31,1004,N,VIIRS,n,2.0NRT,285.82,3.61,N
49.81988,-121.332,330.87,0.46,0.39,2026-07-31,1004,N,VIIRS,n,2.0NRT,292.66,2.27,N
49.82047,-121.30554,328.38,0.46,0.39,2026-07-31,1004,N,VIIRS,n,2.0NRT,290.4,3.75,N
49.82054,-121.33762,312.03,0.46,0.39,2026-07-31,1004,N,VIIRS,n,2.0NRT,288.44,2.27,N
49.82125,-121.34372,300.91,0.46,0.39,2026-07-31,1004,N,VIIRS,n,2.0NRT,283.93,1.47,N
49.82125,-121.31219,331.71,0.46,0.39,2026-07-31,1004,N,VIIRS,n,2.0NRT,291.15,3.75,N
49.82175,-121.50744,298.12,0.46,0.39,2026-07-31,1004,N,VIIRS,n,2.0NRT,282.53,0.85,N
49.82201,-121.31868,341.63,0.46,0.39,2026-07-31,1004,N,VIIRS,n,2.0NRT,293.7,5.57,N
49.82242,-121.29079,316.61,0.46,0.39,2026-07-31,1004,N,VIIRS,n,2.0NRT,284.72,4.38,N
49.82273,-121.32478,340.09,0.46,0.39,2026-07-31,1004,N,VIIRS,n,2.0NRT,294.12,5.57,N
49.82324,-121.29771,321.06,0.46,0.39,2026-07-31,1004,N,VIIRS,n,2.0NRT,289.03,4.38,N
49.82339,-121.33046,311.11,0.46,0.39,2026-07-31,1004,N,VIIRS,n,2.0NRT,289.32,2.27,N
49.82404,-121.30457,336.55,0.46,0.39,2026-07-31,1004,N,VIIRS,n,2.0NRT,292.2,8.37,N
49.82407,-121.33622,305.28,0.46,0.39,2026-07-31,1004,N,VIIRS,n,2.0NRT,287.17,2.27,N
49.82481,-121.31107,349.55,0.46,0.39,2026-07-31,1004,N,VIIRS,n,2.0NRT,296.48,8.37,N
49.82519,-121.28299,330.65,0.46,0.39,2026-07-31,1004,N,VIIRS,n,2.0NRT,287.14,5.75,N
49.82554,-121.31728,345.13,0.46,0.39,2026-07-31,1004,N,VIIRS,n,2.0NRT,294.82,5.13,N
49.82605,-121.29029,338.98,0.46,0.39,2026-07-31,1004,N,VIIRS,n,2.0NRT,291.29,4.38,N
49.82623,-121.32312,313.35,0.46,0.39,2026-07-31,1004,N,VIIRS,n,2.0NRT,288.56,5.13,N
49.82686,-121.29713,325.86,0.46,0.39,2026-07-31,1004,N,VIIRS,n,2.0NRT,290.11,4.38,N
49.8269,-121.32883,309.16,0.46,0.39,2026-07-31,1004,N,VIIRS,n,2.0NRT,286.5,2.4,N
49.82762,-121.30356,346.02,0.46,0.39,2026-07-31,1004,N,VIIRS,n,2.0NRT,294.63,8.37,N
49.82836,-121.3098,367.0,0.46,0.39,2026-07-31,1004,N,VIIRS,h,2.0NRT,299.88,8.37,N
49.82877,-121.28206,327.04,0.46,0.39,2026-07-31,1004,N,VIIRS,n,2.0NRT,289.73,4.85,N
49.82906,-121.31579,346.97,0.46,0.39,2026-07-31,1004,N,VIIRS,n,2.0NRT,295.17,5.13,N
49.82967,-121.28961,328.89,0.46,0.39,2026-07-31,1004,N,VIIRS,n,2.0NRT,291.1,4.88,N
49.82974,-121.32158,317.5,0.46,0.39,2026-07-31,1004,N,VIIRS,n,2.0NRT,287.99,5.13,N
49.83041,-121.32726,331.87,0.46,0.39,2026-07-31,1004,N,VIIRS,n,2.0NRT,288.98,2.4,N
49.83044,-121.29617,345.72,0.46,0.39,2026-07-31,1004,N,VIIRS,n,2.0NRT,294.74,4.88,N
49.83112,-121.33334,302.08,0.46,0.39,2026-07-31,1004,N,VIIRS,n,2.0NRT,283.28,2.4,N
49.83116,-121.30223,349.87,0.46,0.39,2026-07-31,1004,N,VIIRS,n,2.0NRT,295.27,5.47,N
49.83186,-121.30817,328.24,0.46,0.39,2026-07-31,1004,N,VIIRS,n,2.0NRT,291.27,5.47,N
49.83235,-121.28111,333.94,0.46,0.39,2026-07-31,1004,N,VIIRS,n,2.0NRT,292.33,4.85,N
49.83256,-121.31415,326.2,0.46,0.39,2026-07-31,1004,N,VIIRS,n,2.0NRT,289.92,4.27,N
49.83324,-121.28859,326.74,0.46,0.39,2026-07-31,1004,N,VIIRS,n,2.0NRT,290.84,4.88,N
49.83325,-121.32003,326.55,0.46,0.39,2026-07-31,1004,N,VIIRS,n,2.0NRT,289.68,4.27,N
49.83395,-121.32594,339.17,0.46,0.39,2026-07-31,1004,N,VIIRS,n,2.0NRT,290.79,3.38,N
49.83398,-121.29485,333.88,0.46,0.39,2026-07-31,1004,N,VIIRS,n,2.0NRT,293.93,4.88,N
49.83465,-121.30055,327.77,0.46,0.39,2026-07-31,1004,N,VIIRS,n,2.0NRT,292.89,5.47,N
49.83467,-121.33211,296.12,0.46,0.39,2026-07-31,1004,N,VIIRS,n,2.0NRT,282.65,3.38,N
49.835,-121.27242,340.72,0.46,0.39,2026-07-31,1004,N,VIIRS,n,2.0NRT,290.37,11.65,N
49.83534,-121.30637,335.84,0.46,0.39,2026-07-31,1004,N,VIIRS,n,2.0NRT,291.25,5.47,N
49.83595,-121.28036,333.36,0.46,0.39,2026-07-31,1004,N,VIIRS,n,2.0NRT,291.49,11.65,N
49.83604,-121.31234,337.4,0.46,0.39,2026-07-31,1004,N,VIIRS,n,2.0NRT,290.73,4.27,N
49.83604,-121.21921,301.94,0.45,0.39,2026-07-31,1004,N,VIIRS,n,2.0NRT,269.74,1.19,N
49.8367,-121.21923,302.04,0.45,0.39,2026-07-31,1004,N,VIIRS,n,2.0NRT,268.51,2.28,N
49.83675,-121.31841,327.49,0.46,0.39,2026-07-31,1004,N,VIIRS,n,2.0NRT,289.17,4.27,N
49.8368,-121.22556,307.64,0.45,0.39,2026-07-31,1004,N,VIIRS,n,2.0NRT,274.41,1.19,N
49.83683,-121.28773,327.84,0.46,0.39,2026-07-31,1004,N,VIIRS,n,2.0NRT,290.79,4.33,N
49.83744,-121.22561,309.13,0.45,0.39,2026-07-31,1004,N,VIIRS,n,2.0NRT,272.99,4.17,N
49.83747,-121.32452,324.99,0.46,0.39,2026-07-31,1004,N,VIIRS,n,2.0NRT,285.52,3.38,N
49.83753,-121.2936,326.83,0.46,0.39,2026-07-31,1004,N,VIIRS,n,2.0NRT,292.99,4.33,N
49.83817,-121.29912,318.52,0.46,0.39,2026-07-31,1004,N,VIIRS,n,2.0NRT,290.31,2.38,N
49.83861,-121.27168,326.7,0.46,0.39,2026-07-31,1004,N,VIIRS,n,2.0NRT,288.84,11.65,N
49.83883,-121.30468,323.39,0.46,0.39,2026-07-31,1004,N,VIIRS,n,2.0NRT,290.66,2.38,N
49.83889,-121.21223,299.96,0.45,0.39,2026-07-31,1004,N,VIIRS,n,2.0NRT,267.29,1.62,N
49.83907,-121.27184,327.17,0.46,0.39,2026-07-31,1004,N,VIIRS,n,2.0NRT,288.84,4.54,N
49.83952,-121.31055,348.92,0.46,0.39,2026-07-31,1004,N,VIIRS,n,2.0NRT,295.77,4.17,N
49.83955,-121.27952,345.61,0.46,0.39,2026-07-31,1004,N,VIIRS,n,2.0NRT,295.5,11.65,N
49.83957,-121.21224,300.74,0.45,0.39,2026-07-31,1004,N,VIIRS,n,2.0NRT,267.26,1.04,N
49.83967,-121.21871,303.12,0.45,0.39,2026-07-31,1004,N,VIIRS,n,2.0NRT,267.75,1.19,N
49.83995,-121.27966,346.34,0.46,0.39,2026-07-31,1004,N,VIIRS,n,2.0NRT,296.41,6.1,N
49.84025,-121.31674,340.77,0.46,0.39,2026-07-31,1004,N,VIIRS,n,2.0NRT,291.39,4.17,N
49.84032,-121.21877,304.48,0.45,0.39,2026-07-31,1004,N,VIIRS,n,2.0NRT,267.67,1.04,N
49.84038,-121.28654,336.52,0.46,0.39,2026-07-31,1004,N,VIIRS,n,2.0NRT,292.56,4.33,N
49.84044,-121.22511,312.1,0.45,0.39,2026-07-31,1004,N,VIIRS,n,2.0NRT,272.31,1.19,N
49.84074,-121.28662,336.16,0.46,0.39,2026-07-31,1004,N,VIIRS,n,2.0NRT,292.43,6.1,N
49.84091,-121.51243,296.98,0.46,0.39,2026-07-31,1004,N,VIIRS,n,2.0NRT,284.81,0.87,N
49.84106,-121.22516,312.99,0.45,0.39,2026-07-31,1004,N,VIIRS,n,2.0NRT,271.85,2.36,N
49.84108,-121.29238,327.79,0.46,0.39,2026-07-31,1004,N,VIIRS,n,2.0NRT,293.83,4.33,N
49.84118,-121.23135,312.9,0.45,0.39,2026-07-31,1004,N,VIIRS,n,2.0NRT,276.73,3.81,N
49.84132,-121.2635,335.64,0.46,0.39,2026-07-31,1004,N,VIIRS,n,2.0NRT,285.94,6.38,N
49.84142,-121.29244,328.64,0.46,0.39,2026-07-31,1004,N,VIIRS,n,2.0NRT,293.99,3.5,N
49.84171,-121.29779,315.42,0.46,0.39,2026-07-31,1004,N,VIIRS,n,2.0NRT,291.41,2.38,N
49.84178,-121.23141,312.72,0.45,0.39,2026-07-31,1004,N,VIIRS,n,2.0NRT,277.19,2.36,N
49.84182,-121.26362,338.34,0.46,0.39,2026-07-31,1004,N,VIIRS,n,2.0NRT,287.4,4.54,N
49.84204,-121.29782,315.61,0.46,0.39,2026-07-31,1004,N,VIIRS,n,2.0NRT,291.09,3.5,N
49.84225,-121.27122,326.99,0.46,0.39,2026-07-31,1004,N,VIIRS,n,2.0NRT,289.3,5.76,N
49.84234,-121.30315,307.74,0.46,0.39,2026-07-31,1004,N,VIIRS,n,2.0NRT,287.73,2.38,N
49.84268,-121.30318,308.44,0.46,0.39,2026-07-31,1004,N,VIIRS,n,2.0NRT,288.04,2.35,N
49.8427,-121.27139,326.58,0.46,0.39,2026-07-31,1004,N,VIIRS,n,2.0NRT,289.45,4.54,N
49.84301,-121.30886,313.71,0.46,0.39,2026-07-31,1004,N,VIIRS,n,2.0NRT,285.53,4.17,N
49.84316,-121.27881,343.42,0.46,0.39,2026-07-31,1004,N,VIIRS,n,2.0NRT,295.26,5.76,N
49.84321,-121.21197,302.61,0.45,0.39,2026-07-31,1004,N,VIIRS,n,2.0NRT,267.1,1.04,N
49.84334,-121.30888,314.15,0.46,0.39,2026-07-31,1004,N,VIIRS,n,2.0NRT,285.05,2.35,N
49.84355,-121.2789,342.59,0.46,0.39,2026-07-31,1004,N,VIIRS,n,2.0NRT,294.91,6.1,N
49.84373,-121.31496,297.71,0.46,0.39,2026-07-31,1004,N,VIIRS,n,2.0NRT,281.77,4.17,N
49.84395,-121.21835,311.76,0.45,0.39,2026-07-31,1004,N,VIIRS,n,2.0NRT,269.0,1.04,N
49.84396,-121.28554,334.85,0.46,0.39,2026-07-31,1004,N,VIIRS,n,2.0NRT,293.12,4.03,N
49.84431,-121.28558,334.75,0.46,0.39,2026-07-31,1004,N,VIIRS,n,2.0NRT,293.23,6.1,N
49.84463,-121.29124,330.79,0.46,0.39,2026-07-31,1004,N,VIIRS,n,2.0NRT,293.5,4.03,N
49.84469,-121.22474,319.82,0.45,0.39,2026-07-31,1004,N,VIIRS,n,2.0NRT,272.73,2.36,N
49.8447,-121.25665,322.57,0.46,0.39,2026-07-31,1004,N,VIIRS,n,2.0NRT,285.49,7.18,N
49.84497,-121.29127,329.12,0.46,0.39,2026-07-31,1004,N,VIIRS,n,2.0NRT,293.73,3.5,N
49.845,-121.26333,338.72,0.46,0.39,2026-07-31,1004,N,VIIRS,n,2.0NRT,290.68,6.38,N
49.84525,-121.29655,324.25,0.46,0.39,2026-07-31,1004,N,VIIRS,n,2.0NRT,291.99,3.4,N
49.84542,-121.23101,321.52,0.45,0.39,2026-07-31,1004,N,VIIRS,n,2.0NRT,278.45,2.36,N
49.84548,-121.26347,338.74,0.46,0.39,2026-07-31,1004,N,VIIRS,n,2.0NRT,291.43,9.11,N
49.8456,-121.29658,324.27,0.46,0.39,2026-07-31,1004,N,VIIRS,n,2.0NRT,292.38,3.5,N
49.84586,-121.30177,318.13,0.46,0.39,2026-07-31,1004,N,VIIRS,n,2.0NRT,288.81,3.4,N
49.84589,-121.27079,337.48,0.46,0.39,2026-07-31,1004,N,VIIRS,n,2.0NRT,292.56,5.76,N
49.8461,-121.20515,307.6,0.45,0.39,2026-07-31,1004,N,VIIRS,n,2.0NRT,272.13,2.36,N
49.84614,-121.23724,336.88,0.45,0.39,2026-07-31,1004,N,VIIRS,n,2.0NRT,282.66,8.45,N
49.84621,-121.30178,318.84,0.46,0.39,2026-07-31,1004,N,VIIRS,n,2.0NRT,289.05,2.35,N
49.84633,-121.27093,341.47,0.46,0.39,2026-07-31,1004,N,VIIRS,n,2.0NRT,293.5,9.11,N
49.84652,-121.30731,297.48,0.46,0.39,2026-07-31,1004,N,VIIRS,n,2.0NRT,281.67,0.84,N
49.84674,-121.27786,341.47,0.46,0.39,2026-07-31,1004,N,VIIRS,n,2.0NRT,293.89,5.76,N
49.84683,-121.21146,306.4,0.45,0.39,2026-07-31,1004,N,VIIRS,n,2.0NRT,267.36,2.26,N
49.84687,-121.24359,346.56,0.45,0.39,2026-07-31,1004,N,VIIRS,n,2.0NRT,288.52,8.45,N
49.84713,-121.27795,341.07,0.46,0.39,2026-07-31,1004,N,VIIRS,n,2.0NRT,293.81,4.56,N
49.8475,-121.28426,319.98,0.46,0.39,2026-07-31,1004,N,VIIRS,n,2.0NRT,292.61,4.03,N
49.84757,-121.21786,319.66,0.45,0.39,2026-07-31,1004,N,VIIRS,n,2.0NRT,271.4,2.26,N
49.84761,-121.24998,346.34,0.45,0.39,2026-07-31,1004,N,VIIRS,n,2.0NRT,292.56,7.18,N
49.84786,-121.28429,319.98,0.46,0.39,2026-07-31,1004,N,VIIRS,n,2.0NRT,292.67,4.56,N
49.84818,-121.29002,326.86,0.46,0.39,2026-07-31,1004,N,VIIRS,n,2.0NRT,292.96,4.03,N
49.84831,-121.22424,327.02,0.45,0.39,2026-07-31,1004,N,VIIRS,n,2.0NRT,275.24,9.39,N
49.84836,-121.25645,349.92,0.46,0.39,2026-07-31,1004,N,VIIRS,n,2.0NRT,294.98,7.18,N
49.84853,-121.29005,329.37,0.46,0.39,2026-07-31,1004,N,VIIRS,n,2.0NRT,293.44,7.01,N
49.84881,-121.29539,331.8,0.46,0.39,2026-07-31,1004,N,VIIRS,n,2.0NRT,292.94,3.4,N
49.84904,-121.23058,346.14,0.45,0.39,2026-07-31,1004,N,VIIRS,n,2.0NRT,282.54,9.39,N
49.84912,-121.26315,349.42,0.46,0.39,2026-07-31,1004,N,VIIRS,n,2.0NRT,297.16,9.11,N
49.84916,-121.29542,335.35,0.46,0.39,2026-07-31,1004,N,VIIRS,n,2.0NRT,293.41,7.01,N
49.84943,-121.30066,319.3,0.46,0.39,2026-07-31,1004,N,VIIRS,n,2.0NRT,286.24,3.4,N
49.84969,-121.20445,307.89,0.45,0.39,2026-07-31,1004,N,VIIRS,n,2.0NRT,270.07,2.36,N
49.84978,-121.30072,317.48,0.46,0.39,2026-07-31,1004,N,VIIRS,n,2.0NRT,285.91,2.48,N
49.84978,-121.23691,367.0,0.45,0.39,2026-07-31,1004,N,VIIRS,h,2.0NRT,292.18,18.23,N
49.84993,-121.27016,357.0,0.46,0.39,2026-07-31,1004,N,VIIRS,n,2.0NRT,300.51,9.11,N
49.85044,-121.21086,312.01,0.45,0.39,2026-07-31,1004,N,VIIRS,n,2.0NRT,267.66,2.26,N
49.85052,-121.24335,367.0,0.45,0.39,2026-07-31,1004,N,VIIRS,h,2.0NRT,300.83,18.23,N
49.85067,-121.27666,329.77,0.46,0.39,2026-07-31,1004,N,VIIRS,n,2.0NRT,293.3,4.56,N
49.85118,-121.21729,328.64,0.45,0.39,2026-07-31,1004,N,VIIRS,n,2.0NRT,274.86,2.26,N
49.85127,-121.24983,367.0,0.45,0.39,2026-07-31,1004,N,VIIRS,h,2.0NRT,300.26,19.23,N
49.85139,-121.28281,324.84,0.46,0.39,2026-07-31,1004,N,VIIRS,n,2.0NRT,293.72,4.56,N
49.85152,-121.5077,299.91,0.46,0.39,2026-07-31,1004,N,VIIRS,n,2.0NRT,283.33,0.85,N
49.85193,-121.22372,339.61,0.45,0.39,2026-07-31,1004,N,VIIRS,n,2.0NRT,277.62,9.39,N
49.85201,-121.25628,367.0,0.46,0.39,2026-07-31,1004,N,VIIRS,h,2.0NRT,301.48,19.23,N
49.85207,-121.28867,349.59,0.46,0.39,2026-07-31,1004,N,VIIRS,n,2.0NRT,298.57,7.01,N
49.85253,-121.19718,308.72,0.45,0.39,2026-07-31,1004,N,VIIRS,n,2.0NRT,275.17,1.62,N
49.85267,-121.23013,354.28,0.45,0.39,2026-07-31,1004,N,VIIRS,n,2.0NRT,287.2,9.39,N
49.85271,-121.29419,349.48,0.46,0.39,2026-07-31,1004,N,VIIRS,n,2.0NRT,295.61,7.01,N
49.85276,-121.26278,344.82,0.46,0.39,2026-07-31,1004,N,VIIRS,n,2.0NRT,294.41,7.41,N
49.85328,-121.20364,310.17,0.45,0.39,2026-07-31,1004,N,VIIRS,n,2.0NRT,268.57,1.62,N
49.85334,-121.29955,306.04,0.46,0.39,2026-07-31,1004,N,VIIRS,n,2.0NRT,282.72,2.48,N
49.85341,-121.2365,367.0,0.45,0.39,2026-07-31,1004,N,VIIRS,h,2.0NRT,293.55,18.23,N
49.85352,-121.26938,335.33,0.46,0.39,2026-07-31,1004,N,VIIRS,n,2.0NRT,292.94,7.41,N
49.85402,-121.20998,321.59,0.45,0.39,2026-07-31,1004,N,VIIRS,n,2.0NRT,270.43,11.02,N
49.85415,-121.24285,367.0,0.45,0.39,2026-07-31,1004,N,VIIRS,h,2.0NRT,293.08,18.23,N
49.85422,-121.27541,333.85,0.46,0.39,2026-07-31,1004,N,VIIRS,n,2.0NRT,295.51,5.92,N
49.85476,-121.21636,337.29,0.45,0.39,2026-07-31,1004,N,VIIRS,n,2.0NRT,276.01,11.02,N
49.85488,-121.24918,367.0,0.45,0.39,2026-07-31,1004,N,VIIRS,h,2.0NRT,294.27,19.23,N
49.8549,-121.2813,343.93,0.46,0.39,2026-07-31,1004,N,VIIRS,n,2.0NRT,297.37,5.92,N
49.8555,-121.22269,347.57,0.45,0.39,2026-07-31,1004,N,VIIRS,n,2.0NRT,279.76,17.05,N
49.85559,-121.28716,351.47,0.46,0.39,2026-07-31,1004,N,VIIRS,n,2.0NRT,302.35,9.69,N
49.85559,-121.25538,352.55,0.46,0.39,2026-07-31,1004,N,VIIRS,n,2.0NRT,295.72,19.23,N
49.85608,-121.19605,310.39,0.45,0.39,2026-07-31,1004,N,VIIRS,n,2.0NRT,274.54,1.62,N
49.85622,-121.22899,355.75,0.45,0.39,2026-07-31,1004,N,VIIRS,n,2.0NRT,295.38,17.05,N
49.85624,-121.29276,344.96,0.46,0.39,2026-07-31,1004,N,VIIRS,n,2.0NRT,293.72,9.69,N
49.85631,-121.26148,350.11,0.46,0.39,2026-07-31,1004,N,VIIRS,n,2.0NRT,295.99,7.41,N
49.8568,-121.20222,317.0,0.45,0.39,2026-07-31,1004,N,VIIRS,n,2.0NRT,270.54,1.62,N
49.85695,-121.23523,353.67,0.45,0.39,2026-07-31,1004,N,VIIRS,n,2.0NRT,287.96,9.79,N
49.85703,-121.26778,347.9,0.46,0.39,2026-07-31,1004,N,VIIRS,n,2.0NRT,297.52,7.41,N
49.85752,-121.2084,332.17,0.45,0.39,2026-07-31,1004,N,VIIRS,n,2.0NRT,275.12,11.02,N
49.85768,-121.24147,353.79,0.45,0.39,2026-07-31,1004,N,VIIRS,n,2.0NRT,288.25,9.79,N
49.85773,-121.27382,330.31,0.46,0.39,2026-07-31,1004,N,VIIRS,n,2.0NRT,293.79,5.92,N
49.85826,-121.21472,354.78,0.45,0.39,2026-07-31,1004,N,VIIRS,n,2.0NRT,292.5,11.02,N
49.85838,-121.24755,354.36,0.45,0.39,2026-07-31,1004,N,VIIRS,n,2.0NRT,290.5,9.55,N
49.85841,-121.27966,343.89,0.46,0.39,2026-07-31,1004,N,VIIRS,n,2.0NRT,291.56,5.92,N
49.859,-121.22109,354.45,0.45,0.39,2026-07-31,1004,N,VIIRS,n,2.0NRT,286.44,17.05,N
49.85907,-121.25346,353.02,0.46,0.39,2026-07-31,1004,N,VIIRS,n,2.0NRT,293.08,9.55,N
49.8591,-121.28554,334.73,0.46,0.39,2026-07-31,1004,N,VIIRS,n,2.0NRT,289.77,9.69,N
49.8596,-121.1946,311.16,0.45,0.39,2026-07-31,1004,N,VIIRS,n,2.0NRT,274.2,2.51,N
49.85973,-121.22735,367.0,0.45,0.39,2026-07-31,1004,N,VIIRS,h,2.0NRT,286.86,17.05,N
49.85976,-121.2912,353.03,0.46,0.39,2026-07-31,1004,N,VIIRS,n,2.0NRT,295.82,9.69,N
49.85977,-121.25942,349.26,0.46,0.39,2026-07-31,1004,N,VIIRS,n,2.0NRT,294.29,9.87,N
49.86029,-121.20052,319.71,0.45,0.39,2026-07-31,1004,N,VIIRS,n,2.0NRT,272.44,2.51,N
49.8604,-121.29668,322.88,0.46,0.39,2026-07-31,1004,N,VIIRS,n,2.0NRT,283.1,3.91,N
49.86045,-121.23362,356.02,0.45,0.39,2026-07-31,1004,N,VIIRS,n,2.0NRT,285.7,9.79,N
49.86049,-121.26566,350.13,0.46,0.39,2026-07-31,1004,N,VIIRS,n,2.0NRT,294.74,9.87,N
49.861,-121.2066,329.15,0.45,0.39,2026-07-31,1004,N,VIIRS,n,2.0NRT,289.53,26.55,N
49.86117,-121.23982,353.07,0.45,0.39,2026-07-31,1004,N,VIIRS,n,2.0NRT,286.59,9.79,N
49.86123,-121.27202,336.54,0.46,0.39,2026-07-31,1004,N,VIIRS,n,2.0NRT,291.36,9.58,N
49.86174,-121.21292,344.78,0.45,0.39,2026-07-31,1004,N,VIIRS,n,2.0NRT,308.72,26.55,N
49.86188,-121.24584,349.9,0.45,0.39,2026-07-31,1004,N,VIIRS,n,2.0NRT,286.65,9.55,N
49.86192,-121.27798,348.54,0.46,0.39,2026-07-31,1004,N,VIIRS,n,2.0NRT,295.88,9.58,N
49.86249,-121.21937,352.85,0.45,0.39,2026-07-31,1004,N,VIIRS,n,2.0NRT,281.29,12.15,N
49.86256,-121.25163,356.78,0.46,0.39,2026-07-31,1004,N,VIIRS,n,2.0NRT,295.79,9.55,N
49.86261,-121.28387,345.0,0.46,0.39,2026-07-31,1004,N,VIIRS,n,2.0NRT,295.48,6.51,N
49.86312,-121.19324,328.36,0.45,0.39,2026-07-31,1004,N,VIIRS,n,2.0NRT,274.49,2.51,N
49.86322,-121.22572,356.39,0.45,0.39,2026-07-31,1004,N,VIIRS,n,2.0NRT,293.7,12.15,N
49.86324,-121.25749,353.63,0.46,0.39,2026-07-31,1004,N,VIIRS,n,2.0NRT,292.05,9.87,N
49.86327,-121.28963,351.63,0.46,0.39,2026-07-31,1004,N,VIIRS,n,2.0NRT,298.58,6.51,N
49.8638,-121.19901,321.08,0.45,0.39,2026-07-31,1004,N,VIIRS,n,2.0NRT,273.4,2.51,N
49.86392,-121.2952,300.99,0.46,0.39,2026-07-31,1004,N,VIIRS,n,2.0NRT,281.11,3.83,N
49.86395,-121.26363,367.0,0.46,0.39,2026-07-31,1004,N,VIIRS,h,2.0NRT,298.0,9.87,N
49.86396,-121.23199,349.65,0.45,0.39,2026-07-31,1004,N,VIIRS,n,2.0NRT,279.75,7.9,N
49.8645,-121.20499,328.66,0.45,0.39,2026-07-31,1004,N,VIIRS,n,2.0NRT,277.39,26.55,N
49.86468,-121.23822,345.95,0.45,0.39,2026-07-31,1004,N,VIIRS,n,2.0NRT,280.96,7.9,N
49.86472,-121.27026,367.0,0.46,0.39,2026-07-31,1004,N,VIIRS,h,2.0NRT,294.91,9.58,N
49.86525,-121.21133,334.72,0.45,0.39,2026-07-31,1004,N,VIIRS,n,2.0NRT,275.39,26.55,N
49.86538,-121.24425,346.82,0.45,0.39,2026-07-31,1004,N,VIIRS,n,2.0NRT,282.81,6.57,N
49.86542,-121.27634,356.49,0.46,0.39,2026-07-31,1004,N,VIIRS,n,2.0NRT,296.18,9.58,N
49.86599,-121.21773,350.38,0.45,0.39,2026-07-31,1004,N,VIIRS,n,2.0NRT,277.22,12.15,N
49.86606,-121.25006,344.87,0.46,0.39,2026-07-31,1004,N,VIIRS,n,2.0NRT,284.5,6.57,N
49.86611,-121.28223,327.27,0.46,0.39,2026-07-31,1004,N,VIIRS,n,2.0NRT,287.89,6.51,N
49.86665,-121.19186,318.41,0.45,0.39,2026-07-31,1004,N,VIIRS,n,2.0NRT,273.21,1.42,N
49.86673,-121.22408,352.28,0.45,0.39,2026-07-31,1004,N,VIIRS,n,2.0NRT,278.79,12.15,N
49.86674,-121.25583,348.14,0.46,0.39,2026-07-31,1004,N,VIIRS,n,2.0NRT,287.1,6.58,N
49.86679,-121.28807,326.56,0.46,0.39,2026-07-31,1004,N,VIIRS,n,2.0NRT,287.17,6.51,N
49.86732,-121.19761,315.44,0.45,0.39,2026-07-31,1004,N,VIIRS,n,2.0NRT,273.26,1.42,N
49.86744,-121.26183,345.78,0.46,0.39,2026-07-31,1004,N,VIIRS,n,2.0NRT,289.75,6.58,N
49.86746,-121.23039,348.72,0.45,0.39,2026-07-31,1004,N,VIIRS,n,2.0NRT,277.1,7.9,N
49.86803,-121.20369,320.22,0.45,0.39,2026-07-31,1004,N,VIIRS,n,2.0NRT,277.05,2.32,N
49.86819,-121.23665,336.03,0.45,0.39,2026-07-31,1004,N,VIIRS,n,2.0NRT,275.27,7.9,N
49.8682,-121.26839,341.02,0.46,0.39,2026-07-31,1004,N,VIIRS,n,2.0NRT,290.12,8.09,N
49.86876,-121.20995,323.99,0.45,0.39,2026-07-31,1004,N,VIIRS,n,2.0NRT,274.63,2.32,N
49.8689,-121.24268,338.46,0.45,0.39,2026-07-31,1004,N,VIIRS,n,2.0NRT,278.15,6.57,N
49.86893,-121.27473,355.65,0.46,0.39,2026-07-31,1004,N,VIIRS,n,2.0NRT,293.65,8.09,N
49.86949,-121.21622,326.06,0.45,0.39,2026-07-31,1004,N,VIIRS,n,2.0NRT,272.4,2.71,N
49.86958,-121.24852,343.89,0.46,0.39,2026-07-31,1004,N,VIIRS,n,2.0NRT,279.65,6.57,N
49.86962,-121.28066,329.58,0.46,0.39,2026-07-31,1004,N,VIIRS,n,2.0NRT,285.68,4.94,N
49.87017,-121.19049,302.04,0.45,0.39,2026-07-31,1004,N,VIIRS,n,2.0NRT,274.71,1.42,N
49.87022,-121.22242,325.52,0.45,0.39,2026-07-31,1004,N,VIIRS,n,2.0NRT,270.77,2.71,N
49.87025,-121.25434,337.2,0.46,0.39,2026-07-31,1004,N,VIIRS,n,2.0NRT,279.99,6.58,N
49.87085,-121.19627,306.89,0.45,0.39,2026-07-31,1004,N,VIIRS,n,2.0NRT,275.85,1.42,N
49.87095,-121.26027,338.33,0.46,0.39,2026-07-31,1004,N,VIIRS,n,2.0NRT,284.09,6.58,N
49.87096,-121.2288,324.06,0.45,0.39,2026-07-31,1004,N,VIIRS,n,2.0NRT,270.23,3.06,N
49.87156,-121.20238,310.72,0.45,0.39,2026-07-31,1004,N,VIIRS,n,2.0NRT,275.8,2.32,N
49.8717,-121.2668,339.9,0.46,0.39,2026-07-31,1004,N,VIIRS,n,2.0NRT,286.36,8.09,N
49.8717,-121.23508,339.01,0.45,0.39,2026-07-31,1004,N,VIIRS,n,2.0NRT,274.46,3.06,N
49.87229,-121.20858,313.68,0.45,0.39,2026-07-31,1004,N,VIIRS,n,2.0NRT,273.66,2.32,N
49.8724,-121.2411,337.54,0.45,0.39,2026-07-31,1004,N,VIIRS,n,2.0NRT,276.27,5.45,N
49.87247,-121.27344,340.37,0.46,0.39,2026-07-31,1004,N,VIIRS,n,2.0NRT,287.02,8.09,N
49.873,-121.21471,315.39,0.45,0.39,2026-07-31,1004,N,VIIRS,n,2.0NRT,270.24,2.71,N
49.87308,-121.24698,353.42,0.46,0.39,2026-07-31,1004,N,VIIRS,n,2.0NRT,280.94,5.45,N
49.87371,-121.1893,297.33,0.45,0.39,2026-07-31,1004,N,VIIRS,n,2.0NRT,275.74,0.93,N
49.87372,-121.22087,315.87,0.45,0.39,2026-07-31,1004,N,VIIRS,n,2.0NRT,269.26,2.71,N
49.87378,-121.25289,346.36,0.46,0.39,2026-07-31,1004,N,VIIRS,n,2.0NRT,280.69,4.11,N
49.87439,-121.1951,299.83,0.45,0.39,2026-07-31,1004,N,VIIRS,n,2.0NRT,275.72,0.93,N
49.87447,-121.22728,316.4,0.45,0.39,2026-07-31,1004,N,VIIRS,n,2.0NRT,269.41,3.06,N
49.87449,-121.259,328.95,0.46,0.39,2026-07-31,1004,N,VIIRS,n,2.0NRT,279.06,4.11,N
49.87511,-121.20122,302.85,0.45,0.39,2026-07-31,1004,N,VIIRS,n,2.0NRT,274.54,0.78,N
49.87521,-121.23357,317.76,0.45,0.39,2026-07-31,1004,N,VIIRS,n,2.0NRT,270.22,3.06,N
49.87527,-121.26575,322.48,0.46,0.39,2026-07-31,1004,N,VIIRS,n,2.0NRT,281.23,3.19,N
49.87582,-121.20727,305.34,0.45,0.39,2026-07-31,1004,N,VIIRS,n,2.0NRT,272.26,0.78,N
49.87591,-121.23957,340.59,0.45,0.39,2026-07-31,1004,N,VIIRS,n,2.0NRT,276.46,5.45,N
49.87606,-121.27251,328.09,0.46,0.39,2026-07-31,1004,N,VIIRS,n,2.0NRT,283.26,3.19,N
49.87652,-121.21325,308.49,0.45,0.39,2026-07-31,1004,N,VIIRS,n,2.0NRT,270.98,1.17,N
49.87659,-121.24539,334.82,0.46,0.39,2026-07-31,1004,N,VIIRS,n,2.0NRT,275.12,5.45,N
49.87724,-121.21935,309.02,0.45,0.39,2026-07-31,1004,N,VIIRS,n,2.0NRT,269.47,1.17,N
49.8773,-121.25142,322.01,0.46,0.39,2026-07-31,1004,N,VIIRS,n,2.0NRT,274.71,4.11,N
49.87798,-121.22574,310.62,0.45,0.39,2026-07-31,1004,N,VIIRS,n,2.0NRT,271.15,1.42,N
49.87804,-121.25778,321.17,0.46,0.39,2026-07-31,1004,N,VIIRS,n,2.0NRT,277.17,4.11,N
49.87866,-121.20012,297.66,0.45,0.39,2026-07-31,1004,N,VIIRS,n,2.0NRT,275.19,0.78,N
49.87872,-121.23207,311.9,0.45,0.39,2026-07-31,1004,N,VIIRS,n,2.0NRT,270.91,1.42,N
49.87937,-121.20615,300.42,0.45,0.39,2026-07-31,1004,N,VIIRS,n,2.0NRT,272.32,0.78,N
49.87944,-121.2382,318.31,0.45,0.39,2026-07-31,1004,N,VIIRS,n,2.0NRT,272.39,1.76,N
49.88007,-121.21209,302.91,0.45,0.39,2026-07-31,1004,N,VIIRS,n,2.0NRT,271.67,1.17,N
49.88013,-121.24409,314.52,0.46,0.39,2026-07-31,1004,N,VIIRS,n,2.0NRT,271.26,1.76,N
49.88078,-121.21818,303.97,0.45,0.39,2026-07-31,1004,N,VIIRS,n,2.0NRT,271.75,1.17,N
49.88083,-121.25016,313.02,0.46,0.39,2026-07-31,1004,N,VIIRS,n,2.0NRT,273.79,1.36,N
49.88153,-121.22456,305.42,0.45,0.39,2026-07-31,1004,N,VIIRS,n,2.0NRT,271.48,1.42,N
49.88159,-121.25662,299.69,0.46,0.39,2026-07-31,1004,N,VIIRS,n,2.0NRT,276.79,1.36,N
49.88228,-121.23101,307.21,0.45,0.39,2026-07-31,1004,N,VIIRS,n,2.0NRT,271.94,1.42,N
49.88295,-121.20528,296.27,0.45,0.39,2026-07-31,1004,N,VIIRS,n,2.0NRT,274.63,1.24,N
49.88301,-121.2373,309.0,0.45,0.39,2026-07-31,1004,N,VIIRS,n,2.0NRT,272.75,1.76,N
49.88367,-121.21138,298.79,0.45,0.39,2026-07-31,1004,N,VIIRS,n,2.0NRT,272.5,0.5,N
49.88371,-121.24326,308.25,0.46,0.39,2026-07-31,1004,N,VIIRS,n,2.0NRT,274.4,1.76,N
49.88438,-121.21747,299.79,0.45,0.39,2026-07-31,1004,N,VIIRS,n,2.0NRT,272.18,0.5,N
49.88441,-121.24926,306.26,0.46,0.39,2026-07-31,1004,N,VIIRS,n,2.0NRT,274.69,1.36,N
49.8851,-121.22365,301.26,0.45,0.39,2026-07-31,1004,N,VIIRS,n,2.0NRT,271.41,0.65,N
49.88584,-121.22993,302.62,0.45,0.39,2026-07-31,1004,N,VIIRS,n,2.0NRT,272.53,0.65,N
49.8866,-121.23649,302.88,0.45,0.39,2026-07-31,1004,N,VIIRS,n,2.0NRT,274.12,0.84,N
49.88726,-121.2106,295.47,0.45,0.39,2026-07-31,1004,N,VIIRS,n,2.0NRT,274.26,0.5,N
49.88731,-121.24245,299.45,0.46,0.39,2026-07-31,1004,N,VIIRS,n,2.0NRT,276.96,0.84,N
49.88797,-121.21662,296.78,0.45,0.39,2026-07-31,1004,N,VIIRS,n,2.0NRT,273.55,0.5,N
49.888,-121.2484,296.91,0.46,0.39,2026-07-31,1004,N,VIIRS,n,2.0NRT,275.83,0.59,N
49.88868,-121.22269,298.01,0.45,0.39,2026-07-31,1004,N,VIIRS,n,2.0NRT,273.18,0.65,N
49.88942,-121.22904,297.15,0.45,0.39,2026-07-31,1004,N,VIIRS,n,2.0NRT,275.08,0.65,N
49.89019,-121.23559,297.81,0.45,0.39,2026-07-31,1004,N,VIIRS,n,2.0NRT,276.52,0.84,N
49.92067,-121.5313,307.4,0.46,0.39,2026-07-31,1004,N,VIIRS,n,2.0NRT,281.03,1.26,N
49.92137,-121.53735,299.8,0.46,0.39,2026-07-31,1004,N,VIIRS,n,2.0NRT,281.28,1.26,N
49.93319,-121.28759,303.58,0.46,0.39,2026-07-31,1004,N,VIIRS,n,2.0NRT,280.27,2.4,N
49.93406,-121.29492,330.98,0.46,0.39,2026-07-31,1004,N,VIIRS,n,2.0NRT,281.9,2.4,N
49.93604,-121.28047,308.39,0.46,0.39,2026-07-31,1004,N,VIIRS,n,2.0NRT,280.97,1.82,N
49.93674,-121.28643,326.58,0.46,0.39,2026-07-31,1004,N,VIIRS,n,2.0NRT,281.71,3.55,N
49.93761,-121.29375,340.8,0.46,0.39,2026-07-31,1004,N,VIIRS,n,2.0NRT,286.87,3.55,N
49.93847,-121.30102,347.06,0.46,0.39,2026-07-31,1004,N,VIIRS,n,2.0NRT,283.73,5.95,N
49.93962,-121.2795,326.31,0.46,0.39,2026-07-31,1004,N,VIIRS,n,2.0NRT,282.36,1.82,N
49.94033,-121.28551,309.84,0.46,0.39,2026-07-31,1004,N,VIIRS,n,2.0NRT,281.07,3.55,N
49.94115,-121.29244,318.63,0.46,0.39,2026-07-31,1004,N,VIIRS,n,2.0NRT,282.88,3.55,N
49.94203,-121.29987,320.03,0.46,0.39,2026-07-31,1004,N,VIIRS,n,2.0NRT,283.4,5.95,N
49.94558,-121.2986,297.85,0.46,0.39,2026-07-31,1004,N,VIIRS,n,2.0NRT,281.65,13.5,N
49.94641,-121.30565,342.23,0.46,0.39,2026-07-31,1004,N,VIIRS,n,2.0NRT,281.59,13.5,N
49.94965,-121.3647,306.4,0.46,0.39,2026-07-31,1004,N,VIIRS,n,2.0NRT,281.72,1.19,N
49.94997,-121.3045,337.77,0.46,0.39,2026-07-31,1004,N,VIIRS,n,2.0NRT,298.4,13.5,N
49.95047,-121.30282,330.57,0.46,0.39,2026-07-31,1004,N,VIIRS,n,2.0NRT,289.15,11.24,N
49.95075,-121.31107,327.17,0.46,0.39,2026-07-31,1004,N,VIIRS,n,2.0NRT,280.17,16.87,N
49.95124,-121.30964,330.27,0.46,0.39,2026-07-31,1004,N,VIIRS,n,2.0NRT,293.11,11.24,N
49.95351,-121.30315,336.89,0.46,0.39,2026-07-31,1004,N,VIIRS,n,2.0NRT,285.08,4.46,N
49.95402,-121.30148,334.69,0.46,0.39,2026-07-31,1004,N,VIIRS,n,2.0NRT,284.29,11.24,N
49.9548,-121.30841,305.27,0.46,0.39,2026-07-31,1004,N,VIIRS,n,2.0NRT,280.51,11.24,N
49.9562,-121.29473,332.49,0.46,0.39,2026-07-31,1004,N,VIIRS,n,2.0NRT,284.63,4.46,N
49.95676,-121.29311,320.04,0.46,0.39,2026-07-31,1004,N,VIIRS,n,2.0NRT,282.41,2.16,N
49.95701,-121.30155,333.69,0.46,0.39,2026-07-31,1004,N,VIIRS,n,2.0NRT,286.58,4.46,N
49.95753,-121.29987,328.43,0.46,0.39,2026-07-31,1004,N,VIIRS,n,2.0NRT,285.44,3.8,N
50.08038,-121.24128,296.1,0.46,0.39,2026-07-31,1004,N,VIIRS,n,2.0NRT,282.98,1.26,N
50.0811,-121.24743,328.24,0.46,0.39,2026-07-31,1004,N,VIIRS,n,2.0NRT,284.8,2.4,N
50.08175,-121.22109,310.54,0.46,0.39,2026-07-31,1004,N,VIIRS,n,2.0NRT,283.94,1.16,N
50.08182,-121.25365,303.03,0.46,0.39,2026-07-31,1004,N,VIIRS,n,2.0NRT,282.98,2.4,N
50.08249,-121.22755,297.94,0.46,0.39,2026-07-31,1004,N,VIIRS,n,2.0NRT,283.52,1.16,N
50.08527,-121.2196,303.47,0.46,0.39,2026-07-31,1004,N,VIIRS,n,2.0NRT,283.49,1.97,N
50.09043,-121.26421,341.66,0.46,0.39,2026-07-31,1004,N,VIIRS,n,2.0NRT,285.77,7.88,N
50.09328,-121.2569,296.55,0.46,0.39,2026-07-31,1004,N,VIIRS,n,2.0NRT,281.37,7.88,N
50.094,-121.26308,324.33,0.46,0.39,2026-07-31,1004,N,VIIRS,n,2.0NRT,283.47,7.88,N
50.09584,-121.21523,296.35,0.46,0.39,2026-07-31,1004,N,VIIRS,n,2.0NRT,282.22,1.06,N
50.09684,-121.25569,297.21,0.46,0.39,2026-07-31,1004,N,VIIRS,n,2.0NRT,281.74,0.95,N
50.09757,-121.26199,301.74,0.46,0.39,2026-07-31,1004,N,VIIRS,n,2.0NRT,281.55,0.95,N
50.09938,-121.21387,299.58,0.46,0.39,2026-07-31,1004,N,VIIRS,n,2.0NRT,281.4,1.04,N
50.10038,-121.25433,298.6,0.46,0.39,2026-07-31,1004,N,VIIRS,n,2.0NRT,282.57,0.95,N
50.10088,-121.22678,300.16,0.46,0.39,2026-07-31,1004,N,VIIRS,n,2.0NRT,280.45,0.66,N
50.10392,-121.25298,337.0,0.46,0.39,2026-07-31,1004,N,VIIRS,n,2.0NRT,284.25,6.91,N
50.10952,-121.23755,295.09,0.46,0.39,2026-07-31,1004,N,VIIRS,n,2.0NRT,280.3,1.63,N
50.11234,-121.23005,302.34,0.46,0.39,2026-07-31,1004,N,VIIRS,n,2.0NRT,280.03,1.25,N
50.11664,-121.23524,305.21,0.46,0.39,2026-07-31,1004,N,VIIRS,n,2.0NRT,280.08,0.96,N
49.76536,-121.37488,308.04,0.61,0.71,2026-07-31,1145,N,VIIRS,n,2.0NRT,281.87,2.44,N
49.76576,-121.37247,301.57,0.61,0.71,2026-07-31,1145,N,VIIRS,n,2.0NRT,281.77,2.78,N
49.76752,-121.38063,332.93,0.61,0.71,2026-07-31,1145,N,VIIRS,n,2.0NRT,282.99,8.64,N
49.76758,-121.3774,333.59,0.61,0.71,2026-07-31,1145,N,VIIRS,n,2.0NRT,283.29,2.78,N
49.76909,-121.36423,302.82,0.61,0.71,2026-07-31,1145,N,VIIRS,n,2.0NRT,281.65,2.44,N
49.77054,-121.38544,302.38,0.61,0.71,2026-07-31,1145,N,VIIRS,n,2.0NRT,280.63,4.35,N
49.77143,-121.36698,320.84,0.61,0.71,2026-07-31,1145,N,VIIRS,n,2.0NRT,283.57,2.78,N
49.77147,-121.37057,320.38,0.61,0.71,2026-07-31,1145,N,VIIRS,n,2.0NRT,283.56,2.44,N
49.77356,-121.37276,295.15,0.61,0.71,2026-07-31,1145,N,VIIRS,n,2.0NRT,282.9,2.78,N
49.77671,-121.36395,297.25,0.61,0.71,2026-07-31,1145,N,VIIRS,n,2.0NRT,282.28,1.74,N
49.78092,-121.35457,312.8,0.61,0.71,2026-07-31,1145,N,VIIRS,n,2.0NRT,282.06,1.74,N
49.78111,-121.35152,301.22,0.61,0.71,2026-07-31,1145,N,VIIRS,n,2.0NRT,281.85,1.58,N
49.78309,-121.35689,308.19,0.61,0.71,2026-07-31,1145,N,VIIRS,n,2.0NRT,282.54,3.84,N
49.7844,-121.34324,304.9,0.61,0.71,2026-07-31,1145,N,VIIRS,n,2.0NRT,281.59,2.57,N
49.78456,-121.34,313.94,0.61,0.71,2026-07-31,1145,N,VIIRS,n,2.0NRT,281.99,3.89,N
49.78589,-121.42974,303.59,0.61,0.71,2026-07-31,1145,N,VIIRS,n,2.0NRT,282.12,1.26,N
49.78596,-121.42735,296.32,0.61,0.71,2026-07-31,1145,N,VIIRS,n,2.0NRT,281.5,1.3,N
49.78649,-121.34524,333.04,0.61,0.71,2026-07-31,1145,N,VIIRS,n,2.0NRT,283.09,3.89,N
49.78652,-121.34891,324.95,0.61,0.71,2026-07-31,1145,N,VIIRS,n,2.0NRT,283.07,4.29,N
49.78773,-121.43465,305.37,0.61,0.71,2026-07-31,1145,N,VIIRS,n,2.0NRT,281.98,2.06,N
49.78786,-121.43251,311.37,0.61,0.71,2026-07-31,1145,N,VIIRS,n,2.0NRT,282.54,1.3,N
49.78885,-121.35165,295.02,0.61,0.71,2026-07-31,1145,N,VIIRS,n,2.0NRT,282.59,5.08,N
49.78983,-121.3371,304.26,0.61,0.71,2026-07-31,1145,N,VIIRS,n,2.0NRT,282.82,2.57,N
49.79039,-121.42117,301.1,0.61,0.71,2026-07-31,1145,N,VIIRS,n,2.0NRT,281.38,1.26,N
49.79192,-121.34271,311.27,0.61,0.71,2026-07-31,1145,N,VIIRS,n,2.0NRT,283.54,4.29,N
49.79219,-121.42599,299.67,0.61,0.71,2026-07-31,1145,N,VIIRS,n,2.0NRT,282.36,1.26,N
49.79225,-121.42362,305.12,0.61,0.71,2026-07-31,1145,N,VIIRS,n,2.0NRT,282.44,1.3,N
49.79394,-121.43069,295.68,0.61,0.71,2026-07-31,1145,N,VIIRS,n,2.0NRT,281.91,2.06,N
49.79399,-121.42833,298.67,0.61,0.71,2026-07-31,1145,N,VIIRS,n,2.0NRT,282.33,1.3,N
49.79515,-121.41068,297.41,0.61,0.71,2026-07-31,1145,N,VIIRS,n,2.0NRT,281.42,1.61,N
49.79519,-121.41343,299.13,0.61,0.71,2026-07-31,1145,N,VIIRS,n,2.0NRT,281.63,1.58,N
49.7958,-121.33242,308.3,0.61,0.71,2026-07-31,1145,N,VIIRS,n,2.0NRT,282.02,4.36,N
49.79612,-121.3296,323.15,0.61,0.71,2026-07-31,1145,N,VIIRS,n,2.0NRT,282.17,2.92,N
49.79687,-121.41792,298.09,0.61,0.71,2026-07-31,1145,N,VIIRS,n,2.0NRT,282.49,1.49,N
49.79776,-121.33767,299.09,0.61,0.71,2026-07-31,1145,N,VIIRS,n,2.0NRT,282.76,2.16,N
49.79796,-121.33461,319.09,0.61,0.71,2026-07-31,1145,N,VIIRS,n,2.0NRT,282.88,2.92,N
49.80033,-121.34107,299.02,0.61,0.71,2026-07-31,1145,N,VIIRS,n,2.0NRT,282.77,2.48,N
49.80099,-121.34636,298.03,0.61,0.71,2026-07-31,1145,N,VIIRS,n,2.0NRT,282.54,2.16,N
49.80183,-121.3279,336.34,0.61,0.71,2026-07-31,1145,N,VIIRS,n,2.0NRT,283.79,4.36,N
49.80197,-121.32461,306.6,0.61,0.71,2026-07-31,1145,N,VIIRS,n,2.0NRT,282.36,2.92,N
49.80388,-121.3334,304.09,0.61,0.71,2026-07-31,1145,N,VIIRS,n,2.0NRT,283.32,2.16,N
49.804,-121.33013,301.98,0.61,0.71,2026-07-31,1145,N,VIIRS,n,2.0NRT,282.86,2.92,N
49.80621,-121.33615,300.69,0.61,0.71,2026-07-31,1145,N,VIIRS,n,2.0NRT,283.56,2.48,N
49.80699,-121.34175,297.3,0.61,0.71,2026-07-31,1145,N,VIIRS,n,2.0NRT,283.12,2.16,N
49.80777,-121.32316,297.58,0.61,0.71,2026-07-31,1145,N,VIIRS,n,2.0NRT,282.27,1.76,N
49.80999,-121.3291,308.22,0.61,0.71,2026-07-31,1145,N,VIIRS,n,2.0NRT,283.51,2.29,N
49.81179,-121.31322,303.74,0.61,0.71,2026-07-31,1145,N,VIIRS,n,2.0NRT,283.14,1.76,N
49.81298,-121.33714,298.14,0.61,0.71,2026-07-31,1145,N,VIIRS,n,2.0NRT,282.8,2.29,N
49.81395,-121.31901,303.62,0.61,0.71,2026-07-31,1145,N,VIIRS,n,2.0NRT,284.13,1.76,N
49.81503,-121.30118,296.28,0.61,0.71,2026-07-31,1145,N,VIIRS,n,2.0NRT,281.97,1.45,N
49.81618,-121.32504,308.05,0.61,0.71,2026-07-31,1145,N,VIIRS,n,2.0NRT,283.76,2.29,N
49.81728,-121.30724,317.9,0.61,0.71,2026-07-31,1145,N,VIIRS,n,2.0NRT,284.41,2.8,N
49.81909,-121.29137,296.1,0.61,0.71,2026-07-31,1145,N,VIIRS,n,2.0NRT,281.71,1.45,N
49.81946,-121.31312,306.26,0.61,0.71,2026-07-31,1145,N,VIIRS,n,2.0NRT,283.43,2.8,N
49.82117,-121.29696,299.62,0.61,0.71,2026-07-31,1145,N,VIIRS,n,2.0NRT,282.75,1.45,N
49.82215,-121.32036,302.16,0.61,0.71,2026-07-31,1145,N,VIIRS,n,2.0NRT,283.54,4.92,N
49.82304,-121.28123,320.06,0.62,0.71,2026-07-31,1145,N,VIIRS,n,2.0NRT,282.73,4.24,N
49.82317,-121.30237,303.28,0.61,0.71,2026-07-31,1145,N,VIIRS,n,2.0NRT,283.34,2.8,N
49.82483,-121.28605,317.11,0.61,0.71,2026-07-31,1145,N,VIIRS,n,2.0NRT,284.03,3.35,N
49.82549,-121.3086,311.2,0.61,0.71,2026-07-31,1145,N,VIIRS,n,2.0NRT,284.49,2.8,N
49.82655,-121.29069,303.28,0.61,0.71,2026-07-31,1145,N,VIIRS,n,2.0NRT,283.9,3.35,N
49.8285,-121.29592,305.11,0.61,0.71,2026-07-31,1145,N,VIIRS,n,2.0NRT,283.98,2.24,N
49.82952,-121.27795,319.79,0.62,0.71,2026-07-31,1145,N,VIIRS,n,2.0NRT,284.55,4.24,N
49.831,-121.28191,308.04,0.61,0.71,2026-07-31,1145,N,VIIRS,n,2.0NRT,284.26,3.35,N
49.83255,-121.28609,303.15,0.61,0.71,2026-07-31,1145,N,VIIRS,n,2.0NRT,284.83,3.35,N
49.8332,-121.30862,304.13,0.61,0.71,2026-07-31,1145,N,VIIRS,n,2.0NRT,282.67,2.24,N
49.83414,-121.2696,314.25,0.62,0.71,2026-07-31,1145,N,VIIRS,n,2.0NRT,281.41,6.67,N
49.83516,-121.29312,295.52,0.61,0.71,2026-07-31,1145,N,VIIRS,n,2.0NRT,282.19,2.24,N
49.8357,-121.2738,367.0,0.62,0.71,2026-07-31,1145,N,VIIRS,h,2.0NRT,286.61,6.67,N
49.83712,-121.27762,322.55,0.61,0.71,2026-07-31,1145,N,VIIRS,n,2.0NRT,285.26,5.71,N
49.83822,-121.25982,299.63,0.62,0.71,2026-07-31,1145,N,VIIRS,n,2.0NRT,279.98,1.69,N
49.83863,-121.28168,317.14,0.61,0.71,2026-07-31,1145,N,VIIRS,n,2.0NRT,284.97,5.71,N
49.84011,-121.2649,308.88,0.62,0.71,2026-07-31,1145,N,VIIRS,n,2.0NRT,282.64,6.67,N
49.84155,-121.26878,304.27,0.62,0.71,2026-07-31,1145,N,VIIRS,n,2.0NRT,283.85,6.67,N
49.8423,-121.25718,315.24,0.62,0.71,2026-07-31,1145,N,VIIRS,n,2.0NRT,281.92,4.66,N
49.84275,-121.2512,296.25,0.62,0.71,2026-07-31,1145,N,VIIRS,n,2.0NRT,280.39,3.76,N
49.84296,-121.27256,307.27,0.61,0.71,2026-07-31,1145,N,VIIRS,n,2.0NRT,285.52,5.71,N
49.84422,-121.26229,314.97,0.62,0.71,2026-07-31,1145,N,VIIRS,n,2.0NRT,283.74,4.66,N
49.84422,-121.24168,296.43,0.62,0.71,2026-07-31,1145,N,VIIRS,n,2.0NRT,280.2,3.01,N
49.84454,-121.27686,320.83,0.61,0.71,2026-07-31,1145,N,VIIRS,n,2.0NRT,286.5,5.71,N
49.8446,-121.23531,305.93,0.62,0.71,2026-07-31,1145,N,VIIRS,n,2.0NRT,280.44,3.76,N
49.845,-121.25726,320.83,0.62,0.71,2026-07-31,1145,N,VIIRS,n,2.0NRT,283.95,6.32,N
49.84583,-121.26658,312.0,0.61,0.71,2026-07-31,1145,N,VIIRS,n,2.0NRT,284.53,5.16,N
49.84658,-121.24798,325.06,0.62,0.71,2026-07-31,1145,N,VIIRS,n,2.0NRT,284.44,4.66,N
49.84695,-121.28334,304.38,0.61,0.71,2026-07-31,1145,N,VIIRS,n,2.0NRT,283.21,6.81,N
49.84701,-121.24183,327.79,0.62,0.71,2026-07-31,1145,N,VIIRS,n,2.0NRT,284.81,3.76,N
49.84702,-121.26273,315.46,0.62,0.71,2026-07-31,1145,N,VIIRS,n,2.0NRT,284.88,6.32,N
49.84741,-121.27081,314.58,0.61,0.71,2026-07-31,1145,N,VIIRS,n,2.0NRT,285.76,5.16,N
49.84842,-121.23226,332.89,0.62,0.71,2026-07-31,1145,N,VIIRS,n,2.0NRT,284.02,4.8,N
49.84862,-121.26704,316.74,0.61,0.71,2026-07-31,1145,N,VIIRS,n,2.0NRT,286.83,4.9,N
49.84874,-121.25374,321.14,0.62,0.71,2026-07-31,1145,N,VIIRS,n,2.0NRT,286.32,4.66,N
49.84888,-121.22604,310.85,0.62,0.71,2026-07-31,1145,N,VIIRS,n,2.0NRT,282.88,5.83,N
49.84895,-121.2053,296.34,0.62,0.71,2026-07-31,1145,N,VIIRS,n,2.0NRT,281.56,1.88,N
49.84919,-121.24773,331.43,0.62,0.71,2026-07-31,1145,N,VIIRS,n,2.0NRT,287.68,6.32,N
49.84972,-121.27695,322.72,0.61,0.71,2026-07-31,1145,N,VIIRS,n,2.0NRT,285.61,4.0,N
49.85048,-121.27206,322.92,0.61,0.71,2026-07-31,1145,N,VIIRS,n,2.0NRT,286.19,4.9,N
49.85065,-121.21755,296.73,0.62,0.71,2026-07-31,1145,N,VIIRS,n,2.0NRT,282.08,4.8,N
49.85077,-121.25915,326.1,0.61,0.71,2026-07-31,1145,N,VIIRS,n,2.0NRT,287.59,5.16,N
49.85078,-121.23858,335.48,0.62,0.71,2026-07-31,1145,N,VIIRS,n,2.0NRT,287.38,8.49,N
49.85107,-121.19803,311.52,0.62,0.71,2026-07-31,1145,N,VIIRS,n,2.0NRT,281.18,13.24,N
49.8513,-121.23255,336.96,0.62,0.71,2026-07-31,1145,N,VIIRS,n,2.0NRT,286.14,5.83,N
49.85133,-121.25351,325.75,0.62,0.71,2026-07-31,1145,N,VIIRS,n,2.0NRT,287.95,6.32,N
49.85138,-121.21188,298.6,0.62,0.71,2026-07-31,1145,N,VIIRS,n,2.0NRT,281.69,1.88,N
49.85197,-121.50422,298.04,0.6,0.71,2026-07-31,1145,N,VIIRS,n,2.0NRT,280.94,1.31,N
49.85215,-121.19306,307.3,0.62,0.71,2026-07-31,1145,N,VIIRS,n,2.0NRT,281.26,7.08,N
49.85294,-121.26494,316.87,0.61,0.71,2026-07-31,1145,N,VIIRS,n,2.0NRT,285.76,5.16,N
49.853,-121.22382,317.19,0.62,0.71,2026-07-31,1145,N,VIIRS,n,2.0NRT,283.58,4.8,N
49.85304,-121.24458,340.76,0.62,0.71,2026-07-31,1145,N,VIIRS,n,2.0NRT,287.72,8.49,N
49.85341,-121.50716,296.65,0.6,0.71,2026-07-31,1145,N,VIIRS,n,2.0NRT,280.77,1.06,N
49.85355,-121.20466,367.0,0.62,0.71,2026-07-31,1145,N,VIIRS,h,2.0NRT,282.81,13.24,N
49.85359,-121.25964,323.02,0.61,0.71,2026-07-31,1145,N,VIIRS,n,2.0NRT,285.56,4.9,N
49.85362,-121.23884,331.3,0.62,0.71,2026-07-31,1145,N,VIIRS,n,2.0NRT,286.34,7.54,N
49.854,-121.21896,315.52,0.62,0.71,2026-07-31,1145,N,VIIRS,n,2.0NRT,282.7,5.83,N
49.85439,-121.28267,307.32,0.61,0.71,2026-07-31,1145,N,VIIRS,n,2.0NRT,282.23,5.87,N
49.85451,-121.19946,356.48,0.62,0.71,2026-07-31,1145,N,VIIRS,n,2.0NRT,284.71,21.56,N
49.85454,-121.18661,297.57,0.62,0.71,2026-07-31,1145,N,VIIRS,n,2.0NRT,281.34,4.95,N
49.85522,-121.2916,299.33,0.61,0.71,2026-07-31,1145,N,VIIRS,n,2.0NRT,281.23,4.0,N
49.85612,-121.23217,324.59,0.62,0.71,2026-07-31,1145,N,VIIRS,n,2.0NRT,285.41,8.49,N
49.85648,-121.25377,324.28,0.61,0.71,2026-07-31,1145,N,VIIRS,n,2.0NRT,284.65,5.78,N
49.85667,-121.2749,306.68,0.61,0.71,2026-07-31,1145,N,VIIRS,n,2.0NRT,283.09,4.0,N
49.85683,-121.21342,324.52,0.62,0.71,2026-07-31,1145,N,VIIRS,n,2.0NRT,283.15,11.11,N
49.85703,-121.24809,326.2,0.62,0.71,2026-07-31,1145,N,VIIRS,n,2.0NRT,284.27,7.54,N
49.85704,-121.269,304.69,0.61,0.71,2026-07-31,1145,N,VIIRS,n,2.0NRT,283.07,4.9,N
49.85713,-121.19353,335.89,0.62,0.71,2026-07-31,1145,N,VIIRS,n,2.0NRT,283.01,13.24,N
49.85723,-121.22773,331.43,0.62,0.71,2026-07-31,1145,N,VIIRS,n,2.0NRT,285.54,5.83,N
49.85815,-121.18843,315.02,0.62,0.71,2026-07-31,1145,N,VIIRS,n,2.0NRT,281.83,7.08,N
49.8583,-121.20975,367.0,0.62,0.71,2026-07-31,1145,N,VIIRS,h,2.0NRT,283.66,21.56,N
49.86024,-121.24316,324.36,0.62,0.71,2026-07-31,1145,N,VIIRS,n,2.0NRT,284.74,8.49,N
49.86046,-121.2231,348.47,0.62,0.71,2026-07-31,1145,N,VIIRS,n,2.0NRT,286.2,11.11,N
49.86053,-121.18192,302.26,0.62,0.71,2026-07-31,1145,N,VIIRS,n,2.0NRT,280.99,3.33,N
49.86106,-121.23814,328.66,0.62,0.71,2026-07-31,1145,N,VIIRS,n,2.0NRT,285.52,7.54,N
49.86152,-121.26721,315.93,0.61,0.71,2026-07-31,1145,N,VIIRS,n,2.0NRT,282.52,5.78,N
49.86172,-121.2058,367.0,0.62,0.71,2026-07-31,1145,N,VIIRS,h,2.0NRT,287.65,13.24,N
49.86176,-121.21915,337.61,0.62,0.71,2026-07-31,1145,N,VIIRS,n,2.0NRT,284.38,13.73,N
49.86249,-121.20022,353.15,0.62,0.71,2026-07-31,1145,N,VIIRS,n,2.0NRT,283.27,21.56,N
49.86288,-121.264,320.07,0.61,0.71,2026-07-31,1145,N,VIIRS,n,2.0NRT,282.83,3.93,N
49.86362,-121.19019,332.99,0.62,0.71,2026-07-31,1145,N,VIIRS,n,2.0NRT,281.38,7.51,N
49.86421,-121.23312,325.52,0.62,0.71,2026-07-31,1145,N,VIIRS,n,2.0NRT,284.68,6.6,N
49.86436,-121.18433,316.21,0.62,0.71,2026-07-31,1145,N,VIIRS,n,2.0NRT,281.08,3.84,N
49.86518,-121.21503,308.21,0.62,0.71,2026-07-31,1145,N,VIIRS,n,2.0NRT,281.74,11.11,N
49.86526,-121.22866,341.33,0.62,0.71,2026-07-31,1145,N,VIIRS,n,2.0NRT,284.9,13.73,N
49.86628,-121.27991,298.59,0.61,0.71,2026-07-31,1145,N,VIIRS,n,2.0NRT,280.73,5.5,N
49.86634,-121.27338,309.34,0.61,0.71,2026-07-31,1145,N,VIIRS,n,2.0NRT,281.26,3.93,N
49.86686,-121.26083,318.05,0.61,0.71,2026-07-31,1145,N,VIIRS,n,2.0NRT,282.19,5.78,N
49.86707,-121.25448,311.87,0.62,0.71,2026-07-31,1145,N,VIIRS,n,2.0NRT,281.46,7.54,N
49.8686,-121.22417,316.19,0.62,0.71,2026-07-31,1145,N,VIIRS,n,2.0NRT,281.78,11.11,N
49.86896,-121.2458,324.84,0.62,0.71,2026-07-31,1145,N,VIIRS,n,2.0NRT,284.29,6.6,N
49.86909,-121.23905,319.16,0.62,0.71,2026-07-31,1145,N,VIIRS,n,2.0NRT,283.08,4.4,N
49.86974,-121.19896,300.53,0.62,0.71,2026-07-31,1145,N,VIIRS,n,2.0NRT,280.09,3.1,N
49.86994,-121.26907,318.56,0.61,0.71,2026-07-31,1145,N,VIIRS,n,2.0NRT,282.89,5.78,N
49.87125,-121.26587,313.28,0.61,0.71,2026-07-31,1145,N,VIIRS,n,2.0NRT,282.08,3.93,N
49.87212,-121.2336,298.15,0.62,0.71,2026-07-31,1145,N,VIIRS,n,2.0NRT,280.69,6.6,N
49.87353,-121.27202,305.36,0.61,0.71,2026-07-31,1145,N,VIIRS,n,2.0NRT,280.24,3.93,N
49.8747,-121.25433,297.47,0.62,0.71,2026-07-31,1145,N,VIIRS,n,2.0NRT,279.31,4.4,N
49.87643,-121.26579,297.77,0.61,0.71,2026-07-31,1145,N,VIIRS,n,2.0NRT,279.84,3.71,N
49.93393,-121.29613,306.83,0.61,0.71,2026-07-31,1145,N,VIIRS,n,2.0NRT,279.46,2.65,N
49.9359,-121.30143,331.92,0.61,0.71,2026-07-31,1145,N,VIIRS,n,2.0NRT,279.42,6.49,N
49.93878,-121.28849,300.32,0.61,0.71,2026-07-31,1145,N,VIIRS,n,2.0NRT,279.24,2.65,N
49.94056,-121.29327,299.18,0.61,0.71,2026-07-31,1145,N,VIIRS,n,2.0NRT,280.24,2.65,N
49.94231,-121.298,310.22,0.61,0.71,2026-07-31,1145,N,VIIRS,n,2.0NRT,281.26,6.49,N
49.94429,-121.30334,317.89,0.61,0.71,2026-07-31,1145,N,VIIRS,n,2.0NRT,280.12,6.49,N
49.94696,-121.31054,354.42,0.61,0.71,2026-07-31,1145,N,VIIRS,n,2.0NRT,280.19,16.73,N
49.95088,-121.30042,298.96,0.61,0.71,2026-07-31,1145,N,VIIRS,n,2.0NRT,280.25,6.71,N
49.95298,-121.30608,367.0,0.61,0.71,2026-07-31,1145,N,VIIRS,h,2.0NRT,287.06,10.74,N
49.95528,-121.31229,298.96,0.61,0.71,2026-07-31,1145,N,VIIRS,n,2.0NRT,277.65,10.74,N
50.08886,-121.26082,295.63,0.6,0.71,2026-07-31,1145,N,VIIRS,n,2.0NRT,279.2,1.21,N
50.10147,-121.25352,298.3,0.6,0.71,2026-07-31,1145,N,VIIRS,n,2.0NRT,280.04,1.78,N
49.7676,-121.37799,347.48,0.45,0.63,2026-07-31,1951,N,VIIRS,n,2.0NRT,294.07,14.81,D
49.76783,-121.39751,348.25,0.45,0.63,2026-07-31,1951,N,VIIRS,n,2.0NRT,298.22,42.45,D
49.76907,-121.39371,367.0,0.45,0.63,2026-07-31,1951,N,VIIRS,h,2.0NRT,300.31,35.37,D
49.77018,-121.39031,353.36,0.45,0.63,2026-07-31,1951,N,VIIRS,n,2.0NRT,293.23,35.37,D
49.77036,-121.36959,347.43,0.45,0.63,2026-07-31,1951,N,VIIRS,n,2.0NRT,294.12,14.79,D
49.77205,-121.36443,367.0,0.45,0.63,2026-07-31,1951,N,VIIRS,h,2.0NRT,296.82,14.79,D
49.77383,-121.35899,367.0,0.45,0.63,2026-07-31,1951,N,VIIRS,h,2.0NRT,295.95,18.72,D
49.78205,-121.4351,347.33,0.45,0.63,2026-07-31,1951,N,VIIRS,n,2.0NRT,294.01,6.75,D
49.78598,-121.40275,325.9,0.45,0.63,2026-07-31,1951,N,VIIRS,n,2.0NRT,293.04,5.39,D
49.79306,-121.40134,336.34,0.45,0.63,2026-07-31,1951,N,VIIRS,n,2.0NRT,292.71,7.57,D
49.7971,-121.32831,334.51,0.45,0.63,2026-07-31,1951,N,VIIRS,n,2.0NRT,291.69,14.99,D
49.80375,-121.32815,356.1,0.45,0.63,2026-07-31,1951,N,VIIRS,n,2.0NRT,291.95,14.99,D
49.80611,-121.32091,367.0,0.45,0.63,2026-07-31,1951,N,VIIRS,h,2.0NRT,292.96,38.53,D
49.81737,-121.30659,353.59,0.45,0.63,2026-07-31,1951,N,VIIRS,n,2.0NRT,289.59,14.36,D
49.81973,-121.29935,337.59,0.45,0.63,2026-07-31,1951,N,VIIRS,n,2.0NRT,288.71,15.05,D
49.84258,-121.22906,354.66,0.44,0.63,2026-07-31,1951,N,VIIRS,n,2.0NRT,292.99,12.81,D
49.84402,-121.2246,337.02,0.44,0.62,2026-07-31,1951,N,VIIRS,n,2.0NRT,290.79,12.75,D
49.84718,-121.23508,367.0,0.44,0.63,2026-07-31,1951,N,VIIRS,h,2.0NRT,292.81,12.81,D
49.84863,-121.23063,338.79,0.44,0.62,2026-07-31,1951,N,VIIRS,n,2.0NRT,290.67,12.75,D
49.85013,-121.226,367.0,0.44,0.62,2026-07-31,1951,N,VIIRS,h,2.0NRT,292.38,12.75,D
49.85174,-121.30029,334.93,0.44,0.63,2026-07-31,1951,N,VIIRS,n,2.0NRT,287.89,5.84,D
49.85273,-121.299,342.77,0.44,0.63,2026-07-31,1951,N,VIIRS,n,2.0NRT,288.43,7.43,D
49.85302,-121.29642,343.36,0.44,0.63,2026-07-31,1951,N,VIIRS,n,2.0NRT,289.18,7.28,D
49.85352,-121.21555,325.1,0.44,0.62,2026-07-31,1951,N,VIIRS,n,2.0NRT,289.65,15.68,D
49.854,-121.29506,342.13,0.44,0.63,2026-07-31,1951,N,VIIRS,n,2.0NRT,290.26,7.43,D
49.8544,-121.29222,331.52,0.44,0.63,2026-07-31,1951,N,VIIRS,n,2.0NRT,290.75,7.28,D
49.85547,-121.29053,325.18,0.44,0.63,2026-07-31,1951,N,VIIRS,n,2.0NRT,290.28,11.25,D
49.85577,-121.2086,343.1,0.44,0.62,2026-07-31,1951,N,VIIRS,n,2.0NRT,291.55,10.54,D
49.85603,-121.28726,327.17,0.44,0.63,2026-07-31,1951,N,VIIRS,n,2.0NRT,290.96,8.73,D
49.85928,-121.29903,334.58,0.44,0.63,2026-07-31,1951,N,VIIRS,n,2.0NRT,286.6,12.47,D
49.85968,-121.2962,367.0,0.44,0.63,2026-07-31,1951,N,VIIRS,h,2.0NRT,291.3,13.77,D
49.85987,-121.21617,332.01,0.44,0.62,2026-07-31,1951,N,VIIRS,n,2.0NRT,290.06,9.15,D
49.8601,-121.19524,367.0,0.44,0.62,2026-07-31,1951,N,VIIRS,h,2.0NRT,294.68,7.77,D
49.86077,-121.29443,367.0,0.44,0.63,2026-07-31,1951,N,VIIRS,h,2.0NRT,290.85,12.47,D
49.86122,-121.29153,333.91,0.44,0.63,2026-07-31,1951,N,VIIRS,n,2.0NRT,288.99,13.77,D
49.86137,-121.23177,335.35,0.44,0.62,2026-07-31,1951,N,VIIRS,n,2.0NRT,292.18,12.04,D
49.86178,-121.19006,325.4,0.44,0.62,2026-07-31,1951,N,VIIRS,n,2.0NRT,291.12,7.77,D
49.86267,-121.2075,349.88,0.44,0.62,2026-07-31,1951,N,VIIRS,n,2.0NRT,293.94,51.39,D
49.8638,-121.22424,331.05,0.44,0.62,2026-07-31,1951,N,VIIRS,n,2.0NRT,291.66,9.15,D
49.86471,-121.2012,367.0,0.44,0.62,2026-07-31,1951,N,VIIRS,h,2.0NRT,294.49,51.39,D
49.86646,-121.19581,357.01,0.44,0.62,2026-07-31,1951,N,VIIRS,n,2.0NRT,298.41,68.54,D
49.86808,-121.19078,349.98,0.44,0.62,2026-07-31,1951,N,VIIRS,n,2.0NRT,298.22,68.54,D
49.86974,-121.18563,367.0,0.44,0.62,2026-07-31,1951,N,VIIRS,h,2.0NRT,301.45,75.53,D
49.93827,-121.29713,367.0,0.44,0.62,2026-07-31,1951,N,VIIRS,h,2.0NRT,292.95,9.91,D
49.94792,-121.30785,329.4,0.44,0.62,2026-07-31,1951,N,VIIRS,n,2.0NRT,288.97,5.19,D
49.95056,-121.29967,338.33,0.44,0.62,2026-07-31,1951,N,VIIRS,n,2.0NRT,290.2,5.19,D
50.07915,-121.26945,335.74,0.44,0.62,2026-07-31,1951,N,VIIRS,n,2.0NRT,293.89,7.7,D
50.08757,-121.26359,367.0,0.44,0.62,2026-07-31,1951,N,VIIRS,h,2.0NRT,295.72,15.22,D
50.09319,-121.26635,342.61,0.44,0.62,2026-07-31,1951,N,VIIRS,n,2.0NRT,290.34,7.42,D
50.09468,-121.2639,351.51,0.43,0.62,2026-07-31,1951,N,VIIRS,n,2.0NRT,291.53,9.51,D
50.1124,-121.22978,325.86,0.43,0.62,2026-07-31,1951,N,VIIRS,n,2.0NRT,291.26,5.38,D
49.76344,-121.37859,344.57,0.41,0.45,2026-07-31,2131,N,VIIRS,n,2.0NRT,310.37,37.47,D
49.76383,-121.37387,342.06,0.41,0.45,2026-07-31,2131,N,VIIRS,n,2.0NRT,303.8,24.42,D
49.76641,-121.39349,340.3,0.41,0.45,2026-07-31,2131,N,VIIRS,n,2.0NRT,298.54,3.35,D
49.76708,-121.38536,339.86,0.41,0.45,2026-07-31,2131,N,VIIRS,n,2.0NRT,305.4,34.47,D
49.7676,-121.37916,351.21,0.41,0.45,2026-07-31,2131,N,VIIRS,n,2.0NRT,304.49,34.47,D
49.76799,-121.3744,341.77,0.41,0.45,2026-07-31,2131,N,VIIRS,l,2.0NRT,313.8,66.57,D
49.76888,-121.36365,340.96,0.41,0.45,2026-07-31,2131,N,VIIRS,n,2.0NRT,303.38,22.73,D
49.7705,-121.39481,334.47,0.41,0.45,2026-07-31,2131,N,VIIRS,n,2.0NRT,296.61,3.35,D
49.7726,-121.36951,341.68,0.41,0.45,2026-07-31,2131,N,VIIRS,n,2.0NRT,299.72,66.57,D
49.77308,-121.36361,347.95,0.41,0.45,2026-07-31,2131,N,VIIRS,n,2.0NRT,299.44,22.73,D
49.77725,-121.36414,349.91,0.41,0.45,2026-07-31,2131,N,VIIRS,n,2.0NRT,301.78,6.92,D
49.78182,-121.35973,339.19,0.41,0.45,2026-07-31,2131,N,VIIRS,n,2.0NRT,302.67,6.92,D
49.78223,-121.35471,355.04,0.41,0.45,2026-07-31,2131,N,VIIRS,n,2.0NRT,301.4,15.35,D
49.78394,-121.33411,346.49,0.41,0.45,2026-07-31,2131,N,VIIRS,n,2.0NRT,309.49,68.54,D
49.78415,-121.43253,346.88,0.41,0.45,2026-07-31,2131,N,VIIRS,n,2.0NRT,303.4,10.09,D
49.78453,-121.42795,349.17,0.41,0.45,2026-07-31,2131,N,VIIRS,n,2.0NRT,303.35,14.56,D
49.78598,-121.36032,338.16,0.41,0.45,2026-07-31,2131,N,VIIRS,n,2.0NRT,300.41,7.47,D
49.78642,-121.35509,343.27,0.41,0.45,2026-07-31,2131,N,VIIRS,n,2.0NRT,297.91,6.24,D
49.78668,-121.40221,353.44,0.41,0.45,2026-07-31,2131,N,VIIRS,n,2.0NRT,300.65,10.89,D
49.78733,-121.3441,356.19,0.41,0.45,2026-07-31,2131,N,VIIRS,n,2.0NRT,302.72,50.12,D
49.78777,-121.33878,355.65,0.41,0.45,2026-07-31,2131,N,VIIRS,n,2.0NRT,304.18,50.12,D
49.7879,-121.4378,353.66,0.41,0.45,2026-07-31,2131,N,VIIRS,n,2.0NRT,311.15,30.84,D
49.78819,-121.33364,348.12,0.41,0.45,2026-07-31,2131,N,VIIRS,n,2.0NRT,297.36,195.64,D
49.78827,-121.43349,346.05,0.41,0.45,2026-07-31,2131,N,VIIRS,n,2.0NRT,301.94,30.84,D
49.78861,-121.32853,344.92,0.41,0.45,2026-07-31,2131,N,VIIRS,n,2.0NRT,296.49,195.64,D
49.78905,-121.42404,346.66,0.41,0.45,2026-07-31,2131,N,VIIRS,n,2.0NRT,300.17,13.98,D
49.78945,-121.4193,346.7,0.41,0.45,2026-07-31,2131,N,VIIRS,n,2.0NRT,299.91,6.79,D
49.79057,-121.35576,341.05,0.41,0.45,2026-07-31,2131,N,VIIRS,n,2.0NRT,299.24,6.24,D
49.79078,-121.40351,328.0,0.41,0.45,2026-07-31,2131,N,VIIRS,n,2.0NRT,297.17,2.95,D
49.79156,-121.39411,329.64,0.41,0.45,2026-07-31,2131,N,VIIRS,n,2.0NRT,296.59,2.81,D
49.79238,-121.33392,367.0,0.41,0.45,2026-07-31,2131,N,VIIRS,l,2.0NRT,355.54,195.64,D
49.79278,-121.32903,367.0,0.41,0.45,2026-07-31,2131,N,VIIRS,h,2.0NRT,373.08,195.64,D
49.7932,-121.32401,352.33,0.41,0.45,2026-07-31,2131,N,VIIRS,n,2.0NRT,299.19,92.47,D
49.79359,-121.41998,328.9,0.41,0.45,2026-07-31,2131,N,VIIRS,n,2.0NRT,298.85,6.79,D
49.79396,-121.41554,338.87,0.41,0.45,2026-07-31,2131,N,VIIRS,n,2.0NRT,301.19,6.79,D
49.79436,-121.41082,335.15,0.41,0.45,2026-07-31,2131,N,VIIRS,n,2.0NRT,300.53,2.95,D
49.79656,-121.33428,367.0,0.41,0.45,2026-07-31,2131,N,VIIRS,l,2.0NRT,378.21,0.0,D
49.79696,-121.3295,367.0,0.41,0.45,2026-07-31,2131,N,VIIRS,l,2.0NRT,386.23,0.0,D
49.79737,-121.32459,367.0,0.41,0.45,2026-07-31,2131,N,VIIRS,h,2.0NRT,350.96,310.3,D
49.79779,-121.31947,354.77,0.41,0.45,2026-07-31,2131,N,VIIRS,n,2.0NRT,297.69,310.3,D
49.79846,-121.41191,334.14,0.41,0.45,2026-07-31,2131,N,VIIRS,n,2.0NRT,300.24,5.67,D
49.79897,-121.40596,341.02,0.41,0.45,2026-07-31,2131,N,VIIRS,n,2.0NRT,298.12,5.67,D
49.80074,-121.33476,339.53,0.41,0.45,2026-07-31,2131,N,VIIRS,n,2.0NRT,302.84,0.0,D
49.802,-121.31951,367.0,0.41,0.45,2026-07-31,2131,N,VIIRS,h,2.0NRT,294.7,310.3,D
49.80244,-121.31419,346.32,0.41,0.45,2026-07-31,2131,N,VIIRS,n,2.0NRT,292.09,13.93,D
49.80533,-121.33021,346.8,0.41,0.45,2026-07-31,2131,N,VIIRS,n,2.0NRT,304.96,24.94,D
49.80576,-121.32504,367.0,0.41,0.45,2026-07-31,2131,N,VIIRS,h,2.0NRT,330.31,63.03,D
49.80619,-121.31989,353.42,0.41,0.45,2026-07-31,2131,N,VIIRS,n,2.0NRT,317.89,63.03,D
49.80662,-121.31472,357.17,0.41,0.45,2026-07-31,2131,N,VIIRS,l,2.0NRT,294.14,56.6,D
49.80705,-121.30952,351.18,0.41,0.45,2026-07-31,2131,N,VIIRS,n,2.0NRT,289.75,56.6,D
49.80992,-121.32571,337.14,0.41,0.45,2026-07-31,2131,N,VIIRS,n,2.0NRT,298.49,63.03,D
49.81034,-121.32068,348.86,0.41,0.45,2026-07-31,2131,N,VIIRS,n,2.0NRT,296.51,63.03,D
49.81076,-121.31558,269.9,0.41,0.45,2026-07-31,2131,N,VIIRS,l,2.0NRT,308.72,56.6,D
49.8112,-121.31028,357.09,0.41,0.45,2026-07-31,2131,N,VIIRS,n,2.0NRT,295.65,56.6,D
49.81167,-121.3047,337.52,0.41,0.45,2026-07-31,2131,N,VIIRS,n,2.0NRT,288.0,12.22,D
49.8154,-121.31058,337.78,0.41,0.45,2026-07-31,2131,N,VIIRS,n,2.0NRT,287.1,9.63,D
49.8163,-121.29974,342.6,0.41,0.45,2026-07-31,2131,N,VIIRS,n,2.0NRT,288.4,12.27,D
49.81673,-121.29461,367.0,0.41,0.45,2026-07-31,2131,N,VIIRS,h,2.0NRT,297.48,14.61,D
49.81716,-121.28941,341.1,0.41,0.45,2026-07-31,2131,N,VIIRS,n,2.0NRT,292.22,14.61,D
49.8209,-121.29527,335.28,0.41,0.45,2026-07-31,2131,N,VIIRS,n,2.0NRT,286.9,14.61,D
49.82175,-121.28497,346.41,0.41,0.45,2026-07-31,2131,N,VIIRS,n,2.0NRT,300.19,21.7,D
49.82217,-121.27999,367.0,0.41,0.45,2026-07-31,2131,N,VIIRS,h,2.0NRT,298.39,21.7,D
49.83548,-121.27228,343.46,0.41,0.45,2026-07-31,2131,N,VIIRS,n,2.0NRT,294.25,6.29,D
49.84307,-121.23225,332.96,0.41,0.45,2026-07-31,2131,N,VIIRS,l,2.0NRT,306.84,27.73,D
49.84361,-121.22591,339.87,0.41,0.45,2026-07-31,2131,N,VIIRS,n,2.0NRT,295.73,27.73,D
49.84485,-121.31114,356.72,0.41,0.45,2026-07-31,2131,N,VIIRS,n,2.0NRT,288.69,11.31,D
49.84526,-121.31368,339.08,0.41,0.45,2026-07-31,2131,N,VIIRS,n,2.0NRT,286.77,7.61,D
49.84735,-121.23174,357.37,0.41,0.45,2026-07-31,2131,N,VIIRS,n,2.0NRT,298.96,14.12,D
49.84788,-121.2255,334.76,0.41,0.45,2026-07-31,2131,N,VIIRS,n,2.0NRT,294.27,14.12,D
49.85055,-121.50639,347.12,0.4,0.44,2026-07-31,2131,N,VIIRS,n,2.0NRT,299.68,5.79,D
49.8509,-121.50214,341.49,0.4,0.44,2026-07-31,2131,N,VIIRS,n,2.0NRT,299.78,5.79,D
49.85163,-121.2312,343.6,0.41,0.45,2026-07-31,2131,N,VIIRS,n,2.0NRT,297.89,14.12,D
49.85212,-121.22752,367.0,0.41,0.45,2026-07-31,2131,N,VIIRS,h,2.0NRT,299.31,8.42,D
49.85214,-121.2252,367.0,0.41,0.45,2026-07-31,2131,N,VIIRS,h,2.0NRT,300.3,14.12,D
49.85258,-121.22168,350.12,0.41,0.45,2026-07-31,2131,N,VIIRS,n,2.0NRT,298.73,8.42,D
49.85263,-121.21941,335.49,0.41,0.45,2026-07-31,2131,N,VIIRS,n,2.0NRT,295.53,5.73,D
49.85482,-121.29327,355.91,0.41,0.45,2026-07-31,2131,N,VIIRS,n,2.0NRT,292.26,23.7,D
49.85506,-121.29665,352.24,0.41,0.45,2026-07-31,2131,N,VIIRS,n,2.0NRT,293.66,22.85,D
49.85564,-121.28932,346.27,0.41,0.45,2026-07-31,2131,N,VIIRS,n,2.0NRT,290.74,12.43,D
49.85628,-121.22847,342.91,0.41,0.45,2026-07-31,2131,N,VIIRS,n,2.0NRT,300.49,8.42,D
49.85629,-121.22621,345.92,0.41,0.45,2026-07-31,2131,N,VIIRS,n,2.0NRT,299.85,5.4,D
49.85672,-121.22291,335.0,0.41,0.45,2026-07-31,2131,N,VIIRS,n,2.0NRT,297.78,8.42,D
49.85676,-121.22066,346.45,0.41,0.45,2026-07-31,2131,N,VIIRS,n,2.0NRT,300.18,9.08,D
49.85716,-121.21743,367.0,0.41,0.45,2026-07-31,2131,N,VIIRS,h,2.0NRT,303.48,15.46,D
49.85721,-121.21523,354.83,0.41,0.45,2026-07-31,2131,N,VIIRS,n,2.0NRT,300.79,9.08,D
49.85758,-121.21204,349.86,0.42,0.45,2026-07-31,2131,N,VIIRS,n,2.0NRT,300.44,15.46,D
49.85766,-121.20985,352.32,0.41,0.45,2026-07-31,2131,N,VIIRS,n,2.0NRT,302.5,11.56,D
49.85802,-121.20656,367.0,0.42,0.45,2026-07-31,2131,N,VIIRS,h,2.0NRT,304.05,11.52,D
49.85813,-121.20435,367.0,0.42,0.45,2026-07-31,2131,N,VIIRS,h,2.0NRT,301.35,11.56,D
49.85848,-121.20079,329.83,0.42,0.45,2026-07-31,2131,N,VIIRS,n,2.0NRT,295.98,11.52,D
49.85962,-121.29238,344.28,0.41,0.45,2026-07-31,2131,N,VIIRS,n,2.0NRT,288.29,12.43,D
49.85987,-121.23388,331.37,0.41,0.45,2026-07-31,2131,N,VIIRS,l,2.0NRT,301.42,5.4,D
49.86034,-121.23058,335.81,0.41,0.45,2026-07-31,2131,N,VIIRS,n,2.0NRT,302.76,15.57,D
49.86034,-121.22829,336.02,0.41,0.45,2026-07-31,2131,N,VIIRS,n,2.0NRT,303.62,5.4,D
49.86078,-121.22502,333.77,0.41,0.45,2026-07-31,2131,N,VIIRS,n,2.0NRT,303.06,15.57,D
49.86081,-121.22277,329.16,0.41,0.45,2026-07-31,2131,N,VIIRS,l,2.0NRT,299.4,9.08,D
49.86126,-121.2174,334.11,0.41,0.45,2026-07-31,2131,N,VIIRS,n,2.0NRT,296.4,9.08,D
49.86164,-121.21427,353.76,0.42,0.45,2026-07-31,2131,N,VIIRS,n,2.0NRT,298.37,10.37,D
49.8617,-121.21216,367.0,0.41,0.45,2026-07-31,2131,N,VIIRS,h,2.0NRT,299.67,11.56,D
49.86206,-121.209,356.61,0.42,0.45,2026-07-31,2131,N,VIIRS,n,2.0NRT,300.1,13.1,D
49.86215,-121.20673,355.14,0.42,0.45,2026-07-31,2131,N,VIIRS,n,2.0NRT,300.28,11.56,D
49.86252,-121.20331,353.52,0.42,0.45,2026-07-31,2131,N,VIIRS,n,2.0NRT,302.17,13.1,D
49.86265,-121.20084,367.0,0.42,0.45,2026-07-31,2131,N,VIIRS,h,2.0NRT,304.14,101.5,D
49.86356,-121.19018,350.04,0.42,0.45,2026-07-31,2131,N,VIIRS,n,2.0NRT,312.54,69.4,D
49.86377,-121.18766,345.4,0.42,0.45,2026-07-31,2131,N,VIIRS,n,2.0NRT,299.54,53.48,D
49.86396,-121.23827,334.56,0.41,0.45,2026-07-31,2131,N,VIIRS,n,2.0NRT,299.79,12.25,D
49.86417,-121.28828,337.16,0.41,0.45,2026-07-31,2131,N,VIIRS,n,2.0NRT,288.6,5.34,D
49.86441,-121.23262,332.39,0.41,0.45,2026-07-31,2131,N,VIIRS,n,2.0NRT,295.3,15.57,D
49.86486,-121.22707,352.69,0.41,0.45,2026-07-31,2131,N,VIIRS,n,2.0NRT,310.14,15.57,D
49.8653,-121.22154,344.75,0.41,0.45,2026-07-31,2131,N,VIIRS,n,2.0NRT,295.89,10.37,D
49.86573,-121.2162,348.43,0.42,0.45,2026-07-31,2131,N,VIIRS,n,2.0NRT,296.14,10.37,D
49.8671,-121.19904,367.0,0.42,0.45,2026-07-31,2131,N,VIIRS,h,2.0NRT,296.49,69.4,D
49.86762,-121.19247,346.87,0.42,0.45,2026-07-31,2131,N,VIIRS,n,2.0NRT,310.1,69.4,D
49.87224,-121.18766,330.14,0.42,0.45,2026-07-31,2131,N,VIIRS,n,2.0NRT,293.03,4.02,D
49.91943,-121.53277,345.26,0.4,0.44,2026-07-31,2131,N,VIIRS,n,2.0NRT,314.96,79.88,D
49.93476,-121.30259,336.99,0.41,0.45,2026-07-31,2131,N,VIIRS,n,2.0NRT,295.41,4.25,D
49.93521,-121.29727,353.28,0.41,0.45,2026-07-31,2131,N,VIIRS,n,2.0NRT,301.89,13.51,D
49.93894,-121.30315,341.46,0.41,0.45,2026-07-31,2131,N,VIIRS,n,2.0NRT,298.9,10.89,D
49.93937,-121.298,350.73,0.41,0.45,2026-07-31,2131,N,VIIRS,n,2.0NRT,307.12,25.42,D
49.94678,-121.31028,338.33,0.41,0.45,2026-07-31,2131,N,VIIRS,n,2.0NRT,294.23,15.84,D
49.94728,-121.30444,356.74,0.41,0.45,2026-07-31,2131,N,VIIRS,n,2.0NRT,308.3,15.84,D
49.94769,-121.2996,339.75,0.41,0.45,2026-07-31,2131,N,VIIRS,n,2.0NRT,298.2,10.08,D
49.95097,-121.3108,337.25,0.41,0.45,2026-07-31,2131,N,VIIRS,n,2.0NRT,297.05,15.84,D
49.95141,-121.30546,352.74,0.41,0.45,2026-07-31,2131,N,VIIRS,n,2.0NRT,308.64,15.84,D
49.9522,-121.3075,367.0,0.41,0.45,2026-07-31,2131,N,VIIRS,h,2.0NRT,305.45,20.19,D
49.95299,-121.29766,349.52,0.41,0.45,2026-07-31,2131,N,VIIRS,n,2.0NRT,296.6,7.76,D
49.95594,-121.30176,340.87,0.41,0.45,2026-07-31,2131,N,VIIRS,n,2.0NRT,297.09,11.57,D
49.95636,-121.29681,352.01,0.41,0.45,2026-07-31,2131,N,VIIRS,n,2.0NRT,300.55,11.57,D
49.95679,-121.29172,338.99,0.41,0.45,2026-07-31,2131,N,VIIRS,n,2.0NRT,293.69,4.56,D
49.95712,-121.29893,351.4,0.41,0.45,2026-07-31,2131,N,VIIRS,n,2.0NRT,295.89,7.76,D
49.95753,-121.29379,345.89,0.41,0.45,2026-07-31,2131,N,VIIRS,n,2.0NRT,293.25,7.76,D
50.07814,-121.26939,343.83,0.42,0.45,2026-07-31,2131,N,VIIRS,n,2.0NRT,296.49,5.08,D
50.082,-121.22083,345.58,0.42,0.45,2026-07-31,2131,N,VIIRS,n,2.0NRT,297.86,8.27,D
50.08546,-121.33625,332.06,0.41,0.45,2026-07-31,2131,N,VIIRS,n,2.0NRT,296.68,4.23,D
50.087,-121.26443,352.71,0.42,0.45,2026-07-31,2131,N,VIIRS,n,2.0NRT,307.19,20.06,D
50.09114,-121.26565,336.2,0.42,0.45,2026-07-31,2131,N,VIIRS,n,2.0NRT,300.45,20.06,D
50.09165,-121.25934,343.41,0.42,0.45,2026-07-31,2131,N,VIIRS,n,2.0NRT,297.48,23.64,D
50.09527,-121.26704,339.74,0.42,0.45,2026-07-31,2131,N,VIIRS,n,2.0NRT,296.61,7.62,D
50.09845,-121.22746,331.09,0.42,0.45,2026-07-31,2131,N,VIIRS,l,2.0NRT,301.59,9.23,D
50.10348,-121.21764,355.73,0.42,0.45,2026-07-31,2131,N,VIIRS,n,2.0NRT,296.74,15.84,D
50.10496,-121.25191,333.77,0.42,0.45,2026-07-31,2131,N,VIIRS,n,2.0NRT,295.07,4.79,D
50.10721,-121.22401,330.73,0.42,0.45,2026-07-31,2131,N,VIIRS,n,2.0NRT,299.41,8.71,D
50.10764,-121.21857,340.86,0.42,0.45,2026-07-31,2131,N,VIIRS,n,2.0NRT,297.41,14.1,D
50.11095,-121.23022,350.68,0.42,0.45,2026-07-31,2131,N,VIIRS,n,2.0NRT,302.0,8.71,D
50.11511,-121.23122,336.92,0.42,0.45,2026-07-31,2131,N,VIIRS,n,2.0NRT,296.59,5.6,D
49.76367,-121.37672,338.48,0.46,0.47,2026-08-01,0945,N,VIIRS,n,2.0NRT,289.74,6.39,N
49.76458,-121.38877,312.57,0.46,0.47,2026-08-01,0945,N,VIIRS,n,2.0NRT,288.5,4.27,N
49.76494,-121.39354,345.53,0.46,0.47,2026-08-01,0945,N,VIIRS,n,2.0NRT,291.32,4.27,N
49.76532,-121.39859,315.45,0.46,0.47,2026-08-01,0945,N,VIIRS,n,2.0NRT,286.98,2.24,N
49.76648,-121.35513,298.38,0.46,0.47,2026-08-01,0945,N,VIIRS,n,2.0NRT,287.07,2.63,N
49.76692,-121.36093,367.0,0.46,0.47,2026-08-01,0945,N,VIIRS,h,2.0NRT,292.01,12.13,N
49.76742,-121.36762,339.56,0.46,0.47,2026-08-01,0945,N,VIIRS,n,2.0NRT,290.67,12.13,N
49.76969,-121.39762,302.79,0.46,0.47,2026-08-01,0945,N,VIIRS,n,2.0NRT,287.68,2.24,N
49.7709,-121.35502,324.61,0.46,0.47,2026-08-01,0945,N,VIIRS,n,2.0NRT,288.78,4.06,N
49.77141,-121.36166,342.21,0.46,0.47,2026-08-01,0945,N,VIIRS,n,2.0NRT,292.36,5.46,N
49.77442,-121.40142,315.79,0.46,0.47,2026-08-01,0945,N,VIIRS,n,2.0NRT,286.65,1.67,N
49.77523,-121.35354,338.35,0.46,0.47,2026-08-01,0945,N,VIIRS,n,2.0NRT,289.78,4.06,N
49.77579,-121.36092,305.22,0.46,0.47,2026-08-01,0945,N,VIIRS,n,2.0NRT,289.18,5.46,N
49.77664,-121.31419,337.26,0.46,0.47,2026-08-01,0945,N,VIIRS,n,2.0NRT,286.48,5.41,N
49.77703,-121.31923,324.67,0.46,0.47,2026-08-01,0945,N,VIIRS,n,2.0NRT,286.8,5.41,N
49.77753,-121.32576,319.11,0.46,0.47,2026-08-01,0945,N,VIIRS,n,2.0NRT,287.28,4.45,N
49.77916,-121.40536,299.51,0.46,0.47,2026-08-01,0945,N,VIIRS,n,2.0NRT,284.83,0.49,N
49.77952,-121.35174,324.29,0.46,0.47,2026-08-01,0945,N,VIIRS,n,2.0NRT,289.4,3.96,N
49.77999,-121.30017,298.96,0.46,0.47,2026-08-01,0945,N,VIIRS,n,2.0NRT,285.39,2.94,N
49.78015,-121.35996,299.86,0.46,0.47,2026-08-01,0945,N,VIIRS,n,2.0NRT,287.98,3.5,N
49.78062,-121.30833,327.75,0.46,0.47,2026-08-01,0945,N,VIIRS,n,2.0NRT,287.27,2.94,N
49.78097,-121.42915,300.21,0.46,0.47,2026-08-01,0945,N,VIIRS,n,2.0NRT,286.13,0.46,N
49.7811,-121.31457,345.45,0.46,0.47,2026-08-01,0945,N,VIIRS,n,2.0NRT,292.27,5.41,N
49.78153,-121.32022,319.34,0.46,0.47,2026-08-01,0945,N,VIIRS,n,2.0NRT,289.08,5.41,N
49.78205,-121.32692,318.54,0.46,0.47,2026-08-01,0945,N,VIIRS,n,2.0NRT,288.4,4.45,N
49.78274,-121.33592,347.85,0.46,0.47,2026-08-01,0945,N,VIIRS,n,2.0NRT,291.18,4.45,N
49.78318,-121.28432,296.91,0.46,0.47,2026-08-01,0945,N,VIIRS,n,2.0NRT,284.29,5.69,N
49.78352,-121.40424,297.97,0.46,0.47,2026-08-01,0945,N,VIIRS,n,2.0NRT,284.54,0.47,N
49.78378,-121.29073,333.16,0.46,0.47,2026-08-01,0945,N,VIIRS,n,2.0NRT,290.11,6.87,N
49.78382,-121.2926,337.96,0.46,0.47,2026-08-01,0945,N,VIIRS,n,2.0NRT,291.05,5.69,N
49.78394,-121.35152,336.4,0.46,0.47,2026-08-01,0945,N,VIIRS,n,2.0NRT,290.74,3.96,N
49.78438,-121.29932,338.7,0.46,0.47,2026-08-01,0945,N,VIIRS,n,2.0NRT,292.58,6.87,N
49.78448,-121.30102,336.03,0.46,0.47,2026-08-01,0945,N,VIIRS,n,2.0NRT,292.33,4.53,N
49.78494,-121.3071,329.39,0.46,0.47,2026-08-01,0945,N,VIIRS,n,2.0NRT,291.78,2.73,N
49.78507,-121.30871,329.68,0.46,0.47,2026-08-01,0945,N,VIIRS,n,2.0NRT,291.72,4.53,N
49.78524,-121.42694,304.43,0.46,0.47,2026-08-01,0945,N,VIIRS,n,2.0NRT,286.75,0.53,N
49.78544,-121.31409,316.38,0.46,0.47,2026-08-01,0945,N,VIIRS,n,2.0NRT,290.35,2.73,N
49.7856,-121.31553,310.92,0.46,0.47,2026-08-01,0945,N,VIIRS,n,2.0NRT,289.81,1.36,N
49.78588,-121.32022,306.4,0.46,0.47,2026-08-01,0945,N,VIIRS,n,2.0NRT,288.27,3.33,N
49.78596,-121.43634,305.04,0.46,0.47,2026-08-01,0945,N,VIIRS,n,2.0NRT,287.29,1.81,N
49.78608,-121.3217,303.84,0.46,0.47,2026-08-01,0945,N,VIIRS,n,2.0NRT,288.09,1.36,N
49.78696,-121.33533,301.17,0.46,0.47,2026-08-01,0945,N,VIIRS,n,2.0NRT,288.42,1.94,N
49.78726,-121.33701,300.5,0.46,0.47,2026-08-01,0945,N,VIIRS,n,2.0NRT,288.88,3.15,N
49.78766,-121.28507,343.11,0.46,0.47,2026-08-01,0945,N,VIIRS,n,2.0NRT,292.5,5.69,N
49.78766,-121.28339,336.26,0.46,0.47,2026-08-01,0945,N,VIIRS,n,2.0NRT,290.25,5.6,N
49.78824,-121.29153,346.7,0.46,0.47,2026-08-01,0945,N,VIIRS,n,2.0NRT,295.77,6.87,N
49.7883,-121.29333,348.36,0.46,0.47,2026-08-01,0945,N,VIIRS,n,2.0NRT,296.77,5.69,N
49.78834,-121.40921,297.51,0.46,0.47,2026-08-01,0945,N,VIIRS,n,2.0NRT,284.46,0.47,N
49.78878,-121.29906,337.62,0.46,0.47,2026-08-01,0945,N,VIIRS,n,2.0NRT,293.26,6.87,N
49.78888,-121.30074,333.16,0.46,0.47,2026-08-01,0945,N,VIIRS,n,2.0NRT,292.28,4.53,N
49.7893,-121.30618,312.64,0.46,0.47,2026-08-01,0945,N,VIIRS,n,2.0NRT,289.43,2.73,N
49.78942,-121.30777,305.41,0.46,0.47,2026-08-01,0945,N,VIIRS,n,2.0NRT,289.28,4.53,N
49.78961,-121.42579,300.38,0.46,0.47,2026-08-01,0945,N,VIIRS,n,2.0NRT,286.31,0.53,N
49.78981,-121.31342,303.43,0.46,0.47,2026-08-01,0945,N,VIIRS,n,2.0NRT,289.02,2.73,N
49.78997,-121.3148,302.36,0.46,0.47,2026-08-01,0945,N,VIIRS,n,2.0NRT,289.34,1.36,N
49.7905,-121.32165,301.18,0.46,0.47,2026-08-01,0945,N,VIIRS,n,2.0NRT,289.01,1.36,N
49.79174,-121.40154,300.21,0.46,0.47,2026-08-01,0945,N,VIIRS,n,2.0NRT,285.66,0.68,N
49.79205,-121.28469,337.19,0.46,0.47,2026-08-01,0945,N,VIIRS,n,2.0NRT,292.47,7.55,N
49.79206,-121.2831,331.29,0.46,0.47,2026-08-01,0945,N,VIIRS,n,2.0NRT,291.03,9.16,N
49.79212,-121.40672,312.09,0.46,0.47,2026-08-01,0945,N,VIIRS,n,2.0NRT,285.41,1.24,N
49.79227,-121.4024,297.77,0.46,0.47,2026-08-01,0945,N,VIIRS,n,2.0NRT,285.11,0.78,N
49.79257,-121.29023,345.92,0.46,0.47,2026-08-01,0945,N,VIIRS,n,2.0NRT,294.28,5.91,N
49.79261,-121.29179,343.88,0.46,0.47,2026-08-01,0945,N,VIIRS,n,2.0NRT,293.66,7.55,N
49.79269,-121.40788,312.53,0.46,0.47,2026-08-01,0945,N,VIIRS,n,2.0NRT,285.27,0.78,N
49.79288,-121.35608,301.93,0.46,0.47,2026-08-01,0945,N,VIIRS,n,2.0NRT,288.45,0.96,N
49.79307,-121.29716,326.91,0.46,0.47,2026-08-01,0945,N,VIIRS,n,2.0NRT,290.88,5.91,N
49.79314,-121.29865,323.44,0.46,0.47,2026-08-01,0945,N,VIIRS,n,2.0NRT,290.23,2.88,N
49.79328,-121.35751,300.96,0.46,0.47,2026-08-01,0945,N,VIIRS,n,2.0NRT,288.79,0.65,N
49.79329,-121.4235,305.37,0.46,0.47,2026-08-01,0945,N,VIIRS,n,2.0NRT,286.65,1.31,N
49.79357,-121.30401,304.06,0.46,0.47,2026-08-01,0945,N,VIIRS,n,2.0NRT,287.38,2.42,N
49.79368,-121.3056,301.01,0.46,0.47,2026-08-01,0945,N,VIIRS,n,2.0NRT,286.64,2.88,N
49.79402,-121.42526,300.18,0.46,0.47,2026-08-01,0945,N,VIIRS,n,2.0NRT,286.93,1.38,N
49.79409,-121.31126,301.71,0.46,0.47,2026-08-01,0945,N,VIIRS,n,2.0NRT,286.64,2.42,N
49.79425,-121.3129,300.46,0.46,0.47,2026-08-01,0945,N,VIIRS,n,2.0NRT,286.53,2.26,N
49.79462,-121.31854,302.41,0.46,0.47,2026-08-01,0945,N,VIIRS,n,2.0NRT,287.08,1.76,N
49.79482,-121.32021,304.19,0.46,0.47,2026-08-01,0945,N,VIIRS,n,2.0NRT,287.02,2.26,N
49.79518,-121.32642,304.38,0.46,0.47,2026-08-01,0945,N,VIIRS,n,2.0NRT,287.92,1.76,N
49.79543,-121.32813,304.67,0.46,0.47,2026-08-01,0945,N,VIIRS,n,2.0NRT,287.88,1.7,N
49.79584,-121.27658,337.52,0.46,0.47,2026-08-01,0945,N,VIIRS,n,2.0NRT,289.14,6.17,N
49.79642,-121.284,350.39,0.46,0.47,2026-08-01,0945,N,VIIRS,n,2.0NRT,295.15,7.55,N
49.79642,-121.28247,356.21,0.46,0.47,2026-08-01,0945,N,VIIRS,n,2.0NRT,296.99,9.16,N
49.79692,-121.28925,341.69,0.46,0.47,2026-08-01,0945,N,VIIRS,n,2.0NRT,292.83,5.91,N
49.79694,-121.29073,335.97,0.46,0.47,2026-08-01,0945,N,VIIRS,n,2.0NRT,291.6,7.55,N
49.79696,-121.41232,296.63,0.46,0.47,2026-08-01,0945,N,VIIRS,n,2.0NRT,284.09,1.24,N
49.7974,-121.29577,320.39,0.46,0.47,2026-08-01,0945,N,VIIRS,n,2.0NRT,289.19,5.91,N
49.79745,-121.29725,312.79,0.46,0.47,2026-08-01,0945,N,VIIRS,n,2.0NRT,288.06,2.88,N
49.7979,-121.3028,320.66,0.46,0.47,2026-08-01,0945,N,VIIRS,n,2.0NRT,288.27,2.42,N
49.79802,-121.30444,330.87,0.46,0.47,2026-08-01,0945,N,VIIRS,n,2.0NRT,290.43,2.88,N
49.79846,-121.31047,325.69,0.46,0.47,2026-08-01,0945,N,VIIRS,n,2.0NRT,290.4,2.42,N
49.79862,-121.31216,319.76,0.46,0.47,2026-08-01,0945,N,VIIRS,n,2.0NRT,289.25,2.26,N
49.79902,-121.31824,324.72,0.46,0.47,2026-08-01,0945,N,VIIRS,n,2.0NRT,290.55,1.76,N
49.79923,-121.31995,324.1,0.46,0.47,2026-08-01,0945,N,VIIRS,n,2.0NRT,290.82,2.26,N
49.79959,-121.32611,311.8,0.46,0.47,2026-08-01,0945,N,VIIRS,n,2.0NRT,289.39,1.76,N
49.79985,-121.32786,305.16,0.46,0.47,2026-08-01,0945,N,VIIRS,n,2.0NRT,289.14,1.7,N
49.80073,-121.28092,367.0,0.46,0.47,2026-08-01,0945,N,VIIRS,h,2.0NRT,299.81,14.99,N
49.80125,-121.28792,351.02,0.46,0.47,2026-08-01,0945,N,VIIRS,n,2.0NRT,297.89,8.25,N
49.80177,-121.29517,307.21,0.46,0.47,2026-08-01,0945,N,VIIRS,n,2.0NRT,286.98,8.25,N
49.80219,-121.4858,295.98,0.47,0.48,2026-08-01,0945,N,VIIRS,n,2.0NRT,284.94,0.62,N
49.80233,-121.30282,336.72,0.46,0.47,2026-08-01,0945,N,VIIRS,n,2.0NRT,292.72,4.25,N
49.8029,-121.31076,316.41,0.46,0.47,2026-08-01,0945,N,VIIRS,n,2.0NRT,289.42,4.25,N
49.80346,-121.31845,309.05,0.46,0.47,2026-08-01,0945,N,VIIRS,n,2.0NRT,289.23,1.48,N
49.804,-121.32599,303.25,0.46,0.47,2026-08-01,0945,N,VIIRS,n,2.0NRT,289.37,1.48,N
49.80507,-121.27975,355.51,0.46,0.47,2026-08-01,0945,N,VIIRS,n,2.0NRT,298.17,14.99,N
49.80561,-121.28712,342.64,0.46,0.47,2026-08-01,0945,N,VIIRS,n,2.0NRT,293.02,8.25,N
49.80618,-121.29497,330.91,0.46,0.47,2026-08-01,0945,N,VIIRS,n,2.0NRT,291.41,8.25,N
49.80674,-121.30267,329.31,0.46,0.47,2026-08-01,0945,N,VIIRS,n,2.0NRT,291.61,4.25,N
49.80729,-121.31024,325.26,0.46,0.47,2026-08-01,0945,N,VIIRS,n,2.0NRT,291.51,4.25,N
49.80783,-121.31766,309.85,0.46,0.47,2026-08-01,0945,N,VIIRS,n,2.0NRT,289.31,1.48,N
49.80892,-121.2721,321.63,0.46,0.47,2026-08-01,0945,N,VIIRS,n,2.0NRT,287.05,4.08,N
49.8095,-121.2799,321.1,0.46,0.47,2026-08-01,0945,N,VIIRS,n,2.0NRT,289.51,4.08,N
49.81006,-121.28768,330.43,0.46,0.47,2026-08-01,0945,N,VIIRS,n,2.0NRT,290.7,4.79,N
49.81062,-121.29532,324.31,0.46,0.47,2026-08-01,0945,N,VIIRS,n,2.0NRT,290.55,4.79,N
49.81115,-121.30249,321.42,0.46,0.47,2026-08-01,0945,N,VIIRS,n,2.0NRT,290.84,2.17,N
49.81165,-121.30942,309.77,0.46,0.47,2026-08-01,0945,N,VIIRS,n,2.0NRT,288.67,2.17,N
49.81218,-121.31657,301.51,0.46,0.47,2026-08-01,0945,N,VIIRS,n,2.0NRT,287.61,1.36,N
49.8123,-121.25804,302.23,0.46,0.47,2026-08-01,0945,N,VIIRS,n,2.0NRT,283.99,2.35,N
49.81282,-121.26501,321.76,0.46,0.47,2026-08-01,0945,N,VIIRS,n,2.0NRT,287.22,2.35,N
49.81334,-121.272,322.05,0.46,0.47,2026-08-01,0945,N,VIIRS,n,2.0NRT,289.42,4.08,N
49.8139,-121.27969,332.21,0.46,0.47,2026-08-01,0945,N,VIIRS,n,2.0NRT,291.58,4.08,N
49.81446,-121.28741,343.76,0.46,0.47,2026-08-01,0945,N,VIIRS,n,2.0NRT,296.13,4.79,N
49.81501,-121.29485,319.95,0.46,0.47,2026-08-01,0945,N,VIIRS,n,2.0NRT,290.16,4.79,N
49.81554,-121.30214,305.91,0.46,0.47,2026-08-01,0945,N,VIIRS,n,2.0NRT,287.82,2.17,N
49.81668,-121.25748,334.7,0.46,0.47,2026-08-01,0945,N,VIIRS,n,2.0NRT,290.66,4.94,N
49.81719,-121.26438,342.42,0.46,0.47,2026-08-01,0945,N,VIIRS,n,2.0NRT,293.16,4.94,N
49.8173,-121.51022,340.19,0.47,0.48,2026-08-01,0945,N,VIIRS,n,2.0NRT,287.82,4.23,N
49.81767,-121.51537,338.81,0.47,0.48,2026-08-01,0945,N,VIIRS,n,2.0NRT,287.03,4.23,N
49.81769,-121.27121,329.25,0.46,0.47,2026-08-01,0945,N,VIIRS,n,2.0NRT,290.9,2.99,N
49.81823,-121.27859,320.94,0.46,0.47,2026-08-01,0945,N,VIIRS,n,2.0NRT,289.51,2.99,N
49.81879,-121.28617,315.79,0.46,0.47,2026-08-01,0945,N,VIIRS,n,2.0NRT,289.01,4.29,N
49.82099,-121.25613,331.48,0.46,0.47,2026-08-01,0945,N,VIIRS,n,2.0NRT,289.48,4.94,N
49.82151,-121.26305,319.04,0.46,0.47,2026-08-01,0945,N,VIIRS,n,2.0NRT,287.97,4.94,N
49.8217,-121.50944,302.33,0.47,0.48,2026-08-01,0945,N,VIIRS,n,2.0NRT,285.27,4.23,N
49.82202,-121.26998,316.68,0.46,0.47,2026-08-01,0945,N,VIIRS,n,2.0NRT,287.53,2.99,N
49.82209,-121.51476,296.15,0.47,0.48,2026-08-01,0945,N,VIIRS,n,2.0NRT,283.93,4.23,N
49.82257,-121.27741,306.6,0.46,0.47,2026-08-01,0945,N,VIIRS,n,2.0NRT,286.32,2.99,N
49.8227,-121.33924,300.69,0.46,0.47,2026-08-01,0945,N,VIIRS,n,2.0NRT,285.96,0.87,N
49.82523,-121.25367,318.28,0.46,0.47,2026-08-01,0945,N,VIIRS,n,2.0NRT,286.89,2.0,N
49.82574,-121.26053,309.4,0.46,0.47,2026-08-01,0945,N,VIIRS,n,2.0NRT,285.74,2.0,N
49.82628,-121.26781,312.53,0.46,0.47,2026-08-01,0945,N,VIIRS,n,2.0NRT,285.9,3.12,N
49.83,-121.25835,311.43,0.46,0.47,2026-08-01,0945,N,VIIRS,n,2.0NRT,284.17,2.0,N
49.83516,-121.32777,303.25,0.46,0.47,2026-08-01,0945,N,VIIRS,n,2.0NRT,285.95,1.33,N
49.84532,-121.2275,300.6,0.46,0.47,2026-08-01,0945,N,VIIRS,n,2.0NRT,285.86,1.38,N
49.84579,-121.2337,313.36,0.46,0.47,2026-08-01,0945,N,VIIRS,n,2.0NRT,287.04,1.38,N
49.84928,-121.2216,322.24,0.46,0.47,2026-08-01,0945,N,VIIRS,n,2.0NRT,288.48,2.77,N
49.84977,-121.22807,320.51,0.46,0.47,2026-08-01,0945,N,VIIRS,n,2.0NRT,289.16,2.21,N
49.85026,-121.23449,304.92,0.46,0.47,2026-08-01,0945,N,VIIRS,n,2.0NRT,287.58,2.21,N
49.85061,-121.29748,300.87,0.46,0.47,2026-08-01,0945,N,VIIRS,n,2.0NRT,284.96,1.15,N
49.85371,-121.22191,308.68,0.46,0.47,2026-08-01,0945,N,VIIRS,n,2.0NRT,288.7,2.77,N
49.85416,-121.28593,309.15,0.46,0.47,2026-08-01,0945,N,VIIRS,n,2.0NRT,286.35,1.83,N
49.8542,-121.22832,300.99,0.46,0.47,2026-08-01,0945,N,VIIRS,n,2.0NRT,288.09,2.21,N
49.85455,-121.29114,302.4,0.46,0.47,2026-08-01,0945,N,VIIRS,n,2.0NRT,285.6,2.38,N
49.85492,-121.29604,316.36,0.46,0.47,2026-08-01,0945,N,VIIRS,n,2.0NRT,286.94,2.38,N
49.85529,-121.30079,339.39,0.46,0.47,2026-08-01,0945,N,VIIRS,n,2.0NRT,286.62,8.07,N
49.85635,-121.49468,328.11,0.47,0.48,2026-08-01,0945,N,VIIRS,n,2.0NRT,286.24,3.27,N
49.85696,-121.20663,308.39,0.46,0.47,2026-08-01,0945,N,VIIRS,n,2.0NRT,286.3,5.77,N
49.85705,-121.50427,336.32,0.47,0.48,2026-08-01,0945,N,VIIRS,n,2.0NRT,288.01,7.31,N
49.85745,-121.2131,306.49,0.46,0.47,2026-08-01,0945,N,VIIRS,n,2.0NRT,286.2,1.6,N
49.85796,-121.21971,316.36,0.46,0.47,2026-08-01,0945,N,VIIRS,n,2.0NRT,286.94,1.6,N
49.85919,-121.29393,304.39,0.46,0.47,2026-08-01,0945,N,VIIRS,n,2.0NRT,286.3,2.38,N
49.85956,-121.29884,343.17,0.46,0.47,2026-08-01,0945,N,VIIRS,n,2.0NRT,287.82,8.07,N
49.86027,-121.19238,327.24,0.45,0.47,2026-08-01,0945,N,VIIRS,n,2.0NRT,286.33,3.79,N
49.86071,-121.49315,317.47,0.47,0.48,2026-08-01,0945,N,VIIRS,n,2.0NRT,285.86,2.9,N
49.86071,-121.19809,344.97,0.46,0.47,2026-08-01,0945,N,VIIRS,n,2.0NRT,288.6,5.77,N
49.86115,-121.20387,322.23,0.46,0.47,2026-08-01,0945,N,VIIRS,n,2.0NRT,285.99,5.77,N
49.86125,-121.5006,337.65,0.47,0.48,2026-08-01,0945,N,VIIRS,n,2.0NRT,287.93,5.99,N
49.86163,-121.21009,313.66,0.46,0.47,2026-08-01,0945,N,VIIRS,n,2.0NRT,285.71,1.6,N
49.86216,-121.21702,299.29,0.46,0.47,2026-08-01,0945,N,VIIRS,n,2.0NRT,285.03,1.6,N
49.86267,-121.22372,303.54,0.46,0.47,2026-08-01,0945,N,VIIRS,n,2.0NRT,286.21,2.17,N
49.86317,-121.23018,316.0,0.46,0.47,2026-08-01,0945,N,VIIRS,n,2.0NRT,287.0,2.17,N
49.86346,-121.29186,301.8,0.46,0.47,2026-08-01,0945,N,VIIRS,n,2.0NRT,283.99,1.56,N
49.86366,-121.23656,300.93,0.46,0.47,2026-08-01,0945,N,VIIRS,n,2.0NRT,286.16,1.45,N
49.8641,-121.18492,319.24,0.45,0.47,2026-08-01,0945,N,VIIRS,n,2.0NRT,286.3,6.94,N
49.86413,-121.24266,300.12,0.46,0.47,2026-08-01,0945,N,VIIRS,n,2.0NRT,285.31,1.45,N
49.86456,-121.1909,351.61,0.45,0.47,2026-08-01,0945,N,VIIRS,n,2.0NRT,291.44,6.94,N
49.86497,-121.19614,314.39,0.46,0.47,2026-08-01,0945,N,VIIRS,n,2.0NRT,285.76,2.54,N
49.8654,-121.20181,304.76,0.46,0.47,2026-08-01,0945,N,VIIRS,n,2.0NRT,284.44,2.54,N
49.86639,-121.21463,304.4,0.46,0.47,2026-08-01,0945,N,VIIRS,n,2.0NRT,285.21,4.21,N
49.8669,-121.22127,304.04,0.46,0.47,2026-08-01,0945,N,VIIRS,n,2.0NRT,285.81,1.87,N
49.8674,-121.2278,316.79,0.46,0.47,2026-08-01,0945,N,VIIRS,n,2.0NRT,287.0,1.87,N
49.86837,-121.18324,345.09,0.45,0.47,2026-08-01,0945,N,VIIRS,n,2.0NRT,289.43,6.94,N
49.86883,-121.18909,312.0,0.45,0.47,2026-08-01,0945,N,VIIRS,n,2.0NRT,285.97,6.94,N
49.87065,-121.2127,343.68,0.46,0.47,2026-08-01,0945,N,VIIRS,n,2.0NRT,290.36,4.21,N
49.87068,-121.27055,303.5,0.46,0.47,2026-08-01,0945,N,VIIRS,n,2.0NRT,282.5,1.08,N
49.87163,-121.22545,306.13,0.46,0.47,2026-08-01,0945,N,VIIRS,n,2.0NRT,284.15,1.87,N
49.87218,-121.17556,304.98,0.45,0.47,2026-08-01,0945,N,VIIRS,n,2.0NRT,285.45,2.56,N
49.87265,-121.18154,350.57,0.45,0.47,2026-08-01,0945,N,VIIRS,n,2.0NRT,289.15,6.72,N
49.87311,-121.18754,299.66,0.45,0.47,2026-08-01,0945,N,VIIRS,n,2.0NRT,283.03,6.72,N
49.87445,-121.2049,304.94,0.46,0.47,2026-08-01,0945,N,VIIRS,n,2.0NRT,284.03,1.42,N
49.91742,-121.53477,303.66,0.47,0.48,2026-08-01,0945,N,VIIRS,n,2.0NRT,282.33,1.65,N
49.91987,-121.52946,316.35,0.47,0.48,2026-08-01,0945,N,VIIRS,n,2.0NRT,285.7,1.79,N
49.92029,-121.53533,313.55,0.47,0.48,2026-08-01,0945,N,VIIRS,n,2.0NRT,285.8,1.86,N
49.9207,-121.54107,295.61,0.47,0.48,2026-08-01,0945,N,VIIRS,n,2.0NRT,282.96,1.86,N
49.92141,-121.52838,305.99,0.47,0.48,2026-08-01,0945,N,VIIRS,n,2.0NRT,284.84,1.65,N
49.92185,-121.53423,306.06,0.47,0.48,2026-08-01,0945,N,VIIRS,n,2.0NRT,285.48,1.65,N
49.92229,-121.54002,298.78,0.47,0.48,2026-08-01,0945,N,VIIRS,n,2.0NRT,282.88,1.36,N
49.93439,-121.29905,339.23,0.46,0.47,2026-08-01,0945,N,VIIRS,n,2.0NRT,283.73,3.22,N
49.93757,-121.28222,295.65,0.46,0.47,2026-08-01,0945,N,VIIRS,n,2.0NRT,282.11,0.73,N
49.93874,-121.2981,318.56,0.46,0.47,2026-08-01,0945,N,VIIRS,n,2.0NRT,285.84,3.22,N
49.93927,-121.30524,297.56,0.46,0.47,2026-08-01,0945,N,VIIRS,n,2.0NRT,282.35,3.6,N
49.94761,-121.35802,295.54,0.46,0.47,2026-08-01,0945,N,VIIRS,n,2.0NRT,283.33,0.95,N
49.94804,-121.30399,306.04,0.46,0.47,2026-08-01,0945,N,VIIRS,n,2.0NRT,284.43,2.2,N
49.94809,-121.36451,307.71,0.46,0.47,2026-08-01,0945,N,VIIRS,n,2.0NRT,284.32,0.95,N
49.95661,-121.3001,314.62,0.46,0.47,2026-08-01,0945,N,VIIRS,n,2.0NRT,285.3,3.46,N
50.07069,-121.28687,303.24,0.46,0.47,2026-08-01,0945,N,VIIRS,n,2.0NRT,283.85,1.09,N
50.07367,-121.26754,295.09,0.46,0.47,2026-08-01,0945,N,VIIRS,n,2.0NRT,284.31,0.93,N
50.07806,-121.26711,309.03,0.46,0.47,2026-08-01,0945,N,VIIRS,n,2.0NRT,286.24,0.93,N
50.07914,-121.22294,299.02,0.46,0.47,2026-08-01,0945,N,VIIRS,n,2.0NRT,285.11,1.04,N
50.08341,-121.22101,304.81,0.46,0.47,2026-08-01,0945,N,VIIRS,n,2.0NRT,285.7,1.04,N
50.08684,-121.26601,336.97,0.46,0.47,2026-08-01,0945,N,VIIRS,n,2.0NRT,287.0,4.12,N
50.08786,-121.33827,301.17,0.46,0.47,2026-08-01,0945,N,VIIRS,n,2.0NRT,284.62,1.12,N
50.09118,-121.26487,333.34,0.46,0.47,2026-08-01,0945,N,VIIRS,n,2.0NRT,288.83,3.24,N
50.09163,-121.27071,298.21,0.46,0.47,2026-08-01,0945,N,VIIRS,n,2.0NRT,284.58,3.26,N
50.09553,-121.26379,311.0,0.46,0.47,2026-08-01,0945,N,VIIRS,n,2.0NRT,286.5,3.24,N
50.09596,-121.26941,327.28,0.46,0.47,2026-08-01,0945,N,VIIRS,n,2.0NRT,287.31,3.26,N
50.09889,-121.25758,298.35,0.46,0.47,2026-08-01,0945,N,VIIRS,n,2.0NRT,283.79,0.86,N
50.09935,-121.26392,335.57,0.46,0.47,2026-08-01,0945,N,VIIRS,n,2.0NRT,288.24,12.15,N
50.09939,-121.25633,298.2,0.46,0.47,2026-08-01,0945,N,VIIRS,n,2.0NRT,283.64,3.69,N
50.09974,-121.26927,367.0,0.46,0.47,2026-08-01,0945,N,VIIRS,h,2.0NRT,296.99,12.15,N
50.0999,-121.263,326.66,0.46,0.47,2026-08-01,0945,N,VIIRS,n,2.0NRT,287.16,3.69,N
50.10014,-121.27487,313.4,0.46,0.47,2026-08-01,0945,N,VIIRS,n,2.0NRT,284.59,4.98,N
50.10031,-121.26839,367.0,0.46,0.47,2026-08-01,0945,N,VIIRS,h,2.0NRT,297.77,13.8,N
50.10073,-121.27383,323.53,0.46,0.47,2026-08-01,0945,N,VIIRS,n,2.0NRT,285.93,13.8,N
50.10121,-121.22807,295.36,0.46,0.47,2026-08-01,0945,N,VIIRS,n,2.0NRT,280.8,1.88,N
50.10155,-121.22694,296.27,0.46,0.47,2026-08-01,0945,N,VIIRS,n,2.0NRT,281.18,0.6,N
50.10321,-121.25606,300.2,0.46,0.47,2026-08-01,0945,N,VIIRS,n,2.0NRT,283.3,0.86,N
50.10369,-121.25476,301.06,0.46,0.47,2026-08-01,0945,N,VIIRS,n,2.0NRT,283.42,3.69,N
50.10371,-121.26295,341.34,0.46,0.47,2026-08-01,0945,N,VIIRS,n,2.0NRT,289.07,12.15,N
50.10411,-121.26841,352.57,0.46,0.47,2026-08-01,0945,N,VIIRS,n,2.0NRT,294.18,12.15,N
50.10425,-121.26196,339.94,0.46,0.47,2026-08-01,0945,N,VIIRS,n,2.0NRT,287.88,3.69,N
50.10449,-121.2737,323.32,0.46,0.47,2026-08-01,0945,N,VIIRS,n,2.0NRT,285.8,4.98,N
50.10468,-121.26754,367.0,0.46,0.47,2026-08-01,0945,N,VIIRS,h,2.0NRT,293.79,13.8,N
50.10508,-121.27275,325.53,0.46,0.47,2026-08-01,0945,N,VIIRS,n,2.0NRT,286.53,13.8,N
50.10756,-121.25482,332.74,0.46,0.47,2026-08-01,0945,N,VIIRS,n,2.0NRT,284.76,48.5,N
50.10803,-121.25355,327.82,0.46,0.47,2026-08-01,0945,N,VIIRS,n,2.0NRT,284.66,96.92,N
50.10809,-121.26222,334.08,0.46,0.47,2026-08-01,0945,N,VIIRS,n,2.0NRT,294.17,67.81,N
50.10848,-121.2677,367.0,0.46,0.47,2026-08-01,0945,N,VIIRS,h,2.0NRT,294.12,67.81,N
50.10862,-121.2611,344.63,0.46,0.47,2026-08-01,0945,N,VIIRS,n,2.0NRT,292.2,96.92,N
50.10886,-121.27282,306.85,0.46,0.47,2026-08-01,0945,N,VIIRS,n,2.0NRT,283.24,4.95,N
50.10906,-121.26688,367.0,0.46,0.47,2026-08-01,0945,N,VIIRS,h,2.0NRT,296.76,23.34,N
50.10945,-121.27197,315.52,0.46,0.47,2026-08-01,0945,N,VIIRS,n,2.0NRT,283.77,23.34,N
50.1104,-121.23292,298.03,0.46,0.47,2026-08-01,0945,N,VIIRS,n,2.0NRT,281.26,2.3,N
50.11079,-121.2319,299.72,0.46,0.47,2026-08-01,0945,N,VIIRS,n,2.0NRT,280.84,0.43,N
50.11134,-121.2459,315.85,0.46,0.47,2026-08-01,0945,N,VIIRS,n,2.0NRT,283.14,48.5,N
50.11178,-121.24477,316.64,0.46,0.47,2026-08-01,0945,N,VIIRS,n,2.0NRT,283.01,5.49,N
50.11191,-121.25388,315.11,0.46,0.47,2026-08-01,0945,N,VIIRS,n,2.0NRT,301.55,48.5,N
50.11238,-121.25255,321.8,0.46,0.47,2026-08-01,0945,N,VIIRS,n,2.0NRT,301.3,96.92,N
50.11246,-121.26151,356.63,0.46,0.47,2026-08-01,0945,N,VIIRS,n,2.0NRT,316.56,67.81,N
50.11286,-121.26704,367.0,0.46,0.47,2026-08-01,0945,N,VIIRS,h,2.0NRT,296.99,67.81,N
50.11299,-121.26039,351.31,0.46,0.47,2026-08-01,0945,N,VIIRS,n,2.0NRT,328.64,96.92,N
50.11325,-121.27236,302.68,0.46,0.47,2026-08-01,0945,N,VIIRS,n,2.0NRT,282.77,4.95,N
50.11345,-121.26625,367.0,0.46,0.47,2026-08-01,0945,N,VIIRS,h,2.0NRT,297.87,23.34,N
50.11385,-121.27157,300.5,0.46,0.47,2026-08-01,0945,N,VIIRS,n,2.0NRT,282.83,23.34,N
50.11475,-121.23181,298.14,0.46,0.47,2026-08-01,0945,N,VIIRS,n,2.0NRT,281.09,1.03,N
50.1157,-121.24494,325.93,0.46,0.47,2026-08-01,0945,N,VIIRS,n,2.0NRT,282.63,60.42,N
50.11681,-121.26049,367.0,0.46,0.47,2026-08-01,0945,N,VIIRS,h,2.0NRT,291.39,30.55,N
50.11727,-121.26673,322.11,0.46,0.47,2026-08-01,0945,N,VIIRS,n,2.0NRT,284.01,30.55,N
50.11955,-121.23703,299.5,0.46,0.47,2026-08-01,0945,N,VIIRS,n,2.0NRT,280.63,1.03,N
50.12005,-121.24394,315.63,0.46,0.47,2026-08-01,0945,N,VIIRS,n,2.0NRT,280.29,60.42,N
50.1206,-121.25153,316.78,0.46,0.47,2026-08-01,0945,N,VIIRS,n,2.0NRT,283.63,60.42,N
50.12115,-121.25922,327.68,0.46,0.47,2026-08-01,0945,N,VIIRS,n,2.0NRT,282.88,30.55,N
50.12165,-121.26609,302.6,0.46,0.47,2026-08-01,0945,N,VIIRS,n,2.0NRT,282.93,30.55,N
50.12492,-121.25002,312.99,0.46,0.47,2026-08-01,0945,N,VIIRS,n,2.0NRT,282.14,1.52,N
50.12548,-121.25774,321.37,0.46,0.47,2026-08-01,0945,N,VIIRS,n,2.0NRT,280.65,1.94,N
50.12599,-121.26476,310.42,0.46,0.47,2026-08-01,0945,N,VIIRS,n,2.0NRT,279.91,1.94,N
50.12923,-121.24844,300.27,0.46,0.47,2026-08-01,0945,N,VIIRS,n,2.0NRT,280.82,1.52,N
50.1298,-121.2562,308.3,0.46,0.47,2026-08-01,0945,N,VIIRS,n,2.0NRT,278.92,1.94,N
50.13029,-121.26304,305.33,0.46,0.47,2026-08-01,0945,N,VIIRS,n,2.0NRT,277.52,1.94,N
50.13078,-121.26972,298.6,0.46,0.47,2026-08-01,0945,N,VIIRS,n,2.0NRT,277.99,1.56,N
49.77748,-121.32458,303.81,0.4,0.6,2026-08-01,1125,N,VIIRS,n,2.0NRT,280.86,2.81,N
49.77947,-121.42873,298.02,0.4,0.6,2026-08-01,1125,N,VIIRS,n,2.0NRT,284.55,0.85,N
49.77962,-121.31156,304.83,0.4,0.6,2026-08-01,1125,N,VIIRS,n,2.0NRT,283.3,4.11,N
49.77975,-121.29222,330.45,0.41,0.6,2026-08-01,1125,N,VIIRS,n,2.0NRT,281.97,4.43,N
49.77976,-121.34965,299.47,0.4,0.6,2026-08-01,1125,N,VIIRS,n,2.0NRT,282.99,1.53,N
49.7798,-121.33189,335.47,0.4,0.6,2026-08-01,1125,N,VIIRS,n,2.0NRT,284.7,8.6,N
49.7803,-121.43195,307.92,0.4,0.6,2026-08-01,1125,N,VIIRS,n,2.0NRT,284.68,1.72,N
49.78056,-121.4322,312.26,0.4,0.6,2026-08-01,1125,N,VIIRS,n,2.0NRT,285.09,1.66,N
49.7807,-121.33472,367.0,0.4,0.6,2026-08-01,1125,N,VIIRS,h,2.0NRT,288.07,8.6,N
49.78082,-121.29557,319.78,0.4,0.6,2026-08-01,1125,N,VIIRS,n,2.0NRT,282.98,4.31,N
49.78136,-121.43529,307.39,0.4,0.6,2026-08-01,1125,N,VIIRS,n,2.0NRT,285.7,4.14,N
49.7814,-121.31718,317.88,0.4,0.6,2026-08-01,1125,N,VIIRS,n,2.0NRT,285.28,2.39,N
49.78162,-121.43555,307.84,0.4,0.6,2026-08-01,1125,N,VIIRS,n,2.0NRT,285.61,1.66,N
49.78173,-121.33797,356.97,0.4,0.6,2026-08-01,1125,N,VIIRS,n,2.0NRT,287.69,8.54,N
49.7819,-121.299,316.53,0.4,0.6,2026-08-01,1125,N,VIIRS,n,2.0NRT,284.53,4.31,N
49.78263,-121.43878,299.14,0.4,0.6,2026-08-01,1125,N,VIIRS,n,2.0NRT,285.64,1.2,N
49.78284,-121.34147,308.55,0.4,0.6,2026-08-01,1125,N,VIIRS,n,2.0NRT,285.5,8.54,N
49.78299,-121.32219,305.49,0.4,0.6,2026-08-01,1125,N,VIIRS,n,2.0NRT,284.49,2.39,N
49.78303,-121.30254,331.42,0.4,0.6,2026-08-01,1125,N,VIIRS,n,2.0NRT,286.8,4.11,N
49.78326,-121.28351,299.27,0.41,0.6,2026-08-01,1125,N,VIIRS,n,2.0NRT,282.7,4.06,N
49.7836,-121.44187,304.2,0.4,0.6,2026-08-01,1125,N,VIIRS,n,2.0NRT,286.39,1.2,N
49.78423,-121.30629,340.78,0.4,0.6,2026-08-01,1125,N,VIIRS,n,2.0NRT,288.11,4.11,N
49.78424,-121.32613,302.59,0.4,0.6,2026-08-01,1125,N,VIIRS,n,2.0NRT,284.62,3.41,N
49.78445,-121.28725,367.0,0.41,0.6,2026-08-01,1125,N,VIIRS,h,2.0NRT,288.17,4.06,N
49.78466,-121.44526,299.33,0.4,0.6,2026-08-01,1125,N,VIIRS,n,2.0NRT,286.58,1.94,N
49.78555,-121.29069,348.6,0.4,0.6,2026-08-01,1125,N,VIIRS,n,2.0NRT,289.06,6.83,N
49.78556,-121.3105,319.54,0.4,0.6,2026-08-01,1125,N,VIIRS,n,2.0NRT,286.96,2.39,N
49.78619,-121.43082,304.7,0.4,0.6,2026-08-01,1125,N,VIIRS,n,2.0NRT,285.06,1.72,N
49.78643,-121.43106,298.37,0.4,0.6,2026-08-01,1125,N,VIIRS,n,2.0NRT,284.6,0.68,N
49.78667,-121.29426,343.85,0.4,0.6,2026-08-01,1125,N,VIIRS,n,2.0NRT,289.66,6.83,N
49.78701,-121.31509,302.63,0.4,0.6,2026-08-01,1125,N,VIIRS,n,2.0NRT,286.01,2.39,N
49.78756,-121.43465,297.47,0.4,0.6,2026-08-01,1125,N,VIIRS,n,2.0NRT,285.2,0.68,N
49.78786,-121.27818,295.99,0.41,0.6,2026-08-01,1125,N,VIIRS,n,2.0NRT,281.93,4.06,N
49.78791,-121.29815,332.73,0.4,0.6,2026-08-01,1125,N,VIIRS,n,2.0NRT,288.51,4.55,N
49.78924,-121.28255,330.72,0.41,0.6,2026-08-01,1125,N,VIIRS,n,2.0NRT,286.77,4.06,N
49.78934,-121.30264,318.29,0.4,0.6,2026-08-01,1125,N,VIIRS,n,2.0NRT,286.45,4.55,N
49.78941,-121.4207,297.83,0.4,0.6,2026-08-01,1125,N,VIIRS,n,2.0NRT,283.66,1.36,N
49.79036,-121.40458,310.63,0.4,0.6,2026-08-01,1125,N,VIIRS,n,2.0NRT,282.63,3.02,N
49.79058,-121.28676,324.79,0.4,0.6,2026-08-01,1125,N,VIIRS,n,2.0NRT,287.14,6.83,N
49.79074,-121.405,316.39,0.4,0.6,2026-08-01,1125,N,VIIRS,n,2.0NRT,282.76,4.79,N
49.792,-121.29124,319.73,0.4,0.6,2026-08-01,1125,N,VIIRS,n,2.0NRT,287.05,6.83,N
49.79219,-121.41035,331.57,0.4,0.6,2026-08-01,1125,N,VIIRS,n,2.0NRT,283.05,3.02,N
49.79249,-121.4106,328.43,0.4,0.6,2026-08-01,1125,N,VIIRS,n,2.0NRT,283.0,5.64,N
49.79356,-121.29618,315.45,0.4,0.6,2026-08-01,1125,N,VIIRS,n,2.0NRT,286.04,4.55,N
49.79426,-121.27857,349.55,0.41,0.6,2026-08-01,1125,N,VIIRS,n,2.0NRT,283.85,5.82,N
49.7957,-121.28312,338.11,0.4,0.6,2026-08-01,1125,N,VIIRS,n,2.0NRT,287.04,6.96,N
49.79662,-121.30582,320.74,0.4,0.6,2026-08-01,1125,N,VIIRS,n,2.0NRT,286.15,3.25,N
49.79724,-121.28799,325.69,0.4,0.6,2026-08-01,1125,N,VIIRS,n,2.0NRT,286.66,6.96,N
49.7979,-121.3099,312.47,0.4,0.6,2026-08-01,1125,N,VIIRS,n,2.0NRT,285.88,3.25,N
49.79913,-121.31377,310.01,0.4,0.6,2026-08-01,1125,N,VIIRS,n,2.0NRT,285.59,2.69,N
49.79979,-121.2762,317.66,0.41,0.6,2026-08-01,1125,N,VIIRS,n,2.0NRT,284.11,5.82,N
49.80026,-121.29751,307.0,0.4,0.6,2026-08-01,1125,N,VIIRS,n,2.0NRT,284.76,4.47,N
49.80036,-121.31764,314.27,0.4,0.6,2026-08-01,1125,N,VIIRS,n,2.0NRT,286.77,2.69,N
49.80117,-121.28058,350.76,0.4,0.6,2026-08-01,1125,N,VIIRS,n,2.0NRT,291.04,6.96,N
49.80157,-121.30166,335.23,0.4,0.6,2026-08-01,1125,N,VIIRS,n,2.0NRT,290.25,3.59,N
49.8016,-121.32155,305.71,0.4,0.6,2026-08-01,1125,N,VIIRS,n,2.0NRT,285.7,2.92,N
49.80273,-121.28551,334.74,0.4,0.6,2026-08-01,1125,N,VIIRS,n,2.0NRT,288.25,6.96,N
49.8028,-121.30554,308.33,0.4,0.6,2026-08-01,1125,N,VIIRS,n,2.0NRT,285.82,3.59,N
49.80399,-121.30933,313.17,0.4,0.6,2026-08-01,1125,N,VIIRS,n,2.0NRT,285.78,2.7,N
49.80407,-121.28975,325.24,0.4,0.6,2026-08-01,1125,N,VIIRS,n,2.0NRT,285.85,4.47,N
49.80518,-121.27341,314.3,0.41,0.6,2026-08-01,1125,N,VIIRS,n,2.0NRT,283.48,2.58,N
49.80529,-121.31341,315.66,0.4,0.6,2026-08-01,1125,N,VIIRS,n,2.0NRT,286.45,2.7,N
49.80531,-121.29367,326.44,0.4,0.6,2026-08-01,1125,N,VIIRS,n,2.0NRT,288.14,4.47,N
49.80642,-121.27731,338.51,0.4,0.6,2026-08-01,1125,N,VIIRS,n,2.0NRT,288.16,3.68,N
49.80652,-121.29749,323.43,0.4,0.6,2026-08-01,1125,N,VIIRS,n,2.0NRT,287.87,3.59,N
49.80664,-121.31767,304.92,0.4,0.6,2026-08-01,1125,N,VIIRS,n,2.0NRT,285.88,3.4,N
49.80765,-121.28123,318.01,0.4,0.6,2026-08-01,1125,N,VIIRS,n,2.0NRT,286.17,3.68,N
49.80777,-121.30145,316.28,0.4,0.6,2026-08-01,1125,N,VIIRS,n,2.0NRT,286.62,3.59,N
49.80888,-121.28512,330.3,0.4,0.6,2026-08-01,1125,N,VIIRS,n,2.0NRT,288.21,4.27,N
49.80914,-121.30577,327.5,0.4,0.6,2026-08-01,1125,N,VIIRS,n,2.0NRT,288.59,2.7,N
49.81004,-121.26896,311.23,0.41,0.6,2026-08-01,1125,N,VIIRS,n,2.0NRT,284.02,2.58,N
49.81009,-121.28897,313.41,0.4,0.6,2026-08-01,1125,N,VIIRS,n,2.0NRT,285.65,4.27,N
49.81055,-121.31024,314.9,0.4,0.6,2026-08-01,1125,N,VIIRS,n,2.0NRT,286.79,2.7,N
49.81132,-121.29285,325.28,0.4,0.6,2026-08-01,1125,N,VIIRS,n,2.0NRT,287.8,3.9,N
49.81132,-121.273,317.19,0.4,0.6,2026-08-01,1125,N,VIIRS,n,2.0NRT,285.9,3.68,N
49.81255,-121.27688,309.56,0.4,0.6,2026-08-01,1125,N,VIIRS,n,2.0NRT,285.19,3.68,N
49.81262,-121.29694,321.12,0.4,0.6,2026-08-01,1125,N,VIIRS,n,2.0NRT,287.05,3.9,N
49.81384,-121.28097,327.68,0.4,0.6,2026-08-01,1125,N,VIIRS,n,2.0NRT,288.13,4.27,N
49.81404,-121.30145,305.39,0.4,0.6,2026-08-01,1125,N,VIIRS,n,2.0NRT,285.3,3.55,N
49.81488,-121.26438,328.86,0.41,0.6,2026-08-01,1125,N,VIIRS,n,2.0NRT,286.42,3.37,N
49.81516,-121.28514,332.56,0.4,0.6,2026-08-01,1125,N,VIIRS,n,2.0NRT,289.54,4.27,N
49.81639,-121.26919,330.1,0.4,0.6,2026-08-01,1125,N,VIIRS,n,2.0NRT,287.67,2.96,N
49.81653,-121.28949,339.38,0.4,0.6,2026-08-01,1125,N,VIIRS,n,2.0NRT,290.26,3.9,N
49.81781,-121.27368,320.11,0.4,0.6,2026-08-01,1125,N,VIIRS,n,2.0NRT,286.27,2.96,N
49.81794,-121.29398,303.25,0.4,0.6,2026-08-01,1125,N,VIIRS,n,2.0NRT,285.13,3.9,N
49.81839,-121.49389,298.21,0.4,0.6,2026-08-01,1125,N,VIIRS,n,2.0NRT,281.18,1.6,N
49.81843,-121.49319,303.45,0.4,0.6,2026-08-01,1125,N,VIIRS,n,2.0NRT,282.26,1.7,N
49.8192,-121.2781,319.56,0.4,0.6,2026-08-01,1125,N,VIIRS,n,2.0NRT,286.57,5.92,N
49.82012,-121.26113,309.7,0.41,0.6,2026-08-01,1125,N,VIIRS,n,2.0NRT,283.94,3.37,N
49.82171,-121.26617,306.65,0.4,0.6,2026-08-01,1125,N,VIIRS,n,2.0NRT,283.77,2.96,N
49.82284,-121.24989,296.56,0.41,0.6,2026-08-01,1125,N,VIIRS,n,2.0NRT,281.69,0.79,N
49.82325,-121.27105,303.46,0.4,0.6,2026-08-01,1125,N,VIIRS,n,2.0NRT,283.48,2.96,N
49.82441,-121.25484,313.28,0.41,0.6,2026-08-01,1125,N,VIIRS,n,2.0NRT,283.45,1.83,N
49.82617,-121.26046,304.49,0.41,0.6,2026-08-01,1125,N,VIIRS,n,2.0NRT,282.34,1.83,N
49.82868,-121.24852,297.12,0.41,0.6,2026-08-01,1125,N,VIIRS,n,2.0NRT,281.49,0.79,N
49.83546,-121.27007,304.35,0.4,0.6,2026-08-01,1125,N,VIIRS,n,2.0NRT,283.54,3.11,N
49.84584,-121.22906,309.31,0.41,0.6,2026-08-01,1125,N,VIIRS,n,2.0NRT,283.66,1.55,N
49.84739,-121.23392,303.14,0.4,0.6,2026-08-01,1125,N,VIIRS,n,2.0NRT,284.01,1.84,N
49.84781,-121.22949,308.82,0.41,0.6,2026-08-01,1125,N,VIIRS,n,2.0NRT,284.35,1.86,N
49.84886,-121.23851,298.71,0.4,0.6,2026-08-01,1125,N,VIIRS,n,2.0NRT,283.36,1.84,N
49.84929,-121.23421,305.6,0.41,0.6,2026-08-01,1125,N,VIIRS,n,2.0NRT,284.65,1.86,N
49.85017,-121.22292,306.19,0.41,0.6,2026-08-01,1125,N,VIIRS,n,2.0NRT,284.6,1.55,N
49.85024,-121.24284,297.77,0.4,0.6,2026-08-01,1125,N,VIIRS,n,2.0NRT,283.27,2.46,N
49.85162,-121.22747,326.79,0.4,0.6,2026-08-01,1125,N,VIIRS,n,2.0NRT,287.06,1.84,N
49.85218,-121.22344,319.3,0.41,0.6,2026-08-01,1125,N,VIIRS,n,2.0NRT,286.17,2.57,N
49.85308,-121.23205,301.61,0.4,0.6,2026-08-01,1125,N,VIIRS,n,2.0NRT,285.02,1.84,N
49.85373,-121.22837,307.58,0.41,0.6,2026-08-01,1125,N,VIIRS,n,2.0NRT,285.58,2.57,N
49.8575,-121.20644,300.78,0.41,0.6,2026-08-01,1125,N,VIIRS,n,2.0NRT,283.39,1.46,N
49.85881,-121.2303,295.09,0.4,0.6,2026-08-01,1125,N,VIIRS,n,2.0NRT,283.23,1.11,N
49.85928,-121.19231,296.13,0.41,0.6,2026-08-01,1125,N,VIIRS,n,2.0NRT,283.57,1.71,N
49.85949,-121.21268,304.97,0.41,0.6,2026-08-01,1125,N,VIIRS,n,2.0NRT,283.29,1.39,N
49.86126,-121.21826,302.02,0.41,0.6,2026-08-01,1125,N,VIIRS,n,2.0NRT,283.22,1.39,N
49.86172,-121.19996,354.25,0.41,0.6,2026-08-01,1125,N,VIIRS,n,2.0NRT,285.21,3.19,N
49.86285,-121.24297,297.27,0.4,0.6,2026-08-01,1125,N,VIIRS,n,2.0NRT,280.33,1.27,N
49.86309,-121.224,296.36,0.4,0.6,2026-08-01,1125,N,VIIRS,n,2.0NRT,283.4,1.11,N
49.86388,-121.20672,303.61,0.41,0.6,2026-08-01,1125,N,VIIRS,n,2.0NRT,282.64,3.19,N
49.86473,-121.18966,304.5,0.41,0.6,2026-08-01,1125,N,VIIRS,n,2.0NRT,283.71,1.71,N
49.86499,-121.22996,309.82,0.4,0.6,2026-08-01,1125,N,VIIRS,n,2.0NRT,283.82,1.11,N
49.86753,-121.19844,300.29,0.41,0.6,2026-08-01,1125,N,VIIRS,n,2.0NRT,282.04,3.19,N
49.86841,-121.1814,330.86,0.41,0.6,2026-08-01,1125,N,VIIRS,n,2.0NRT,283.9,2.57,N
49.86918,-121.24314,296.01,0.4,0.6,2026-08-01,1125,N,VIIRS,n,2.0NRT,282.06,1.27,N
49.87057,-121.18824,315.66,0.41,0.6,2026-08-01,1125,N,VIIRS,n,2.0NRT,283.41,2.57,N
49.87408,-121.17945,333.06,0.41,0.6,2026-08-01,1125,N,VIIRS,n,2.0NRT,284.21,2.57,N
49.87597,-121.18544,298.51,0.41,0.6,2026-08-01,1125,N,VIIRS,n,2.0NRT,282.6,2.57,N
49.93446,-121.2912,299.76,0.4,0.6,2026-08-01,1125,N,VIIRS,n,2.0NRT,278.36,1.14,N
49.93547,-121.2944,301.02,0.4,0.6,2026-08-01,1125,N,VIIRS,n,2.0NRT,278.42,1.12,N
49.9366,-121.29799,298.67,0.4,0.6,2026-08-01,1125,N,VIIRS,n,2.0NRT,278.25,1.12,N
49.93792,-121.30216,304.52,0.4,0.6,2026-08-01,1125,N,VIIRS,n,2.0NRT,280.0,1.62,N
49.941,-121.29215,302.75,0.4,0.6,2026-08-01,1125,N,VIIRS,n,2.0NRT,276.43,1.33,N
49.9421,-121.29564,296.74,0.4,0.6,2026-08-01,1125,N,VIIRS,n,2.0NRT,275.35,1.33,N
49.94486,-121.2846,300.63,0.4,0.6,2026-08-01,1125,N,VIIRS,n,2.0NRT,276.45,1.68,N
49.94638,-121.28944,306.51,0.4,0.6,2026-08-01,1125,N,VIIRS,n,2.0NRT,277.35,1.33,N
49.94761,-121.29334,313.19,0.4,0.6,2026-08-01,1125,N,VIIRS,n,2.0NRT,277.72,1.33,N
49.9477,-121.31345,304.32,0.4,0.6,2026-08-01,1125,N,VIIRS,n,2.0NRT,278.83,3.5,N
49.94876,-121.297,318.43,0.4,0.6,2026-08-01,1125,N,VIIRS,n,2.0NRT,277.94,3.53,N
49.94994,-121.30073,316.17,0.4,0.6,2026-08-01,1125,N,VIIRS,n,2.0NRT,277.6,3.53,N
49.95117,-121.30465,324.51,0.4,0.6,2026-08-01,1125,N,VIIRS,n,2.0NRT,281.29,3.5,N
49.95147,-121.28577,297.64,0.4,0.6,2026-08-01,1125,N,VIIRS,n,2.0NRT,279.49,2.72,N
49.95248,-121.30882,327.7,0.4,0.6,2026-08-01,1125,N,VIIRS,n,2.0NRT,281.6,3.5,N
49.95397,-121.31356,304.28,0.4,0.6,2026-08-01,1125,N,VIIRS,n,2.0NRT,280.19,5.29,N
49.95421,-121.2945,324.35,0.4,0.6,2026-08-01,1125,N,VIIRS,n,2.0NRT,281.79,20.65,N
49.95553,-121.29871,355.15,0.4,0.6,2026-08-01,1125,N,VIIRS,n,2.0NRT,286.83,20.65,N
49.95692,-121.30314,367.0,0.4,0.6,2026-08-01,1125,N,VIIRS,h,2.0NRT,319.01,72.01,N
49.95821,-121.28738,300.76,0.4,0.6,2026-08-01,1125,N,VIIRS,n,2.0NRT,280.58,2.72,N
49.95834,-121.30766,367.0,0.4,0.6,2026-08-01,1125,N,VIIRS,h,2.0NRT,288.16,72.01,N
49.9597,-121.29215,306.29,0.4,0.6,2026-08-01,1125,N,VIIRS,n,2.0NRT,280.86,20.65,N
49.95974,-121.31213,307.67,0.4,0.6,2026-08-01,1125,N,VIIRS,n,2.0NRT,280.59,13.99,N
49.96122,-121.29699,322.07,0.4,0.6,2026-08-01,1125,N,VIIRS,n,2.0NRT,280.18,20.65,N
49.9627,-121.30171,307.3,0.4,0.6,2026-08-01,1125,N,VIIRS,n,2.0NRT,280.51,72.01,N
50.00572,-121.33992,295.06,0.4,0.6,2026-08-01,1125,N,VIIRS,n,2.0NRT,278.27,2.59,N
50.00588,-121.33987,296.21,0.4,0.6,2026-08-01,1125,N,VIIRS,n,2.0NRT,279.55,1.6,N
50.07255,-121.33456,295.07,0.39,0.6,2026-08-01,1125,N,VIIRS,n,2.0NRT,280.79,1.42,N
50.08047,-121.2208,295.58,0.4,0.6,2026-08-01,1125,N,VIIRS,n,2.0NRT,284.56,0.98,N
50.08661,-121.33988,301.17,0.39,0.6,2026-08-01,1125,N,VIIRS,n,2.0NRT,282.6,1.35,N
50.08865,-121.2691,319.07,0.4,0.6,2026-08-01,1125,N,VIIRS,n,2.0NRT,284.44,1.88,N
50.08912,-121.26848,319.66,0.4,0.6,2026-08-01,1125,N,VIIRS,n,2.0NRT,284.53,1.55,N
50.0938,-121.26571,300.82,0.4,0.6,2026-08-01,1125,N,VIIRS,n,2.0NRT,283.5,1.43,N
50.09423,-121.26495,299.08,0.4,0.6,2026-08-01,1125,N,VIIRS,n,2.0NRT,283.41,1.55,N
50.10106,-121.26897,302.7,0.4,0.6,2026-08-01,1125,N,VIIRS,n,2.0NRT,283.75,1.75,N
50.10137,-121.26794,302.65,0.4,0.6,2026-08-01,1125,N,VIIRS,n,2.0NRT,283.35,1.62,N
50.10259,-121.25415,301.47,0.4,0.6,2026-08-01,1125,N,VIIRS,n,2.0NRT,282.18,7.21,N
50.10313,-121.25365,304.48,0.4,0.6,2026-08-01,1125,N,VIIRS,n,2.0NRT,282.42,1.31,N
50.10399,-121.25858,299.91,0.4,0.6,2026-08-01,1125,N,VIIRS,n,2.0NRT,282.89,7.21,N
50.10448,-121.25799,300.94,0.4,0.6,2026-08-01,1125,N,VIIRS,n,2.0NRT,283.0,1.62,N
50.105,-121.2421,295.8,0.4,0.6,2026-08-01,1125,N,VIIRS,n,2.0NRT,281.01,2.37,N
50.10551,-121.26337,311.39,0.4,0.6,2026-08-01,1125,N,VIIRS,n,2.0NRT,283.26,49.55,N
50.10583,-121.26233,313.21,0.4,0.6,2026-08-01,1125,N,VIIRS,n,2.0NRT,283.4,1.62,N
50.10662,-121.24724,320.99,0.4,0.6,2026-08-01,1125,N,VIIRS,n,2.0NRT,280.59,2.37,N
50.10799,-121.25151,334.28,0.4,0.6,2026-08-01,1125,N,VIIRS,n,2.0NRT,280.68,7.21,N
50.10824,-121.27197,323.36,0.4,0.6,2026-08-01,1125,N,VIIRS,n,2.0NRT,282.89,49.55,N
50.10848,-121.2709,323.85,0.4,0.6,2026-08-01,1125,N,VIIRS,n,2.0NRT,282.94,4.25,N
50.10926,-121.25553,327.82,0.4,0.6,2026-08-01,1125,N,VIIRS,n,2.0NRT,282.93,7.21,N
50.11022,-121.23891,311.1,0.4,0.6,2026-08-01,1125,N,VIIRS,n,2.0NRT,279.48,1.68,N
50.11198,-121.24446,333.34,0.4,0.6,2026-08-01,1125,N,VIIRS,n,2.0NRT,279.57,1.68,N
50.11241,-121.26549,367.0,0.4,0.6,2026-08-01,1125,N,VIIRS,h,2.0NRT,292.19,49.55,N
50.11333,-121.24874,313.81,0.4,0.6,2026-08-01,1125,N,VIIRS,n,2.0NRT,282.24,8.38,N
50.11369,-121.23016,298.07,0.4,0.6,2026-08-01,1125,N,VIIRS,n,2.0NRT,278.88,1.86,N
50.11458,-121.25267,367.0,0.4,0.6,2026-08-01,1125,N,VIIRS,h,2.0NRT,290.48,8.38,N
50.11468,-121.27266,299.73,0.4,0.6,2026-08-01,1125,N,VIIRS,n,2.0NRT,281.79,22.78,N
50.11543,-121.23566,297.03,0.4,0.6,2026-08-01,1125,N,VIIRS,n,2.0NRT,279.93,1.68,N
50.11584,-121.25666,343.81,0.4,0.6,2026-08-01,1125,N,VIIRS,n,2.0NRT,301.66,26.73,N
50.1171,-121.24095,300.72,0.4,0.6,2026-08-01,1125,N,VIIRS,n,2.0NRT,280.2,1.68,N
50.11721,-121.26099,367.0,0.4,0.6,2026-08-01,1125,N,VIIRS,h,2.0NRT,296.8,26.73,N
50.11889,-121.26632,296.63,0.4,0.6,2026-08-01,1125,N,VIIRS,n,2.0NRT,282.86,14.29,N
50.11989,-121.2498,310.22,0.4,0.6,2026-08-01,1125,N,VIIRS,n,2.0NRT,282.36,8.38,N
50.12122,-121.254,328.44,0.4,0.6,2026-08-01,1125,N,VIIRS,n,2.0NRT,283.3,26.73,N
50.12258,-121.25832,317.85,0.4,0.6,2026-08-01,1125,N,VIIRS,n,2.0NRT,283.08,26.73,N
49.77088,-121.36231,295.84,0.52,0.5,2026-08-02,1106,N,VIIRS,n,2.0NRT,281.18,2.38,N
49.7711,-121.36314,297.18,0.52,0.5,2026-08-02,1106,N,VIIRS,n,2.0NRT,281.2,1.33,N
49.77511,-121.35938,297.49,0.52,0.5,2026-08-02,1106,N,VIIRS,n,2.0NRT,281.76,2.65,N
49.77531,-121.36014,299.09,0.52,0.5,2026-08-02,1106,N,VIIRS,n,2.0NRT,281.77,1.33,N
49.7564,-121.36992,327.55,0.5,0.49,2026-08-04,2017,N,VIIRS,n,2.0NRT,295.33,3.26,D
49.76015,-121.39359,330.69,0.5,0.49,2026-08-04,2017,N,VIIRS,n,2.0NRT,294.25,3.29,D
49.76051,-121.3731,339.37,0.5,0.49,2026-08-04,2017,N,VIIRS,n,2.0NRT,295.3,4.67,D
49.79171,-121.40524,334.32,0.5,0.49,2026-08-04,2017,N,VIIRS,n,2.0NRT,296.94,7.48,D
49.82295,-121.24516,338.3,0.5,0.49,2026-08-04,2017,N,VIIRS,n,2.0NRT,290.16,12.72,D
49.84938,-121.2247,325.74,0.49,0.49,2026-08-04,2017,N,VIIRS,n,2.0NRT,295.18,2.69,D
49.85955,-121.19747,339.94,0.49,0.49,2026-08-04,2017,N,VIIRS,n,2.0NRT,299.64,6.94,D
49.86091,-121.1992,326.22,0.49,0.49,2026-08-04,2017,N,VIIRS,n,2.0NRT,297.97,7.64,D
49.86114,-121.19125,329.0,0.49,0.49,2026-08-04,2017,N,VIIRS,n,2.0NRT,298.55,7.54,D
49.8625,-121.19312,341.39,0.49,0.49,2026-08-04,2017,N,VIIRS,n,2.0NRT,300.72,7.64,D
49.86281,-121.18465,343.32,0.49,0.49,2026-08-04,2017,N,VIIRS,n,2.0NRT,300.01,7.54,D
49.86404,-121.18713,335.07,0.49,0.49,2026-08-04,2017,N,VIIRS,n,2.0NRT,302.25,24.78,D
49.86591,-121.17995,339.9,0.49,0.49,2026-08-04,2017,N,VIIRS,n,2.0NRT,298.57,24.78,D
49.86728,-121.18622,345.54,0.49,0.49,2026-08-04,2017,N,VIIRS,n,2.0NRT,300.93,24.07,D
49.86897,-121.17955,338.57,0.49,0.49,2026-08-04,2017,N,VIIRS,n,2.0NRT,295.71,15.77,D
49.87036,-121.19328,327.59,0.49,0.49,2026-08-04,2017,N,VIIRS,n,2.0NRT,293.06,24.07,D
49.87181,-121.18753,348.25,0.49,0.49,2026-08-04,2017,N,VIIRS,n,2.0NRT,305.8,24.07,D
49.8732,-121.18956,350.07,0.49,0.49,2026-08-04,2017,N,VIIRS,n,2.0NRT,300.13,50.55,D
49.75314,-121.37548,351.55,0.39,0.59,2026-08-04,2157,N,VIIRS,n,2.0NRT,303.22,12.99,D
49.75327,-121.37147,356.65,0.39,0.59,2026-08-04,2157,N,VIIRS,n,2.0NRT,308.75,12.99,D
49.75337,-121.36787,356.76,0.39,0.59,2026-08-04,2157,N,VIIRS,n,2.0NRT,317.25,21.43,D
49.75348,-121.36451,327.67,0.39,0.59,2026-08-04,2157,N,VIIRS,n,2.0NRT,298.05,21.43,D
49.75713,-121.37646,346.31,0.39,0.59,2026-08-04,2157,N,VIIRS,n,2.0NRT,302.58,9.75,D
49.75724,-121.37249,367.0,0.39,0.59,2026-08-04,2157,N,VIIRS,h,2.0NRT,306.16,28.55,D
49.75734,-121.36886,354.16,0.39,0.59,2026-08-04,2157,N,VIIRS,n,2.0NRT,307.1,28.55,D
49.75743,-121.36539,346.39,0.39,0.59,2026-08-04,2157,N,VIIRS,n,2.0NRT,300.28,20.5,D
49.75879,-121.37212,338.04,0.39,0.59,2026-08-04,2157,N,VIIRS,n,2.0NRT,300.1,12.99,D
49.7589,-121.36862,340.77,0.39,0.59,2026-08-04,2157,N,VIIRS,n,2.0NRT,301.97,21.43,D
49.75901,-121.36485,352.75,0.39,0.59,2026-08-04,2157,N,VIIRS,n,2.0NRT,301.56,21.43,D
49.76297,-121.36578,367.0,0.39,0.59,2026-08-04,2157,N,VIIRS,h,2.0NRT,305.01,20.5,D
49.76457,-121.3644,367.0,0.39,0.59,2026-08-04,2157,N,VIIRS,h,2.0NRT,301.31,12.4,D
49.76876,-121.35666,327.09,0.39,0.59,2026-08-04,2157,N,VIIRS,n,2.0NRT,298.82,4.92,D
49.76891,-121.35123,340.84,0.39,0.59,2026-08-04,2157,N,VIIRS,n,2.0NRT,298.82,6.46,D
49.76902,-121.34693,367.0,0.39,0.59,2026-08-04,2157,N,VIIRS,h,2.0NRT,300.57,6.46,D
49.76912,-121.34338,333.91,0.39,0.59,2026-08-04,2157,N,VIIRS,n,2.0NRT,296.24,6.19,D
49.77042,-121.35533,335.93,0.39,0.59,2026-08-04,2157,N,VIIRS,n,2.0NRT,299.66,7.18,D
49.77057,-121.35075,340.45,0.39,0.59,2026-08-04,2157,N,VIIRS,n,2.0NRT,298.59,7.18,D
49.77068,-121.34676,367.0,0.39,0.59,2026-08-04,2157,N,VIIRS,h,2.0NRT,300.36,5.98,D
49.7708,-121.34322,330.94,0.39,0.59,2026-08-04,2157,N,VIIRS,n,2.0NRT,296.82,5.98,D
49.7709,-121.33969,343.21,0.39,0.59,2026-08-04,2157,N,VIIRS,n,2.0NRT,296.53,5.86,D
49.77111,-121.33271,350.27,0.39,0.59,2026-08-04,2157,N,VIIRS,n,2.0NRT,295.76,6.88,D
49.77136,-121.32481,346.68,0.39,0.59,2026-08-04,2157,N,VIIRS,n,2.0NRT,294.82,4.13,D
49.77151,-121.31976,330.32,0.39,0.59,2026-08-04,2157,N,VIIRS,n,2.0NRT,293.52,4.13,D
49.77475,-121.34061,355.82,0.39,0.59,2026-08-04,2157,N,VIIRS,n,2.0NRT,297.13,6.19,D
49.77485,-121.33698,335.46,0.39,0.59,2026-08-04,2157,N,VIIRS,n,2.0NRT,295.69,5.98,D
49.77494,-121.33353,351.74,0.39,0.59,2026-08-04,2157,N,VIIRS,n,2.0NRT,295.79,5.98,D
49.77515,-121.3259,351.79,0.39,0.59,2026-08-04,2157,N,VIIRS,n,2.0NRT,295.34,12.07,D
49.7753,-121.32051,338.0,0.39,0.59,2026-08-04,2157,N,VIIRS,n,2.0NRT,294.61,10.28,D
49.77644,-121.34004,338.11,0.39,0.59,2026-08-04,2157,N,VIIRS,n,2.0NRT,295.82,3.36,D
49.77656,-121.33633,326.57,0.39,0.59,2026-08-04,2157,N,VIIRS,n,2.0NRT,295.43,3.36,D
49.77691,-121.32514,337.97,0.39,0.59,2026-08-04,2157,N,VIIRS,n,2.0NRT,293.11,6.08,D
49.77914,-121.42776,329.61,0.38,0.59,2026-08-04,2157,N,VIIRS,n,2.0NRT,298.26,1.32,D
49.78317,-121.43628,337.79,0.38,0.59,2026-08-04,2157,N,VIIRS,n,2.0NRT,300.93,5.55,D
49.78326,-121.43311,341.12,0.38,0.59,2026-08-04,2157,N,VIIRS,n,2.0NRT,299.9,4.21,D
49.78336,-121.42953,339.09,0.38,0.59,2026-08-04,2157,N,VIIRS,n,2.0NRT,298.91,4.21,D
49.78961,-121.40459,337.33,0.39,0.59,2026-08-04,2157,N,VIIRS,n,2.0NRT,298.3,3.49,D
49.82179,-121.24902,343.39,0.39,0.59,2026-08-04,2157,N,VIIRS,n,2.0NRT,294.3,4.48,D
49.8219,-121.24511,327.45,0.39,0.6,2026-08-04,2157,N,VIIRS,n,2.0NRT,291.24,4.48,D
49.82677,-121.26976,351.16,0.39,0.59,2026-08-04,2157,N,VIIRS,n,2.0NRT,296.35,8.71,D
49.86261,-121.18885,338.07,0.39,0.6,2026-08-04,2157,N,VIIRS,n,2.0NRT,293.62,9.01,D
49.86277,-121.18342,338.29,0.39,0.6,2026-08-04,2157,N,VIIRS,n,2.0NRT,292.95,9.01,D
49.86353,-121.29647,335.8,0.39,0.59,2026-08-04,2157,N,VIIRS,n,2.0NRT,293.27,6.33,D
49.86375,-121.28762,367.0,0.39,0.59,2026-08-04,2157,N,VIIRS,h,2.0NRT,296.3,6.33,D
49.86501,-121.29433,367.0,0.39,0.59,2026-08-04,2157,N,VIIRS,h,2.0NRT,294.94,8.83,D
49.86526,-121.28616,335.68,0.39,0.59,2026-08-04,2157,N,VIIRS,n,2.0NRT,293.0,10.84,D
49.86578,-121.20727,329.69,0.39,0.6,2026-08-04,2157,N,VIIRS,n,2.0NRT,293.7,9.43,D
49.86593,-121.20145,348.38,0.39,0.6,2026-08-04,2157,N,VIIRS,n,2.0NRT,298.48,13.45,D
49.8661,-121.1944,325.06,0.39,0.6,2026-08-04,2157,N,VIIRS,n,2.0NRT,293.28,13.45,D
49.86629,-121.18684,356.82,0.4,0.6,2026-08-04,2157,N,VIIRS,n,2.0NRT,295.11,33.01,D
49.86769,-121.20597,352.42,0.39,0.6,2026-08-04,2157,N,VIIRS,n,2.0NRT,297.65,21.76,D
49.86786,-121.20016,367.0,0.39,0.6,2026-08-04,2157,N,VIIRS,h,2.0NRT,300.78,21.76,D
49.86829,-121.18574,339.6,0.39,0.6,2026-08-04,2157,N,VIIRS,n,2.0NRT,294.3,9.01,D
49.87132,-121.20948,336.71,0.39,0.6,2026-08-04,2157,N,VIIRS,n,2.0NRT,290.55,9.43,D
49.87146,-121.20381,367.0,0.39,0.6,2026-08-04,2157,N,VIIRS,h,2.0NRT,294.89,13.45,D
49.8716,-121.19788,326.68,0.39,0.6,2026-08-04,2157,N,VIIRS,n,2.0NRT,290.26,13.45,D
49.87179,-121.19067,336.15,0.4,0.6,2026-08-04,2157,N,VIIRS,n,2.0NRT,300.32,33.01,D
49.87196,-121.18359,367.0,0.4,0.6,2026-08-04,2157,N,VIIRS,h,2.0NRT,294.18,33.01,D
49.87212,-121.17743,325.05,0.4,0.6,2026-08-04,2157,N,VIIRS,n,2.0NRT,290.96,12.44,D
49.87379,-121.18857,348.09,0.39,0.6,2026-08-04,2157,N,VIIRS,n,2.0NRT,304.25,45.88,D
49.87398,-121.18224,346.85,0.4,0.6,2026-08-04,2157,N,VIIRS,n,2.0NRT,291.28,37.17,D
50.10076,-121.25304,352.87,0.39,0.6,2026-08-04,2157,N,VIIRS,n,2.0NRT,300.8,7.14,D
50.10619,-121.25861,344.39,0.39,0.6,2026-08-04,2157,N,VIIRS,n,2.0NRT,294.14,4.91,D
50.10631,-121.25422,335.87,0.39,0.6,2026-08-04,2157,N,VIIRS,n,2.0NRT,292.28,4.91,D
49.75334,-121.36922,349.51,0.42,0.37,2026-08-05,1011,N,VIIRS,n,2.0NRT,292.16,4.33,N
49.75416,-121.37551,321.32,0.42,0.37,2026-08-05,1011,N,VIIRS,n,2.0NRT,288.26,4.33,N
49.75589,-121.36152,314.59,0.42,0.37,2026-08-05,1011,N,VIIRS,n,2.0NRT,287.1,1.06,N
49.75672,-121.36793,300.8,0.42,0.37,2026-08-05,1011,N,VIIRS,n,2.0NRT,287.81,4.33,N
49.75858,-121.35497,322.15,0.42,0.37,2026-08-05,1011,N,VIIRS,n,2.0NRT,287.33,2.13,N
49.75931,-121.36052,304.74,0.42,0.37,2026-08-05,1011,N,VIIRS,n,2.0NRT,286.95,2.13,N
49.76011,-121.36662,314.05,0.42,0.37,2026-08-05,1011,N,VIIRS,n,2.0NRT,288.46,1.81,N
49.76043,-121.39626,334.54,0.42,0.37,2026-08-05,1011,N,VIIRS,n,2.0NRT,290.32,4.17,N
49.76115,-121.40185,320.92,0.42,0.37,2026-08-05,1011,N,VIIRS,n,2.0NRT,286.65,3.36,N
49.76204,-121.35428,339.55,0.42,0.37,2026-08-05,1011,N,VIIRS,n,2.0NRT,293.6,2.13,N
49.76249,-121.38483,353.05,0.42,0.37,2026-08-05,1011,N,VIIRS,n,2.0NRT,294.02,6.73,N
49.76276,-121.35976,306.63,0.42,0.37,2026-08-05,1011,N,VIIRS,n,2.0NRT,288.41,2.13,N
49.76318,-121.39014,305.34,0.42,0.37,2026-08-05,1011,N,VIIRS,n,2.0NRT,288.31,1.09,N
49.7635,-121.36546,313.75,0.42,0.37,2026-08-05,1011,N,VIIRS,n,2.0NRT,290.6,1.81,N
49.76385,-121.39526,301.11,0.42,0.37,2026-08-05,1011,N,VIIRS,n,2.0NRT,288.55,1.09,N
49.76456,-121.40068,297.53,0.42,0.37,2026-08-05,1011,N,VIIRS,n,2.0NRT,286.65,0.59,N
49.76475,-121.34783,302.01,0.42,0.37,2026-08-05,1011,N,VIIRS,n,2.0NRT,287.35,4.03,N
49.76592,-121.3839,308.08,0.42,0.37,2026-08-05,1011,N,VIIRS,n,2.0NRT,288.62,6.73,N
49.7673,-121.34026,303.16,0.42,0.37,2026-08-05,1011,N,VIIRS,n,2.0NRT,288.21,4.03,N
49.76796,-121.39955,304.96,0.42,0.37,2026-08-05,1011,N,VIIRS,n,2.0NRT,287.81,0.59,N
49.76814,-121.3466,339.69,0.42,0.37,2026-08-05,1011,N,VIIRS,n,2.0NRT,296.42,4.03,N
49.77066,-121.33883,320.37,0.42,0.37,2026-08-05,1011,N,VIIRS,n,2.0NRT,289.43,1.79,N
49.77151,-121.34521,312.91,0.42,0.37,2026-08-05,1011,N,VIIRS,n,2.0NRT,290.77,1.79,N
49.77238,-121.32498,314.67,0.42,0.37,2026-08-05,1011,N,VIIRS,n,2.0NRT,287.35,2.93,N
49.77319,-121.33109,335.65,0.42,0.37,2026-08-05,1011,N,VIIRS,n,2.0NRT,288.54,2.93,N
49.77357,-121.30703,300.59,0.42,0.37,2026-08-05,1011,N,VIIRS,n,2.0NRT,285.6,1.28,N
49.77405,-121.33759,325.61,0.42,0.37,2026-08-05,1011,N,VIIRS,n,2.0NRT,291.22,1.79,N
49.77432,-121.31275,320.1,0.42,0.37,2026-08-05,1011,N,VIIRS,n,2.0NRT,290.07,1.3,N
49.77489,-121.34396,302.5,0.42,0.37,2026-08-05,1011,N,VIIRS,n,2.0NRT,288.88,1.79,N
49.77504,-121.31824,304.62,0.42,0.37,2026-08-05,1011,N,VIIRS,n,2.0NRT,288.33,1.3,N
49.77579,-121.32387,299.96,0.42,0.37,2026-08-05,1011,N,VIIRS,n,2.0NRT,286.58,1.54,N
49.77658,-121.32991,318.64,0.42,0.37,2026-08-05,1011,N,VIIRS,n,2.0NRT,287.44,1.54,N
49.77701,-121.3062,311.04,0.42,0.37,2026-08-05,1011,N,VIIRS,n,2.0NRT,289.65,1.28,N
49.77779,-121.3121,302.84,0.42,0.37,2026-08-05,1011,N,VIIRS,n,2.0NRT,288.76,1.3,N
49.77828,-121.34274,331.64,0.42,0.37,2026-08-05,1011,N,VIIRS,n,2.0NRT,293.56,3.31,N
49.77908,-121.34882,306.13,0.42,0.37,2026-08-05,1011,N,VIIRS,n,2.0NRT,289.09,2.48,N
49.77961,-121.2991,302.42,0.42,0.37,2026-08-05,1011,N,VIIRS,n,2.0NRT,288.01,1.12,N
49.78117,-121.44616,298.92,0.42,0.38,2026-08-05,1011,N,VIIRS,n,2.0NRT,288.54,0.49,N
49.78171,-121.34182,325.62,0.42,0.37,2026-08-05,1011,N,VIIRS,n,2.0NRT,293.03,3.31,N
49.78251,-121.34789,328.99,0.42,0.37,2026-08-05,1011,N,VIIRS,n,2.0NRT,292.6,2.48,N
49.78278,-121.4313,300.97,0.42,0.38,2026-08-05,1011,N,VIIRS,n,2.0NRT,288.29,0.65,N
49.78365,-121.43788,308.34,0.42,0.38,2026-08-05,1011,N,VIIRS,n,2.0NRT,289.33,0.65,N
49.79374,-121.28197,297.94,0.42,0.37,2026-08-05,1011,N,VIIRS,n,2.0NRT,285.24,0.76,N
49.79391,-121.40776,316.58,0.42,0.37,2026-08-05,1011,N,VIIRS,n,2.0NRT,286.06,0.64,N
49.79635,-121.27482,304.41,0.42,0.37,2026-08-05,1011,N,VIIRS,n,2.0NRT,286.24,0.76,N
49.81527,-121.25681,296.64,0.41,0.37,2026-08-05,1011,N,VIIRS,n,2.0NRT,283.97,0.57,N
49.81789,-121.24973,321.31,0.41,0.37,2026-08-05,1011,N,VIIRS,n,2.0NRT,286.27,1.73,N
49.81866,-121.25572,298.84,0.41,0.37,2026-08-05,1011,N,VIIRS,n,2.0NRT,285.57,0.91,N
49.82125,-121.24837,307.65,0.41,0.37,2026-08-05,1011,N,VIIRS,n,2.0NRT,287.64,1.73,N
49.8277,-121.27058,301.48,0.42,0.37,2026-08-05,1011,N,VIIRS,n,2.0NRT,286.34,1.05,N
49.82851,-121.27681,311.43,0.42,0.37,2026-08-05,1011,N,VIIRS,n,2.0NRT,287.57,0.98,N
49.83192,-121.27579,301.69,0.42,0.37,2026-08-05,1011,N,VIIRS,n,2.0NRT,288.09,0.98,N
49.84129,-121.32036,299.05,0.42,0.37,2026-08-05,1011,N,VIIRS,n,2.0NRT,285.51,0.93,N
49.84389,-121.31306,313.77,0.42,0.37,2026-08-05,1011,N,VIIRS,n,2.0NRT,286.47,1.07,N
49.8498,-121.22303,307.43,0.41,0.37,2026-08-05,1011,N,VIIRS,n,2.0NRT,286.67,1.03,N
49.85057,-121.22881,302.42,0.41,0.37,2026-08-05,1011,N,VIIRS,n,2.0NRT,285.35,1.03,N
49.85671,-121.30259,316.6,0.42,0.37,2026-08-05,1011,N,VIIRS,n,2.0NRT,287.04,1.86,N
49.86007,-121.30121,304.25,0.42,0.37,2026-08-05,1011,N,VIIRS,n,2.0NRT,285.78,0.8,N
49.86276,-121.29462,298.35,0.42,0.37,2026-08-05,1011,N,VIIRS,n,2.0NRT,285.55,0.96,N
49.86346,-121.29995,303.74,0.42,0.37,2026-08-05,1011,N,VIIRS,n,2.0NRT,285.29,0.8,N
49.86559,-121.18171,302.93,0.41,0.37,2026-08-05,1011,N,VIIRS,n,2.0NRT,284.9,0.64,N
49.86613,-121.29329,296.87,0.42,0.37,2026-08-05,1011,N,VIIRS,n,2.0NRT,284.99,0.41,N
49.86634,-121.18735,295.7,0.41,0.37,2026-08-05,1011,N,VIIRS,n,2.0NRT,285.58,0.64,N
49.86685,-121.29877,300.41,0.42,0.37,2026-08-05,1011,N,VIIRS,n,2.0NRT,284.25,0.61,N
49.86776,-121.19814,301.71,0.41,0.37,2026-08-05,1011,N,VIIRS,n,2.0NRT,284.46,2.37,N
49.8685,-121.20376,312.88,0.41,0.37,2026-08-05,1011,N,VIIRS,n,2.0NRT,287.65,2.25,N
49.86971,-121.18607,296.36,0.41,0.37,2026-08-05,1011,N,VIIRS,n,2.0NRT,283.21,0.64,N
49.87041,-121.19146,337.44,0.41,0.37,2026-08-05,1011,N,VIIRS,n,2.0NRT,287.48,2.37,N
49.87113,-121.19688,318.09,0.41,0.37,2026-08-05,1011,N,VIIRS,n,2.0NRT,289.28,2.37,N
49.87308,-121.18481,306.57,0.41,0.37,2026-08-05,1011,N,VIIRS,n,2.0NRT,284.47,1.24,N
49.87373,-121.24333,299.71,0.41,0.37,2026-08-05,1011,N,VIIRS,n,2.0NRT,283.71,0.47,N
49.8738,-121.1903,324.66,0.41,0.37,2026-08-05,1011,N,VIIRS,n,2.0NRT,291.3,3.05,N
50.10807,-121.25703,295.85,0.42,0.37,2026-08-05,1011,N,VIIRS,n,2.0NRT,283.75,0.86,N
50.11597,-121.23565,297.28,0.42,0.37,2026-08-05,1011,N,VIIRS,n,2.0NRT,280.03,0.5,N
50.12089,-121.24625,297.41,0.42,0.37,2026-08-05,1011,N,VIIRS,n,2.0NRT,283.82,0.78,N
50.12167,-121.25233,307.18,0.42,0.37,2026-08-05,1011,N,VIIRS,n,2.0NRT,282.7,0.78,N
49.75226,-121.38238,301.29,0.7,0.75,2026-08-05,1149,N,VIIRS,n,2.0NRT,284.38,1.15,N
49.75246,-121.38297,300.03,0.7,0.75,2026-08-05,1149,N,VIIRS,n,2.0NRT,284.84,4.23,N
49.75567,-121.37016,312.31,0.7,0.75,2026-08-05,1149,N,VIIRS,n,2.0NRT,286.49,4.24,N
49.75795,-121.37597,327.74,0.7,0.75,2026-08-05,1149,N,VIIRS,n,2.0NRT,286.75,4.23,N
49.76069,-121.36197,297.57,0.7,0.75,2026-08-05,1149,N,VIIRS,n,2.0NRT,285.99,2.49,N
49.76291,-121.36762,298.72,0.7,0.75,2026-08-05,1149,N,VIIRS,n,2.0NRT,285.67,2.49,N
49.76406,-121.34953,319.27,0.7,0.75,2026-08-05,1149,N,VIIRS,n,2.0NRT,285.69,2.49,N
49.76776,-121.35902,315.24,0.7,0.75,2026-08-05,1149,N,VIIRS,n,2.0NRT,285.69,2.49,N
49.77114,-121.3466,324.06,0.7,0.75,2026-08-05,1149,N,VIIRS,n,2.0NRT,287.58,4.77,N
49.77232,-121.32858,312.33,0.7,0.75,2026-08-05,1149,N,VIIRS,n,2.0NRT,285.71,2.48,N
49.77351,-121.35268,306.57,0.7,0.75,2026-08-05,1149,N,VIIRS,n,2.0NRT,286.03,4.77,N
49.77432,-121.33371,303.23,0.7,0.75,2026-08-05,1149,N,VIIRS,n,2.0NRT,286.11,2.78,N
49.77618,-121.33848,299.3,0.7,0.75,2026-08-05,1149,N,VIIRS,n,2.0NRT,286.53,2.78,N
49.78394,-121.44254,298.68,0.7,0.75,2026-08-05,1149,N,VIIRS,n,2.0NRT,286.75,1.93,N
49.79476,-121.40728,340.09,0.7,0.75,2026-08-05,1149,N,VIIRS,n,2.0NRT,286.34,5.29,N
49.75087,-121.36625,355.82,0.39,0.59,2026-08-05,1957,N,VIIRS,n,2.0NRT,298.12,8.24,D
49.75485,-121.35346,367.0,0.39,0.59,2026-08-05,1957,N,VIIRS,h,2.0NRT,309.59,15.37,D
49.7559,-121.35007,343.52,0.39,0.59,2026-08-05,1957,N,VIIRS,n,2.0NRT,299.96,10.85,D
49.75797,-121.36328,348.96,0.39,0.59,2026-08-05,1957,N,VIIRS,n,2.0NRT,300.19,15.37,D
49.75818,-121.38248,328.91,0.39,0.59,2026-08-05,1957,N,VIIRS,n,2.0NRT,296.87,5.91,D
49.75954,-121.35823,367.0,0.39,0.59,2026-08-05,1957,N,VIIRS,h,2.0NRT,299.13,15.37,D
49.76066,-121.35461,350.11,0.39,0.59,2026-08-05,1957,N,VIIRS,n,2.0NRT,297.87,10.85,D
49.76172,-121.35119,333.72,0.39,0.59,2026-08-05,1957,N,VIIRS,n,2.0NRT,296.13,10.85,D
49.77105,-121.40071,333.42,0.39,0.59,2026-08-05,1957,N,VIIRS,n,2.0NRT,296.12,4.65,D
49.77146,-121.31979,339.66,0.39,0.59,2026-08-05,1957,N,VIIRS,n,2.0NRT,296.27,4.54,D
49.77277,-121.31558,326.85,0.39,0.59,2026-08-05,1957,N,VIIRS,n,2.0NRT,295.46,8.69,D
49.77399,-121.31161,367.0,0.39,0.59,2026-08-05,1957,N,VIIRS,h,2.0NRT,298.71,8.69,D
49.77538,-121.30715,344.53,0.39,0.59,2026-08-05,1957,N,VIIRS,n,2.0NRT,296.38,13.12,D
49.78045,-121.43021,340.62,0.39,0.59,2026-08-05,1957,N,VIIRS,n,2.0NRT,297.74,4.37,D
49.8371,-121.32607,325.09,0.39,0.59,2026-08-05,1957,N,VIIRS,l,2.0NRT,296.25,3.57,D
49.8489,-121.22761,327.15,0.38,0.59,2026-08-05,1957,N,VIIRS,n,2.0NRT,295.91,4.06,D
49.86998,-121.19849,340.17,0.38,0.59,2026-08-05,1957,N,VIIRS,n,2.0NRT,298.14,8.52,D
49.87077,-121.19934,333.72,0.38,0.59,2026-08-05,1957,N,VIIRS,n,2.0NRT,296.21,6.16,D
49.87138,-121.19393,367.0,0.38,0.59,2026-08-05,1957,N,VIIRS,h,2.0NRT,299.67,8.52,D
49.8722,-121.19476,367.0,0.38,0.59,2026-08-05,1957,N,VIIRS,h,2.0NRT,297.6,7.21,D
49.87265,-121.18977,336.01,0.38,0.59,2026-08-05,1957,N,VIIRS,n,2.0NRT,299.27,12.04,D
49.87349,-121.19059,333.99,0.38,0.59,2026-08-05,1957,N,VIIRS,n,2.0NRT,297.74,7.21,D
50.11655,-121.23779,336.31,0.38,0.58,2026-08-05,1957,N,VIIRS,n,2.0NRT,296.08,5.59,D
50.11808,-121.23272,356.02,0.38,0.58,2026-08-05,1957,N,VIIRS,n,2.0NRT,297.76,9.96,D
50.11882,-121.2365,367.0,0.38,0.58,2026-08-05,1957,N,VIIRS,h,2.0NRT,299.52,11.64,D
50.12007,-121.25211,325.82,0.38,0.58,2026-08-05,1957,N,VIIRS,n,2.0NRT,294.49,2.97,D
49.75088,-121.3701,367.0,0.47,0.48,2026-08-05,2138,N,VIIRS,l,2.0NRT,330.34,167.08,D
49.75567,-121.36599,338.85,0.48,0.48,2026-08-05,2138,N,VIIRS,n,2.0NRT,308.35,10.67,D
49.75603,-121.36081,353.37,0.48,0.48,2026-08-05,2138,N,VIIRS,n,2.0NRT,308.54,35.21,D
49.75651,-121.35378,344.06,0.48,0.48,2026-08-05,2138,N,VIIRS,n,2.0NRT,313.22,35.21,D
49.75823,-121.39368,337.6,0.47,0.48,2026-08-05,2138,N,VIIRS,n,2.0NRT,302.49,5.87,D
49.7589,-121.38412,343.47,0.47,0.48,2026-08-05,2138,N,VIIRS,n,2.0NRT,303.95,9.43,D
49.76051,-121.361,334.7,0.48,0.48,2026-08-05,2138,N,VIIRS,n,2.0NRT,307.22,35.21,D
49.7611,-121.35255,353.35,0.48,0.48,2026-08-05,2138,N,VIIRS,n,2.0NRT,312.63,35.21,D
49.76163,-121.34483,367.0,0.48,0.48,2026-08-05,2138,N,VIIRS,h,2.0NRT,308.18,54.42,D
49.76212,-121.40227,335.27,0.47,0.48,2026-08-05,2138,N,VIIRS,n,2.0NRT,302.55,11.2,D
49.76268,-121.3944,342.45,0.47,0.48,2026-08-05,2138,N,VIIRS,n,2.0NRT,305.6,11.2,D
49.76458,-121.3671,336.55,0.48,0.48,2026-08-05,2138,N,VIIRS,n,2.0NRT,305.98,5.74,D
49.76562,-121.35213,340.89,0.48,0.48,2026-08-05,2138,N,VIIRS,n,2.0NRT,300.77,5.14,D
49.76606,-121.34588,333.78,0.48,0.48,2026-08-05,2138,N,VIIRS,n,2.0NRT,301.62,23.43,D
49.76641,-121.34081,355.15,0.48,0.48,2026-08-05,2138,N,VIIRS,n,2.0NRT,312.88,23.43,D
49.77082,-121.34208,342.11,0.48,0.48,2026-08-05,2138,N,VIIRS,n,2.0NRT,304.39,23.43,D
49.77116,-121.33717,367.0,0.48,0.48,2026-08-05,2138,N,VIIRS,h,2.0NRT,305.17,32.49,D
49.7715,-121.3323,367.0,0.48,0.48,2026-08-05,2138,N,VIIRS,h,2.0NRT,303.18,32.49,D
49.77187,-121.32706,353.89,0.48,0.48,2026-08-05,2138,N,VIIRS,n,2.0NRT,305.4,12.33,D
49.77227,-121.32122,329.07,0.48,0.48,2026-08-05,2138,N,VIIRS,l,2.0NRT,301.13,12.33,D
49.77282,-121.31335,351.48,0.48,0.48,2026-08-05,2138,N,VIIRS,n,2.0NRT,300.85,6.35,D
49.77331,-121.3062,340.65,0.48,0.48,2026-08-05,2138,N,VIIRS,n,2.0NRT,300.33,6.35,D
49.7741,-121.29483,345.3,0.48,0.48,2026-08-05,2138,N,VIIRS,n,2.0NRT,299.37,7.17,D
49.77809,-121.43042,330.35,0.47,0.48,2026-08-05,2138,N,VIIRS,n,2.0NRT,302.46,6.88,D
49.77824,-121.30024,327.58,0.48,0.48,2026-08-05,2138,N,VIIRS,l,2.0NRT,301.27,82.68,D
49.77843,-121.42554,340.25,0.47,0.48,2026-08-05,2138,N,VIIRS,n,2.0NRT,304.09,6.88,D
49.779,-121.28925,342.2,0.48,0.48,2026-08-05,2138,N,VIIRS,n,2.0NRT,297.65,87.25,D
49.77941,-121.28332,367.0,0.48,0.48,2026-08-05,2138,N,VIIRS,h,2.0NRT,328.35,87.25,D
49.77991,-121.27613,342.08,0.48,0.48,2026-08-05,2138,N,VIIRS,n,2.0NRT,300.24,87.86,D
49.78216,-121.43627,367.0,0.47,0.48,2026-08-05,2138,N,VIIRS,h,2.0NRT,321.19,138.81,D
49.78249,-121.43165,343.09,0.47,0.48,2026-08-05,2138,N,VIIRS,n,2.0NRT,304.82,6.88,D
49.78284,-121.42664,337.57,0.47,0.48,2026-08-05,2138,N,VIIRS,n,2.0NRT,300.9,6.88,D
49.7928,-121.41267,337.57,0.47,0.48,2026-08-05,2138,N,VIIRS,n,2.0NRT,301.98,8.88,D
49.79325,-121.40638,355.95,0.47,0.48,2026-08-05,2138,N,VIIRS,n,2.0NRT,306.92,8.88,D
49.79346,-121.27613,355.88,0.48,0.48,2026-08-05,2138,N,VIIRS,n,2.0NRT,301.55,34.08,D
49.79385,-121.27054,349.78,0.48,0.48,2026-08-05,2138,N,VIIRS,n,2.0NRT,306.66,34.08,D
49.79768,-121.40721,341.88,0.47,0.48,2026-08-05,2138,N,VIIRS,n,2.0NRT,300.79,6.6,D
49.79792,-121.27688,336.6,0.48,0.48,2026-08-05,2138,N,VIIRS,n,2.0NRT,305.72,18.56,D
49.7983,-121.27142,340.45,0.48,0.48,2026-08-05,2138,N,VIIRS,n,2.0NRT,296.62,18.56,D
49.84265,-121.31436,343.48,0.48,0.48,2026-08-05,2138,N,VIIRS,n,2.0NRT,305.73,11.2,D
49.84311,-121.30756,329.64,0.48,0.48,2026-08-05,2138,N,VIIRS,l,2.0NRT,302.65,7.37,D
49.84702,-121.31643,289.71,0.48,0.48,2026-08-05,2138,N,VIIRS,l,2.0NRT,302.33,55.95,D
49.84745,-121.31016,347.28,0.48,0.48,2026-08-05,2138,N,VIIRS,n,2.0NRT,316.56,98.35,D
49.84836,-121.22932,329.51,0.48,0.48,2026-08-05,2138,N,VIIRS,n,2.0NRT,298.53,2.48,D
49.86761,-121.279,353.3,0.48,0.48,2026-08-05,2138,N,VIIRS,n,2.0NRT,303.05,29.45,D
49.86879,-121.19485,344.79,0.49,0.48,2026-08-05,2138,N,VIIRS,n,2.0NRT,300.6,8.87,D
49.87134,-121.22407,346.03,0.48,0.48,2026-08-05,2138,N,VIIRS,n,2.0NRT,297.07,8.62,D
49.87196,-121.28139,352.52,0.48,0.48,2026-08-05,2138,N,VIIRS,n,2.0NRT,298.19,29.45,D
49.8732,-121.19657,339.61,0.49,0.48,2026-08-05,2138,N,VIIRS,n,2.0NRT,295.2,6.35,D
49.87375,-121.18845,341.78,0.49,0.48,2026-08-05,2138,N,VIIRS,n,2.0NRT,297.53,10.67,D
50.1012,-121.21818,342.07,0.49,0.48,2026-08-05,2138,N,VIIRS,n,2.0NRT,300.43,11.08,D
50.10707,-121.26516,327.94,0.48,0.48,2026-08-05,2138,N,VIIRS,n,2.0NRT,297.52,3.41,D
50.10756,-121.25807,341.89,0.48,0.48,2026-08-05,2138,N,VIIRS,n,2.0NRT,299.35,7.79,D
50.10882,-121.23957,337.9,0.49,0.48,2026-08-05,2138,N,VIIRS,n,2.0NRT,300.91,5.03,D
50.11327,-121.24075,335.11,0.49,0.48,2026-08-05,2138,N,VIIRS,n,2.0NRT,298.78,5.03,D
50.11774,-121.24168,330.2,0.49,0.48,2026-08-05,2138,N,VIIRS,n,2.0NRT,297.74,10.54,D
50.11821,-121.23492,353.01,0.49,0.48,2026-08-05,2138,N,VIIRS,n,2.0NRT,307.52,22.3,D
50.11868,-121.22811,340.66,0.49,0.48,2026-08-05,2138,N,VIIRS,n,2.0NRT,298.79,22.3,D
50.12099,-121.26044,328.78,0.48,0.48,2026-08-05,2138,N,VIIRS,l,2.0NRT,299.74,7.81,D
50.1214,-121.25448,345.84,0.49,0.48,2026-08-05,2138,N,VIIRS,n,2.0NRT,304.48,7.81,D
50.12266,-121.23621,355.68,0.49,0.48,2026-08-05,2138,N,VIIRS,n,2.0NRT,298.08,22.3,D
50.12312,-121.22939,339.5,0.49,0.48,2026-08-05,2138,N,VIIRS,n,2.0NRT,293.73,22.3,D
49.74886,-121.36044,301.05,0.4,0.44,2026-08-06,0952,N,VIIRS,n,2.0NRT,287.41,3.37,N
49.74958,-121.36872,332.92,0.4,0.44,2026-08-06,0952,N,VIIRS,n,2.0NRT,289.8,3.16,N
49.75021,-121.37576,316.36,0.4,0.44,2026-08-06,0952,N,VIIRS,n,2.0NRT,288.25,3.16,N
49.75243,-121.3539,338.92,0.4,0.44,2026-08-06,0952,N,VIIRS,n,2.0NRT,291.4,3.37,N
49.75294,-121.35966,333.69,0.4,0.44,2026-08-06,0952,N,VIIRS,n,2.0NRT,292.56,3.37,N
49.75518,-121.38497,303.43,0.4,0.44,2026-08-06,0952,N,VIIRS,n,2.0NRT,288.31,0.91,N
49.75574,-121.3446,329.38,0.4,0.44,2026-08-06,0952,N,VIIRS,n,2.0NRT,288.26,4.02,N
49.75617,-121.34937,349.98,0.4,0.44,2026-08-06,0952,N,VIIRS,n,2.0NRT,293.12,4.02,N
49.75657,-121.35387,332.0,0.4,0.44,2026-08-06,0952,N,VIIRS,n,2.0NRT,292.15,3.16,N
49.75705,-121.35922,323.19,0.4,0.44,2026-08-06,0952,N,VIIRS,n,2.0NRT,291.9,3.16,N
49.75887,-121.37971,338.3,0.4,0.44,2026-08-06,0952,N,VIIRS,n,2.0NRT,291.38,5.34,N
49.75925,-121.33748,328.13,0.4,0.44,2026-08-06,0952,N,VIIRS,n,2.0NRT,290.81,2.89,N
49.7593,-121.3847,341.94,0.4,0.44,2026-08-06,0952,N,VIIRS,n,2.0NRT,293.02,5.34,N
49.75971,-121.38921,321.61,0.4,0.44,2026-08-06,0952,N,VIIRS,n,2.0NRT,290.41,1.95,N
49.75983,-121.34402,333.12,0.4,0.44,2026-08-06,0952,N,VIIRS,n,2.0NRT,290.81,4.02,N
49.76011,-121.39369,306.14,0.4,0.44,2026-08-06,0952,N,VIIRS,n,2.0NRT,289.1,1.95,N
49.76031,-121.34935,310.56,0.4,0.44,2026-08-06,0952,N,VIIRS,n,2.0NRT,290.38,4.02,N
49.76054,-121.39858,298.26,0.4,0.44,2026-08-06,0952,N,VIIRS,n,2.0NRT,288.21,0.76,N
49.76117,-121.35901,303.99,0.4,0.44,2026-08-06,0952,N,VIIRS,n,2.0NRT,289.12,3.16,N
49.76322,-121.33551,314.45,0.4,0.44,2026-08-06,0952,N,VIIRS,n,2.0NRT,290.47,2.41,N
49.76461,-121.39761,308.83,0.4,0.44,2026-08-06,0952,N,VIIRS,n,2.0NRT,289.83,0.76,N
49.76715,-121.33316,329.6,0.4,0.44,2026-08-06,0952,N,VIIRS,n,2.0NRT,291.95,2.41,N
49.76952,-121.31334,317.79,0.39,0.44,2026-08-06,0952,N,VIIRS,n,2.0NRT,289.18,1.56,N
49.77051,-121.32438,307.68,0.4,0.44,2026-08-06,0952,N,VIIRS,n,2.0NRT,288.97,1.42,N
49.7711,-121.33096,319.14,0.4,0.44,2026-08-06,0952,N,VIIRS,n,2.0NRT,291.42,1.42,N
49.77196,-121.29461,329.65,0.39,0.44,2026-08-06,0952,N,VIIRS,n,2.0NRT,289.43,5.11,N
49.77258,-121.3014,343.85,0.39,0.44,2026-08-06,0952,N,VIIRS,n,2.0NRT,289.1,6.43,N
49.77314,-121.40005,300.56,0.4,0.44,2026-08-06,0952,N,VIIRS,n,2.0NRT,288.05,0.75,N
49.77314,-121.30757,325.59,0.39,0.44,2026-08-06,0952,N,VIIRS,n,2.0NRT,292.41,6.43,N
49.77362,-121.31292,302.61,0.39,0.44,2026-08-06,0952,N,VIIRS,n,2.0NRT,289.81,1.56,N
49.77407,-121.31796,311.59,0.4,0.44,2026-08-06,0952,N,VIIRS,n,2.0NRT,290.31,1.56,N
49.77454,-121.32319,303.33,0.4,0.44,2026-08-06,0952,N,VIIRS,n,2.0NRT,286.94,1.42,N
49.77604,-121.29397,320.66,0.39,0.44,2026-08-06,0952,N,VIIRS,n,2.0NRT,296.4,11.0,N
49.77668,-121.30102,342.23,0.39,0.44,2026-08-06,0952,N,VIIRS,n,2.0NRT,305.47,44.98,N
49.77898,-121.28083,317.55,0.39,0.44,2026-08-06,0952,N,VIIRS,n,2.0NRT,288.6,2.15,N
49.77954,-121.28703,316.42,0.39,0.44,2026-08-06,0952,N,VIIRS,n,2.0NRT,290.05,11.0,N
49.77983,-121.42854,307.07,0.4,0.44,2026-08-06,0952,N,VIIRS,n,2.0NRT,289.29,1.3,N
49.78016,-121.29382,310.84,0.39,0.44,2026-08-06,0952,N,VIIRS,n,2.0NRT,290.82,11.0,N
49.78058,-121.437,313.97,0.4,0.44,2026-08-06,0952,N,VIIRS,n,2.0NRT,291.28,1.3,N
49.78263,-121.27547,300.75,0.39,0.44,2026-08-06,0952,N,VIIRS,n,2.0NRT,286.61,2.35,N
49.78313,-121.28104,335.01,0.39,0.44,2026-08-06,0952,N,VIIRS,n,2.0NRT,293.9,2.35,N
49.79068,-121.4103,302.7,0.4,0.44,2026-08-06,0952,N,VIIRS,n,2.0NRT,287.25,0.72,N
49.79372,-121.27364,312.31,0.39,0.44,2026-08-06,0952,N,VIIRS,n,2.0NRT,288.83,1.64,N
49.79471,-121.40897,307.73,0.4,0.44,2026-08-06,0952,N,VIIRS,n,2.0NRT,286.34,0.83,N
49.79486,-121.27361,316.23,0.39,0.44,2026-08-06,0952,N,VIIRS,n,2.0NRT,289.49,2.63,N
49.79531,-121.41563,301.92,0.4,0.44,2026-08-06,0952,N,VIIRS,n,2.0NRT,287.09,0.83,N
49.79774,-121.2723,311.91,0.39,0.44,2026-08-06,0952,N,VIIRS,n,2.0NRT,288.58,1.91,N
49.7983,-121.27882,295.54,0.39,0.44,2026-08-06,0952,N,VIIRS,n,2.0NRT,285.28,1.11,N
49.80119,-121.26437,310.76,0.39,0.44,2026-08-06,0952,N,VIIRS,n,2.0NRT,288.47,1.91,N
49.80175,-121.27091,323.38,0.39,0.44,2026-08-06,0952,N,VIIRS,n,2.0NRT,291.43,1.91,N
49.80526,-121.26376,323.9,0.39,0.44,2026-08-06,0952,N,VIIRS,n,2.0NRT,290.84,3.11,N
49.80581,-121.27009,312.92,0.39,0.44,2026-08-06,0952,N,VIIRS,n,2.0NRT,289.55,3.11,N
49.80941,-121.26398,336.0,0.39,0.44,2026-08-06,0952,N,VIIRS,n,2.0NRT,289.89,3.11,N
49.81435,-121.51466,313.16,0.4,0.44,2026-08-06,0952,N,VIIRS,n,2.0NRT,286.61,1.39,N
49.816,-121.24493,315.2,0.39,0.44,2026-08-06,0952,N,VIIRS,n,2.0NRT,286.85,1.71,N
49.8162,-121.50919,313.1,0.4,0.44,2026-08-06,0952,N,VIIRS,n,2.0NRT,287.22,2.7,N
49.81662,-121.51389,334.65,0.4,0.44,2026-08-06,0952,N,VIIRS,n,2.0NRT,289.44,2.7,N
49.81802,-121.50864,305.64,0.4,0.44,2026-08-06,0952,N,VIIRS,n,2.0NRT,287.27,1.18,N
49.81841,-121.51323,327.03,0.4,0.44,2026-08-06,0952,N,VIIRS,n,2.0NRT,289.31,1.53,N
49.81882,-121.51791,300.75,0.4,0.44,2026-08-06,0952,N,VIIRS,n,2.0NRT,287.17,1.53,N
49.81885,-121.23038,300.06,0.39,0.44,2026-08-06,0952,N,VIIRS,n,2.0NRT,282.99,0.92,N
49.81937,-121.23623,304.8,0.39,0.44,2026-08-06,0952,N,VIIRS,n,2.0NRT,285.48,1.48,N
49.81993,-121.24273,311.49,0.39,0.44,2026-08-06,0952,N,VIIRS,n,2.0NRT,288.58,1.48,N
49.82292,-121.22975,312.54,0.39,0.44,2026-08-06,0952,N,VIIRS,n,2.0NRT,285.4,0.92,N
49.8234,-121.2352,311.98,0.39,0.44,2026-08-06,0952,N,VIIRS,n,2.0NRT,286.28,1.48,N
49.82393,-121.24114,317.26,0.39,0.44,2026-08-06,0952,N,VIIRS,n,2.0NRT,287.26,1.48,N
49.82653,-121.22398,324.3,0.39,0.44,2026-08-06,0952,N,VIIRS,n,2.0NRT,284.83,3.91,N
49.82661,-121.27171,298.2,0.39,0.44,2026-08-06,0952,N,VIIRS,n,2.0NRT,286.01,0.59,N
49.82701,-121.22937,343.11,0.39,0.44,2026-08-06,0952,N,VIIRS,n,2.0NRT,288.79,3.91,N
49.82748,-121.23471,311.05,0.39,0.44,2026-08-06,0952,N,VIIRS,n,2.0NRT,287.47,1.12,N
49.82798,-121.24027,298.33,0.39,0.44,2026-08-06,0952,N,VIIRS,n,2.0NRT,285.41,1.12,N
49.83063,-121.27034,303.16,0.39,0.44,2026-08-06,0952,N,VIIRS,n,2.0NRT,287.77,0.71,N
49.83065,-121.22386,326.58,0.39,0.44,2026-08-06,0952,N,VIIRS,n,2.0NRT,286.87,3.91,N
49.83112,-121.22916,335.87,0.39,0.44,2026-08-06,0952,N,VIIRS,n,2.0NRT,290.11,3.91,N
49.8313,-121.27797,297.88,0.39,0.44,2026-08-06,0952,N,VIIRS,n,2.0NRT,287.06,0.71,N
49.84203,-121.21284,312.52,0.39,0.44,2026-08-06,0952,N,VIIRS,n,2.0NRT,285.69,12.05,N
49.84254,-121.21851,299.03,0.39,0.44,2026-08-06,0952,N,VIIRS,n,2.0NRT,284.51,12.05,N
49.84399,-121.18873,311.96,0.39,0.44,2026-08-06,0952,N,VIIRS,n,2.0NRT,289.69,58.26,N
49.8446,-121.19548,345.31,0.39,0.44,2026-08-06,0952,N,VIIRS,n,2.0NRT,315.12,58.26,N
49.84518,-121.202,334.19,0.39,0.44,2026-08-06,0952,N,VIIRS,n,2.0NRT,291.19,6.17,N
49.84569,-121.20765,324.98,0.39,0.44,2026-08-06,0952,N,VIIRS,n,2.0NRT,291.73,6.17,N
49.84618,-121.21311,337.57,0.39,0.44,2026-08-06,0952,N,VIIRS,n,2.0NRT,297.88,12.05,N
49.84663,-121.31083,312.17,0.4,0.44,2026-08-06,0952,N,VIIRS,n,2.0NRT,287.13,1.78,N
49.84668,-121.21876,352.87,0.39,0.44,2026-08-06,0952,N,VIIRS,n,2.0NRT,299.64,12.05,N
49.84713,-121.31657,317.76,0.4,0.44,2026-08-06,0952,N,VIIRS,n,2.0NRT,287.53,1.78,N
49.84718,-121.22433,317.22,0.39,0.44,2026-08-06,0952,N,VIIRS,n,2.0NRT,289.1,3.78,N
49.84815,-121.18909,347.86,0.39,0.44,2026-08-06,0952,N,VIIRS,n,2.0NRT,296.12,7.72,N
49.84873,-121.1956,345.37,0.39,0.44,2026-08-06,0952,N,VIIRS,n,2.0NRT,294.49,7.72,N
49.84928,-121.20174,323.25,0.39,0.44,2026-08-06,0952,N,VIIRS,n,2.0NRT,290.58,2.57,N
49.8498,-121.2075,320.15,0.39,0.44,2026-08-06,0952,N,VIIRS,n,2.0NRT,289.75,2.57,N
49.84983,-121.30032,298.4,0.4,0.44,2026-08-06,0952,N,VIIRS,n,2.0NRT,286.22,1.25,N
49.8503,-121.2131,301.35,0.39,0.44,2026-08-06,0952,N,VIIRS,n,2.0NRT,288.45,1.12,N
49.85064,-121.30933,298.1,0.4,0.44,2026-08-06,0952,N,VIIRS,n,2.0NRT,286.54,0.96,N
49.85068,-121.17152,299.91,0.39,0.44,2026-08-06,0952,N,VIIRS,n,2.0NRT,285.49,0.92,N
49.85081,-121.21877,311.33,0.39,0.44,2026-08-06,0952,N,VIIRS,n,2.0NRT,289.34,1.12,N
49.85113,-121.31493,311.1,0.4,0.44,2026-08-06,0952,N,VIIRS,n,2.0NRT,286.54,0.96,N
49.85119,-121.17723,346.11,0.39,0.44,2026-08-06,0952,N,VIIRS,n,2.0NRT,292.03,5.48,N
49.85132,-121.22441,297.58,0.39,0.44,2026-08-06,0952,N,VIIRS,n,2.0NRT,287.45,1.2,N
49.85172,-121.18309,314.4,0.39,0.44,2026-08-06,0952,N,VIIRS,n,2.0NRT,288.78,5.48,N
49.85228,-121.18926,332.13,0.39,0.44,2026-08-06,0952,N,VIIRS,n,2.0NRT,290.79,7.72,N
49.85386,-121.2991,306.96,0.4,0.44,2026-08-06,0952,N,VIIRS,n,2.0NRT,288.72,1.25,N
49.85425,-121.30344,314.37,0.4,0.44,2026-08-06,0952,N,VIIRS,n,2.0NRT,289.32,1.25,N
49.85467,-121.30809,308.3,0.4,0.44,2026-08-06,0952,N,VIIRS,n,2.0NRT,287.19,0.96,N
49.85514,-121.31344,295.69,0.4,0.44,2026-08-06,0952,N,VIIRS,n,2.0NRT,284.06,0.96,N
49.85825,-121.30186,309.49,0.4,0.44,2026-08-06,0952,N,VIIRS,n,2.0NRT,287.35,1.29,N
49.85869,-121.30674,307.03,0.4,0.44,2026-08-06,0952,N,VIIRS,n,2.0NRT,285.26,1.36,N
49.85955,-121.50618,303.62,0.4,0.44,2026-08-06,0952,N,VIIRS,n,2.0NRT,287.91,1.22,N
49.86085,-121.19282,305.07,0.39,0.44,2026-08-06,0952,N,VIIRS,n,2.0NRT,287.41,0.88,N
49.86224,-121.30017,299.91,0.4,0.44,2026-08-06,0952,N,VIIRS,n,2.0NRT,285.27,1.29,N
49.86291,-121.49662,304.72,0.4,0.44,2026-08-06,0952,N,VIIRS,n,2.0NRT,285.54,1.4,N
49.86388,-121.18071,315.29,0.39,0.44,2026-08-06,0952,N,VIIRS,n,2.0NRT,287.8,1.79,N
49.86627,-121.29893,299.65,0.4,0.44,2026-08-06,0952,N,VIIRS,n,2.0NRT,284.59,0.5,N
49.8682,-121.22844,303.75,0.39,0.44,2026-08-06,0952,N,VIIRS,n,2.0NRT,285.01,0.61,N
49.86893,-121.28246,303.66,0.39,0.44,2026-08-06,0952,N,VIIRS,n,2.0NRT,285.81,0.67,N
49.86923,-121.19429,318.53,0.39,0.44,2026-08-06,0952,N,VIIRS,n,2.0NRT,288.48,1.29,N
49.86969,-121.19934,299.29,0.39,0.44,2026-08-06,0952,N,VIIRS,n,2.0NRT,286.04,1.29,N
49.87215,-121.22642,295.79,0.39,0.44,2026-08-06,0952,N,VIIRS,n,2.0NRT,285.47,0.61,N
49.87234,-121.1832,314.22,0.39,0.44,2026-08-06,0952,N,VIIRS,n,2.0NRT,288.2,1.27,N
49.87281,-121.18825,303.8,0.39,0.44,2026-08-06,0952,N,VIIRS,n,2.0NRT,287.25,1.27,N
49.87324,-121.19305,321.24,0.39,0.44,2026-08-06,0952,N,VIIRS,n,2.0NRT,289.88,2.21,N
49.87727,-121.19208,317.56,0.39,0.44,2026-08-06,0952,N,VIIRS,n,2.0NRT,288.33,2.21,N
49.94952,-121.36183,297.06,0.4,0.44,2026-08-06,0952,N,VIIRS,n,2.0NRT,283.8,0.68,N
50.08906,-121.26777,303.38,0.4,0.44,2026-08-06,0952,N,VIIRS,n,2.0NRT,285.45,1.12,N
50.09309,-121.26656,304.58,0.4,0.44,2026-08-06,0952,N,VIIRS,n,2.0NRT,285.81,1.36,N
50.10103,-121.21681,297.22,0.39,0.44,2026-08-06,0952,N,VIIRS,n,2.0NRT,285.1,1.06,N
50.10529,-121.26371,305.2,0.4,0.44,2026-08-06,0952,N,VIIRS,n,2.0NRT,286.18,1.43,N
50.10817,-121.26231,302.85,0.4,0.44,2026-08-06,0952,N,VIIRS,n,2.0NRT,283.69,0.61,N
50.10935,-121.26283,308.52,0.4,0.44,2026-08-06,0952,N,VIIRS,n,2.0NRT,284.8,1.52,N
50.11224,-121.26141,295.26,0.4,0.44,2026-08-06,0952,N,VIIRS,n,2.0NRT,282.57,0.61,N
50.11777,-121.22929,313.66,0.4,0.44,2026-08-06,0952,N,VIIRS,n,2.0NRT,282.91,1.9,N
50.11825,-121.23482,315.84,0.4,0.44,2026-08-06,0952,N,VIIRS,n,2.0NRT,286.02,1.9,N
50.11873,-121.24041,296.73,0.4,0.44,2026-08-06,0952,N,VIIRS,n,2.0NRT,284.97,0.84,N
50.11925,-121.24648,300.53,0.4,0.44,2026-08-06,0952,N,VIIRS,n,2.0NRT,285.08,0.84,N
50.1198,-121.25291,301.26,0.4,0.44,2026-08-06,0952,N,VIIRS,n,2.0NRT,286.02,0.85,N
50.12035,-121.25925,299.58,0.4,0.44,2026-08-06,0952,N,VIIRS,n,2.0NRT,284.92,0.85,N
50.12228,-121.23354,304.17,0.4,0.44,2026-08-06,0952,N,VIIRS,n,2.0NRT,285.91,1.28,N
50.12276,-121.23915,307.93,0.4,0.44,2026-08-06,0952,N,VIIRS,n,2.0NRT,286.81,2.25,N
50.12328,-121.24519,320.67,0.4,0.44,2026-08-06,0952,N,VIIRS,n,2.0NRT,290.64,2.25,N
50.12383,-121.25154,320.56,0.4,0.44,2026-08-06,0952,N,VIIRS,n,2.0NRT,289.01,2.75,N
50.12679,-121.23774,317.27,0.4,0.44,2026-08-06,0952,N,VIIRS,n,2.0NRT,287.88,2.25,N
50.12785,-121.25006,323.26,0.4,0.44,2026-08-06,0952,N,VIIRS,n,2.0NRT,289.08,2.75,N
50.13033,-121.2309,304.94,0.4,0.44,2026-08-06,0952,N,VIIRS,n,2.0NRT,285.84,0.89,N
50.13081,-121.23643,304.83,0.4,0.44,2026-08-06,0952,N,VIIRS,n,2.0NRT,285.02,2.12,N
50.13187,-121.24863,298.28,0.4,0.44,2026-08-06,0952,N,VIIRS,n,2.0NRT,284.92,0.62,N
50.13437,-121.22964,304.03,0.4,0.44,2026-08-06,0952,N,VIIRS,n,2.0NRT,285.21,0.89,N
49.7448,-121.37514,316.77,0.46,0.64,2026-08-06,1132,N,VIIRS,n,2.0NRT,285.41,2.44,N
49.74673,-121.36546,306.89,0.46,0.64,2026-08-06,1132,N,VIIRS,n,2.0NRT,286.26,4.32,N
49.74711,-121.38212,317.23,0.46,0.64,2026-08-06,1132,N,VIIRS,n,2.0NRT,286.1,2.44,N
49.74793,-121.36902,367.0,0.46,0.64,2026-08-06,1132,N,VIIRS,h,2.0NRT,293.01,11.58,N
49.748,-121.36454,322.2,0.47,0.64,2026-08-06,1132,N,VIIRS,n,2.0NRT,286.29,8.17,N
49.74914,-121.36798,367.0,0.46,0.64,2026-08-06,1132,N,VIIRS,h,2.0NRT,293.47,8.17,N
49.74926,-121.37297,367.0,0.46,0.64,2026-08-06,1132,N,VIIRS,h,2.0NRT,290.0,11.58,N
49.75042,-121.37183,353.93,0.46,0.64,2026-08-06,1132,N,VIIRS,n,2.0NRT,289.89,14.43,N
49.75085,-121.37771,367.0,0.46,0.64,2026-08-06,1132,N,VIIRS,h,2.0NRT,290.25,17.35,N
49.7513,-121.35902,332.34,0.47,0.64,2026-08-06,1132,N,VIIRS,n,2.0NRT,289.91,4.32,N
49.75195,-121.37645,353.12,0.46,0.64,2026-08-06,1132,N,VIIRS,n,2.0NRT,289.69,14.43,N
49.75246,-121.35775,333.55,0.47,0.64,2026-08-06,1132,N,VIIRS,n,2.0NRT,291.11,5.68,N
49.75261,-121.36288,329.11,0.46,0.64,2026-08-06,1132,N,VIIRS,n,2.0NRT,289.4,4.32,N
49.75382,-121.36188,317.87,0.47,0.64,2026-08-06,1132,N,VIIRS,n,2.0NRT,288.75,8.17,N
49.75385,-121.36658,302.47,0.46,0.64,2026-08-06,1132,N,VIIRS,n,2.0NRT,287.47,11.58,N
49.75596,-121.35287,323.45,0.47,0.64,2026-08-06,1132,N,VIIRS,n,2.0NRT,288.84,5.82,N
49.75623,-121.34885,319.53,0.47,0.64,2026-08-06,1132,N,VIIRS,n,2.0NRT,288.01,6.45,N
49.7567,-121.33502,315.85,0.47,0.64,2026-08-06,1132,N,VIIRS,n,2.0NRT,287.75,7.99,N
49.75808,-121.33414,315.49,0.47,0.64,2026-08-06,1132,N,VIIRS,n,2.0NRT,288.2,6.05,N
49.75818,-121.33945,367.0,0.47,0.64,2026-08-06,1132,N,VIIRS,h,2.0NRT,292.46,7.99,N
49.75952,-121.33848,367.0,0.47,0.64,2026-08-06,1132,N,VIIRS,h,2.0NRT,293.27,6.45,N
49.75978,-121.34422,311.88,0.47,0.64,2026-08-06,1132,N,VIIRS,n,2.0NRT,287.44,5.82,N
49.76079,-121.38725,298.65,0.46,0.64,2026-08-06,1132,N,VIIRS,n,2.0NRT,287.17,0.66,N
49.76097,-121.34286,313.08,0.47,0.64,2026-08-06,1132,N,VIIRS,n,2.0NRT,287.58,6.45,N
49.76138,-121.3289,325.88,0.47,0.64,2026-08-06,1132,N,VIIRS,n,2.0NRT,287.33,3.33,N
49.76271,-121.32789,325.8,0.47,0.64,2026-08-06,1132,N,VIIRS,n,2.0NRT,287.89,5.17,N
49.76292,-121.33352,367.0,0.47,0.64,2026-08-06,1132,N,VIIRS,h,2.0NRT,291.26,6.03,N
49.76433,-121.33276,367.0,0.47,0.64,2026-08-06,1132,N,VIIRS,h,2.0NRT,292.22,5.17,N
49.76438,-121.33784,310.55,0.47,0.64,2026-08-06,1132,N,VIIRS,n,2.0NRT,288.84,6.03,N
49.76464,-121.39869,298.84,0.46,0.64,2026-08-06,1132,N,VIIRS,n,2.0NRT,286.64,0.66,N
49.76578,-121.33715,307.8,0.47,0.64,2026-08-06,1132,N,VIIRS,n,2.0NRT,288.82,7.47,N
49.76602,-121.32267,307.0,0.47,0.64,2026-08-06,1132,N,VIIRS,n,2.0NRT,286.55,3.33,N
49.76745,-121.32191,316.75,0.47,0.64,2026-08-06,1132,N,VIIRS,n,2.0NRT,287.19,2.17,N
49.76784,-121.32809,307.48,0.47,0.64,2026-08-06,1132,N,VIIRS,n,2.0NRT,287.62,3.33,N
49.76925,-121.32737,301.12,0.47,0.64,2026-08-06,1132,N,VIIRS,n,2.0NRT,287.25,5.17,N
49.7694,-121.33276,313.8,0.47,0.64,2026-08-06,1132,N,VIIRS,n,2.0NRT,288.91,6.03,N
49.77002,-121.31454,296.41,0.47,0.64,2026-08-06,1132,N,VIIRS,n,2.0NRT,285.98,1.95,N
49.77027,-121.29518,332.34,0.47,0.64,2026-08-06,1132,N,VIIRS,n,2.0NRT,287.77,4.29,N
49.77074,-121.33186,307.35,0.47,0.64,2026-08-06,1132,N,VIIRS,n,2.0NRT,288.24,5.17,N
49.77167,-121.29935,327.71,0.47,0.64,2026-08-06,1132,N,VIIRS,n,2.0NRT,287.2,4.29,N
49.77233,-121.32141,306.39,0.47,0.64,2026-08-06,1132,N,VIIRS,n,2.0NRT,286.02,2.19,N
49.77306,-121.3035,314.31,0.47,0.64,2026-08-06,1132,N,VIIRS,n,2.0NRT,287.34,1.95,N
49.77466,-121.30827,299.08,0.47,0.64,2026-08-06,1132,N,VIIRS,n,2.0NRT,287.68,1.95,N
49.77572,-121.29134,312.13,0.47,0.64,2026-08-06,1132,N,VIIRS,n,2.0NRT,288.0,2.96,N
49.77654,-121.43414,316.07,0.46,0.64,2026-08-06,1132,N,VIIRS,n,2.0NRT,288.37,2.0,N
49.77708,-121.2954,335.51,0.47,0.64,2026-08-06,1132,N,VIIRS,n,2.0NRT,293.05,2.96,N
49.77753,-121.43367,317.06,0.46,0.64,2026-08-06,1132,N,VIIRS,n,2.0NRT,288.8,2.4,N
49.77769,-121.43757,312.19,0.46,0.64,2026-08-06,1132,N,VIIRS,n,2.0NRT,288.26,2.0,N
49.77838,-121.29927,308.56,0.47,0.64,2026-08-06,1132,N,VIIRS,n,2.0NRT,288.25,4.17,N
49.77868,-121.43713,313.11,0.46,0.64,2026-08-06,1132,N,VIIRS,n,2.0NRT,288.32,2.2,N
49.77885,-121.44104,309.9,0.46,0.64,2026-08-06,1132,N,VIIRS,n,2.0NRT,288.97,2.49,N
49.77949,-121.28247,314.93,0.47,0.64,2026-08-06,1132,N,VIIRS,n,2.0NRT,287.63,2.99,N
49.77983,-121.44058,310.85,0.46,0.64,2026-08-06,1132,N,VIIRS,n,2.0NRT,289.07,2.2,N
49.78089,-121.28666,303.88,0.47,0.64,2026-08-06,1132,N,VIIRS,n,2.0NRT,286.92,2.96,N
49.79001,-121.41078,302.19,0.46,0.64,2026-08-06,1132,N,VIIRS,n,2.0NRT,285.88,1.2,N
49.79497,-121.40909,325.69,0.46,0.64,2026-08-06,1132,N,VIIRS,n,2.0NRT,286.92,3.57,N
49.79564,-121.40759,319.4,0.46,0.64,2026-08-06,1132,N,VIIRS,n,2.0NRT,286.31,1.2,N
49.79642,-121.27267,307.37,0.47,0.64,2026-08-06,1132,N,VIIRS,n,2.0NRT,287.19,1.97,N
49.79794,-121.27721,302.6,0.47,0.64,2026-08-06,1132,N,VIIRS,n,2.0NRT,285.83,1.97,N
49.80082,-121.26568,315.27,0.47,0.64,2026-08-06,1132,N,VIIRS,n,2.0NRT,287.75,3.28,N
49.80232,-121.27017,313.99,0.47,0.64,2026-08-06,1132,N,VIIRS,n,2.0NRT,288.28,1.97,N
49.80613,-121.26141,317.31,0.47,0.64,2026-08-06,1132,N,VIIRS,n,2.0NRT,288.36,2.48,N
49.80757,-121.26572,296.4,0.47,0.64,2026-08-06,1132,N,VIIRS,n,2.0NRT,286.16,1.81,N
49.81424,-121.24531,316.61,0.47,0.64,2026-08-06,1132,N,VIIRS,n,2.0NRT,284.89,1.8,N
49.81593,-121.2504,306.57,0.47,0.64,2026-08-06,1132,N,VIIRS,n,2.0NRT,284.07,1.8,N
49.81903,-121.2395,299.67,0.47,0.64,2026-08-06,1132,N,VIIRS,n,2.0NRT,285.98,2.07,N
49.82058,-121.24415,307.61,0.47,0.64,2026-08-06,1132,N,VIIRS,n,2.0NRT,287.49,1.8,N
49.82103,-121.23376,297.91,0.47,0.64,2026-08-06,1132,N,VIIRS,n,2.0NRT,284.29,0.81,N
49.82274,-121.23881,302.08,0.47,0.64,2026-08-06,1132,N,VIIRS,n,2.0NRT,284.9,1.2,N
49.82283,-121.2307,296.85,0.47,0.64,2026-08-06,1132,N,VIIRS,n,2.0NRT,283.77,0.88,N
49.82473,-121.23642,303.52,0.47,0.64,2026-08-06,1132,N,VIIRS,n,2.0NRT,284.95,0.88,N
49.82587,-121.22807,304.18,0.47,0.64,2026-08-06,1132,N,VIIRS,n,2.0NRT,284.17,0.81,N
49.8261,-121.52233,296.84,0.46,0.63,2026-08-06,1132,N,VIIRS,n,2.0NRT,285.64,0.88,N
49.82627,-121.52126,297.18,0.46,0.63,2026-08-06,1132,N,VIIRS,n,2.0NRT,285.91,1.15,N
49.82742,-121.52628,307.42,0.46,0.63,2026-08-06,1132,N,VIIRS,n,2.0NRT,286.42,2.26,N
49.82758,-121.52524,309.12,0.46,0.63,2026-08-06,1132,N,VIIRS,n,2.0NRT,286.83,1.15,N
49.82759,-121.22471,299.02,0.47,0.64,2026-08-06,1132,N,VIIRS,n,2.0NRT,283.97,0.88,N
49.82782,-121.26594,296.46,0.47,0.64,2026-08-06,1132,N,VIIRS,n,2.0NRT,284.19,0.71,N
49.82786,-121.23399,296.17,0.47,0.64,2026-08-06,1132,N,VIIRS,n,2.0NRT,285.36,1.2,N
49.83166,-121.26521,295.78,0.47,0.64,2026-08-06,1132,N,VIIRS,n,2.0NRT,284.44,0.32,N
49.84016,-121.19032,302.44,0.47,0.64,2026-08-06,1132,N,VIIRS,n,2.0NRT,284.4,24.43,N
49.84135,-121.19386,340.43,0.47,0.64,2026-08-06,1132,N,VIIRS,n,2.0NRT,288.54,24.43,N
49.84141,-121.2141,308.8,0.47,0.64,2026-08-06,1132,N,VIIRS,n,2.0NRT,285.1,7.31,N
49.84209,-121.1872,310.92,0.47,0.64,2026-08-06,1132,N,VIIRS,n,2.0NRT,285.51,19.54,N
49.8426,-121.19757,367.0,0.47,0.64,2026-08-06,1132,N,VIIRS,h,2.0NRT,291.93,30.62,N
49.8429,-121.20993,308.34,0.47,0.64,2026-08-06,1132,N,VIIRS,n,2.0NRT,286.4,18.64,N
49.84301,-121.21883,367.0,0.47,0.64,2026-08-06,1132,N,VIIRS,h,2.0NRT,285.32,7.31,N
49.84335,-121.31275,298.66,0.46,0.64,2026-08-06,1132,N,VIIRS,n,2.0NRT,285.02,0.9,N
49.84394,-121.20155,327.77,0.47,0.64,2026-08-06,1132,N,VIIRS,n,2.0NRT,286.58,30.62,N
49.84464,-121.19488,367.0,0.47,0.64,2026-08-06,1132,N,VIIRS,h,2.0NRT,312.58,238.85,N
49.84467,-121.21529,367.0,0.47,0.64,2026-08-06,1132,N,VIIRS,h,2.0NRT,294.37,8.82,N
49.84472,-121.22392,314.26,0.47,0.64,2026-08-06,1132,N,VIIRS,n,2.0NRT,285.45,4.8,N
49.84479,-121.18399,319.14,0.47,0.64,2026-08-06,1132,N,VIIRS,n,2.0NRT,287.55,32.91,N
49.84566,-121.20667,322.03,0.47,0.64,2026-08-06,1132,N,VIIRS,n,2.0NRT,289.78,7.31,N
49.84596,-121.19887,347.02,0.47,0.64,2026-08-06,1132,N,VIIRS,n,2.0NRT,291.19,18.64,N
49.84626,-121.18838,367.0,0.47,0.64,2026-08-06,1132,N,VIIRS,h,2.0NRT,315.34,32.91,N
49.84633,-121.2203,345.41,0.47,0.64,2026-08-06,1132,N,VIIRS,n,2.0NRT,289.24,8.82,N
49.8465,-121.22923,297.81,0.47,0.64,2026-08-06,1132,N,VIIRS,n,2.0NRT,285.87,4.8,N
49.8475,-121.21213,367.0,0.47,0.64,2026-08-06,1132,N,VIIRS,h,2.0NRT,295.66,7.31,N
49.8475,-121.2035,319.15,0.47,0.64,2026-08-06,1132,N,VIIRS,n,2.0NRT,289.66,18.64,N
49.84763,-121.19246,367.0,0.47,0.64,2026-08-06,1132,N,VIIRS,h,2.0NRT,303.36,32.01,N
49.84782,-121.31312,299.18,0.46,0.64,2026-08-06,1132,N,VIIRS,n,2.0NRT,284.73,0.83,N
49.84806,-121.22555,311.87,0.47,0.64,2026-08-06,1132,N,VIIRS,n,2.0NRT,287.13,6.1,N
49.84903,-121.19659,331.95,0.47,0.64,2026-08-06,1132,N,VIIRS,n,2.0NRT,290.51,32.01,N
49.84922,-121.20869,308.54,0.47,0.64,2026-08-06,1132,N,VIIRS,n,2.0NRT,288.5,8.82,N
49.84924,-121.21732,327.05,0.47,0.64,2026-08-06,1132,N,VIIRS,n,2.0NRT,289.73,4.8,N
49.84937,-121.17753,324.09,0.47,0.64,2026-08-06,1132,N,VIIRS,n,2.0NRT,285.94,32.91,N
49.85056,-121.20115,302.46,0.47,0.64,2026-08-06,1132,N,VIIRS,n,2.0NRT,286.95,5.08,N
49.85096,-121.22242,304.57,0.47,0.64,2026-08-06,1132,N,VIIRS,n,2.0NRT,287.17,4.8,N
49.85098,-121.21401,297.86,0.47,0.64,2026-08-06,1132,N,VIIRS,n,2.0NRT,286.52,8.82,N
49.85104,-121.18249,327.12,0.47,0.64,2026-08-06,1132,N,VIIRS,n,2.0NRT,287.79,32.91,N
49.85254,-121.18695,313.73,0.47,0.64,2026-08-06,1132,N,VIIRS,n,2.0NRT,288.03,32.01,N
49.85404,-121.19144,327.83,0.47,0.64,2026-08-06,1132,N,VIIRS,n,2.0NRT,287.74,32.01,N
49.85441,-121.17242,317.25,0.47,0.64,2026-08-06,1132,N,VIIRS,n,2.0NRT,285.17,1.23,N
49.85614,-121.17757,298.66,0.47,0.64,2026-08-06,1132,N,VIIRS,n,2.0NRT,284.58,1.23,N
50.12121,-121.2573,298.15,0.46,0.63,2026-08-06,1132,N,VIIRS,n,2.0NRT,284.45,1.98,N
50.12201,-121.23965,303.16,0.46,0.63,2026-08-06,1132,N,VIIRS,n,2.0NRT,285.68,2.02,N
50.12379,-121.24503,310.77,0.46,0.63,2026-08-06,1132,N,VIIRS,n,2.0NRT,287.09,2.02,N
50.12544,-121.24995,323.4,0.46,0.63,2026-08-06,1132,N,VIIRS,n,2.0NRT,287.16,1.98,N
50.12704,-121.25476,295.82,0.46,0.63,2026-08-06,1132,N,VIIRS,n,2.0NRT,284.65,1.98,N
50.12781,-121.23703,297.22,0.46,0.63,2026-08-06,1132,N,VIIRS,n,2.0NRT,284.08,1.46,N
50.13129,-121.24751,311.8,0.46,0.63,2026-08-06,1132,N,VIIRS,n,2.0NRT,284.61,1.96,N
49.74572,-121.35696,352.11,0.6,0.7,2026-08-06,1940,N,VIIRS,n,2.0NRT,298.42,16.29,D
49.7459,-121.35683,349.73,0.6,0.7,2026-08-06,1940,N,VIIRS,n,2.0NRT,298.11,16.7,D
49.74733,-121.37325,333.15,0.6,0.7,2026-08-06,1940,N,VIIRS,n,2.0NRT,296.32,16.29,D
49.74752,-121.37334,336.28,0.6,0.7,2026-08-06,1940,N,VIIRS,n,2.0NRT,296.65,16.7,D
49.74818,-121.35027,367.0,0.6,0.7,2026-08-06,1940,N,VIIRS,h,2.0NRT,304.07,27.45,D
49.74827,-121.3503,367.0,0.6,0.7,2026-08-06,1940,N,VIIRS,h,2.0NRT,304.4,16.7,D
49.75353,-121.35641,367.0,0.6,0.7,2026-08-06,1940,N,VIIRS,h,2.0NRT,298.05,27.45,D
49.75363,-121.35642,367.0,0.6,0.7,2026-08-06,1940,N,VIIRS,h,2.0NRT,298.28,16.7,D
49.75548,-121.3511,367.0,0.6,0.7,2026-08-06,1940,N,VIIRS,h,2.0NRT,299.91,27.45,D
49.75556,-121.35113,367.0,0.6,0.7,2026-08-06,1940,N,VIIRS,h,2.0NRT,300.3,39.41,D
49.75704,-121.34686,367.0,0.59,0.7,2026-08-06,1940,N,VIIRS,h,2.0NRT,305.79,30.65,D
49.75711,-121.34685,367.0,0.6,0.7,2026-08-06,1940,N,VIIRS,h,2.0NRT,305.8,39.41,D
49.75877,-121.38355,332.6,0.6,0.7,2026-08-06,1940,N,VIIRS,n,2.0NRT,298.58,9.14,D
49.75896,-121.38367,330.96,0.6,0.7,2026-08-06,1940,N,VIIRS,n,2.0NRT,298.31,5.49,D
49.75994,-121.33897,338.83,0.59,0.7,2026-08-06,1940,N,VIIRS,n,2.0NRT,297.82,30.65,D
49.76002,-121.33881,339.62,0.59,0.7,2026-08-06,1940,N,VIIRS,n,2.0NRT,297.92,32.66,D
49.76151,-121.37611,328.37,0.6,0.7,2026-08-06,1940,N,VIIRS,n,2.0NRT,297.55,7.34,D
49.76164,-121.37627,328.54,0.6,0.7,2026-08-06,1940,N,VIIRS,n,2.0NRT,297.39,5.49,D
49.76814,-121.39951,345.75,0.6,0.7,2026-08-06,1940,N,VIIRS,n,2.0NRT,297.86,11.31,D
49.76837,-121.39959,350.18,0.6,0.7,2026-08-06,1940,N,VIIRS,n,2.0NRT,298.37,8.75,D
49.77238,-121.30458,327.31,0.59,0.7,2026-08-06,1940,N,VIIRS,n,2.0NRT,294.86,6.36,D
49.77246,-121.30489,327.63,0.59,0.7,2026-08-06,1940,N,VIIRS,n,2.0NRT,294.69,6.63,D
49.81335,-121.52176,326.94,0.6,0.71,2026-08-06,1940,N,VIIRS,n,2.0NRT,292.6,8.53,D
49.81479,-121.52202,328.12,0.6,0.71,2026-08-06,1940,N,VIIRS,n,2.0NRT,292.23,7.93,D
49.81507,-121.51711,354.49,0.6,0.71,2026-08-06,1940,N,VIIRS,n,2.0NRT,295.88,8.53,D
49.81663,-121.51694,354.9,0.6,0.71,2026-08-06,1940,N,VIIRS,n,2.0NRT,295.74,9.92,D
49.81699,-121.51189,328.07,0.6,0.71,2026-08-06,1940,N,VIIRS,n,2.0NRT,295.23,10.82,D
49.81853,-121.5117,327.35,0.6,0.71,2026-08-06,1940,N,VIIRS,n,2.0NRT,295.26,9.92,D
49.83075,-121.22617,333.42,0.59,0.7,2026-08-06,1940,N,VIIRS,n,2.0NRT,293.06,10.66,D
49.83124,-121.22694,330.46,0.59,0.7,2026-08-06,1940,N,VIIRS,n,2.0NRT,291.45,8.75,D
49.83952,-121.18356,339.13,0.58,0.7,2026-08-06,1940,N,VIIRS,n,2.0NRT,293.65,18.53,D
49.84248,-121.19348,367.0,0.58,0.7,2026-08-06,1940,N,VIIRS,h,2.0NRT,297.04,23.72,D
49.84252,-121.21667,355.26,0.58,0.7,2026-08-06,1940,N,VIIRS,n,2.0NRT,294.06,21.53,D
49.84271,-121.19547,367.0,0.58,0.7,2026-08-06,1940,N,VIIRS,h,2.0NRT,295.44,18.53,D
49.84462,-121.21091,367.0,0.58,0.7,2026-08-06,1940,N,VIIRS,h,2.0NRT,296.48,34.93,D
49.84528,-121.18564,367.0,0.58,0.7,2026-08-06,1940,N,VIIRS,h,2.0NRT,296.77,23.72,D
49.84575,-121.1871,367.0,0.58,0.7,2026-08-06,1940,N,VIIRS,h,2.0NRT,296.66,38.1,D
49.84992,-121.17271,356.08,0.58,0.7,2026-08-06,1940,N,VIIRS,n,2.0NRT,297.35,32.54,D
49.85059,-121.1738,356.23,0.58,0.7,2026-08-06,1940,N,VIIRS,n,2.0NRT,297.8,20.84,D
49.85253,-121.16543,341.68,0.58,0.7,2026-08-06,1940,N,VIIRS,n,2.0NRT,293.27,25.55,D
49.85325,-121.16647,337.46,0.58,0.7,2026-08-06,1940,N,VIIRS,n,2.0NRT,292.34,20.84,D
49.85458,-121.20423,327.86,0.58,0.7,2026-08-06,1940,N,VIIRS,n,2.0NRT,293.59,9.38,D
49.7449,-121.36971,353.11,0.47,0.39,2026-08-06,2121,N,VIIRS,n,2.0NRT,326.78,44.4,D
49.74549,-121.36436,347.74,0.47,0.4,2026-08-06,2121,N,VIIRS,n,2.0NRT,313.24,44.4,D
49.74676,-121.35286,345.17,0.47,0.4,2026-08-06,2121,N,VIIRS,n,2.0NRT,310.0,15.83,D
49.74787,-121.37659,346.31,0.47,0.39,2026-08-06,2121,N,VIIRS,n,2.0NRT,307.38,22.27,D
49.74853,-121.37064,355.63,0.47,0.39,2026-08-06,2121,N,VIIRS,n,2.0NRT,312.64,22.53,D
49.74912,-121.36523,352.82,0.47,0.4,2026-08-06,2121,N,VIIRS,n,2.0NRT,310.62,22.53,D
49.74973,-121.35972,353.11,0.47,0.4,2026-08-06,2121,N,VIIRS,n,2.0NRT,318.51,63.46,D
49.75042,-121.35353,367.0,0.47,0.4,2026-08-06,2121,N,VIIRS,h,2.0NRT,342.38,63.46,D
49.75127,-121.34579,341.14,0.47,0.4,2026-08-06,2121,N,VIIRS,n,2.0NRT,302.64,41.97,D
49.75335,-121.32706,338.58,0.47,0.4,2026-08-06,2121,N,VIIRS,n,2.0NRT,301.57,186.26,D
49.75409,-121.35413,353.69,0.47,0.4,2026-08-06,2121,N,VIIRS,n,2.0NRT,308.86,63.46,D
49.75431,-121.38575,330.46,0.47,0.39,2026-08-06,2121,N,VIIRS,l,2.0NRT,302.81,5.14,D
49.75497,-121.34619,347.44,0.47,0.4,2026-08-06,2121,N,VIIRS,n,2.0NRT,315.95,41.97,D
49.75571,-121.33952,353.38,0.47,0.4,2026-08-06,2121,N,VIIRS,n,2.0NRT,306.97,41.97,D
49.75636,-121.33372,367.0,0.47,0.4,2026-08-06,2121,N,VIIRS,h,2.0NRT,340.77,186.26,D
49.75698,-121.32805,367.0,0.47,0.4,2026-08-06,2121,N,VIIRS,l,2.0NRT,367.24,186.26,D
49.75762,-121.32224,348.99,0.47,0.4,2026-08-06,2121,N,VIIRS,n,2.0NRT,305.63,55.26,D
49.75795,-121.38659,346.05,0.47,0.39,2026-08-06,2121,N,VIIRS,n,2.0NRT,305.12,5.14,D
49.75934,-121.34054,330.46,0.47,0.4,2026-08-06,2121,N,VIIRS,n,2.0NRT,302.28,10.15,D
49.75998,-121.40187,330.93,0.47,0.39,2026-08-06,2121,N,VIIRS,l,2.0NRT,305.09,4.67,D
49.7606,-121.32912,367.0,0.47,0.4,2026-08-06,2121,N,VIIRS,l,2.0NRT,384.54,0.0,D
49.76073,-121.39513,337.68,0.47,0.39,2026-08-06,2121,N,VIIRS,n,2.0NRT,304.89,4.67,D
49.76126,-121.32312,367.0,0.47,0.4,2026-08-06,2121,N,VIIRS,l,2.0NRT,331.19,302.39,D
49.76191,-121.31725,335.48,0.47,0.4,2026-08-06,2121,N,VIIRS,n,2.0NRT,299.04,302.39,D
49.76357,-121.33601,348.11,0.47,0.4,2026-08-06,2121,N,VIIRS,n,2.0NRT,306.27,0.0,D
49.7642,-121.33033,367.0,0.47,0.4,2026-08-06,2121,N,VIIRS,l,2.0NRT,360.22,0.0,D
49.76434,-121.3962,336.66,0.47,0.39,2026-08-06,2121,N,VIIRS,n,2.0NRT,302.26,4.67,D
49.76485,-121.32446,367.0,0.47,0.4,2026-08-06,2121,N,VIIRS,h,2.0NRT,342.78,302.39,D
49.76551,-121.31844,354.0,0.47,0.4,2026-08-06,2121,N,VIIRS,n,2.0NRT,298.25,302.39,D
49.76619,-121.31229,345.06,0.47,0.4,2026-08-06,2121,N,VIIRS,n,2.0NRT,293.27,6.07,D
49.76688,-121.30607,333.41,0.47,0.4,2026-08-06,2121,N,VIIRS,n,2.0NRT,288.38,6.07,D
49.76778,-121.33173,346.62,0.47,0.4,2026-08-06,2121,N,VIIRS,n,2.0NRT,304.52,12.58,D
49.76842,-121.32596,355.17,0.47,0.4,2026-08-06,2121,N,VIIRS,n,2.0NRT,299.46,13.32,D
49.7691,-121.31984,350.42,0.47,0.4,2026-08-06,2121,N,VIIRS,n,2.0NRT,296.35,13.32,D
49.76982,-121.31329,352.04,0.47,0.4,2026-08-06,2121,N,VIIRS,n,2.0NRT,292.39,8.85,D
49.77056,-121.30665,335.64,0.47,0.4,2026-08-06,2121,N,VIIRS,n,2.0NRT,289.08,8.85,D
49.77124,-121.30045,340.62,0.47,0.4,2026-08-06,2121,N,VIIRS,n,2.0NRT,288.15,10.1,D
49.77151,-121.39877,336.43,0.47,0.39,2026-08-06,2121,N,VIIRS,n,2.0NRT,308.72,26.75,D
49.7719,-121.29453,349.53,0.47,0.4,2026-08-06,2121,N,VIIRS,n,2.0NRT,286.7,10.1,D
49.77255,-121.28863,338.64,0.47,0.4,2026-08-06,2121,N,VIIRS,n,2.0NRT,285.48,9.77,D
49.77474,-121.43654,346.97,0.46,0.39,2026-08-06,2121,N,VIIRS,n,2.0NRT,312.43,13.32,D
49.77507,-121.40029,336.92,0.47,0.39,2026-08-06,2121,N,VIIRS,n,2.0NRT,302.6,7.79,D
49.7753,-121.43152,367.0,0.47,0.39,2026-08-06,2121,N,VIIRS,h,2.0NRT,309.58,8.71,D
49.77589,-121.42615,332.68,0.47,0.39,2026-08-06,2121,N,VIIRS,n,2.0NRT,304.15,8.71,D
49.77621,-121.28927,344.49,0.47,0.4,2026-08-06,2121,N,VIIRS,n,2.0NRT,288.61,9.77,D
49.77833,-121.43776,367.0,0.46,0.39,2026-08-06,2121,N,VIIRS,h,2.0NRT,310.86,26.88,D
49.7789,-121.43261,351.43,0.47,0.39,2026-08-06,2121,N,VIIRS,n,2.0NRT,305.14,7.27,D
49.7795,-121.42724,333.04,0.47,0.39,2026-08-06,2121,N,VIIRS,n,2.0NRT,303.46,7.27,D
49.78576,-121.40451,330.37,0.47,0.39,2026-08-06,2121,N,VIIRS,l,2.0NRT,305.01,3.89,D
49.78736,-121.42358,331.1,0.47,0.39,2026-08-06,2121,N,VIIRS,n,2.0NRT,300.56,3.2,D
49.78801,-121.41779,336.67,0.47,0.39,2026-08-06,2121,N,VIIRS,n,2.0NRT,300.41,3.2,D
49.78937,-121.40565,342.8,0.47,0.39,2026-08-06,2121,N,VIIRS,n,2.0NRT,309.45,12.86,D
49.79177,-121.41305,338.53,0.47,0.39,2026-08-06,2121,N,VIIRS,n,2.0NRT,303.49,3.89,D
49.79225,-121.41313,338.1,0.47,0.39,2026-08-06,2121,N,VIIRS,n,2.0NRT,303.88,12.86,D
49.79237,-121.27871,335.23,0.47,0.4,2026-08-06,2121,N,VIIRS,n,2.0NRT,298.3,7.64,D
49.79305,-121.27264,338.4,0.47,0.4,2026-08-06,2121,N,VIIRS,n,2.0NRT,295.67,7.64,D
49.79369,-121.26682,353.09,0.47,0.4,2026-08-06,2121,N,VIIRS,n,2.0NRT,305.51,23.01,D
49.79432,-121.26106,335.43,0.47,0.4,2026-08-06,2121,N,VIIRS,n,2.0NRT,295.12,23.01,D
49.79733,-121.26777,341.1,0.47,0.4,2026-08-06,2121,N,VIIRS,n,2.0NRT,296.21,8.01,D
49.80096,-121.26872,344.18,0.47,0.4,2026-08-06,2121,N,VIIRS,n,2.0NRT,300.21,8.01,D
49.80162,-121.26276,336.91,0.47,0.4,2026-08-06,2121,N,VIIRS,n,2.0NRT,299.01,8.01,D
49.81373,-121.24487,349.69,0.47,0.4,2026-08-06,2121,N,VIIRS,n,2.0NRT,306.19,37.01,D
49.81443,-121.51153,345.88,0.46,0.39,2026-08-06,2121,N,VIIRS,n,2.0NRT,311.32,57.94,D
49.81483,-121.2452,351.32,0.47,0.4,2026-08-06,2121,N,VIIRS,n,2.0NRT,305.77,48.67,D
49.81546,-121.23943,343.41,0.47,0.4,2026-08-06,2121,N,VIIRS,n,2.0NRT,314.95,48.67,D
49.81735,-121.24605,340.71,0.47,0.4,2026-08-06,2121,N,VIIRS,n,2.0NRT,298.75,6.84,D
49.81796,-121.51318,353.32,0.46,0.39,2026-08-06,2121,N,VIIRS,n,2.0NRT,309.9,248.66,D
49.81797,-121.24038,344.99,0.47,0.4,2026-08-06,2121,N,VIIRS,n,2.0NRT,298.51,10.87,D
49.81878,-121.5058,337.79,0.46,0.39,2026-08-06,2121,N,VIIRS,n,2.0NRT,300.76,6.16,D
49.81907,-121.24075,331.2,0.47,0.4,2026-08-06,2121,N,VIIRS,n,2.0NRT,297.58,48.67,D
49.82664,-121.22942,338.65,0.47,0.4,2026-08-06,2121,N,VIIRS,n,2.0NRT,298.73,7.13,D
49.82737,-121.2226,332.15,0.47,0.4,2026-08-06,2121,N,VIIRS,n,2.0NRT,296.2,7.13,D
49.82816,-121.52173,338.76,0.46,0.39,2026-08-06,2121,N,VIIRS,n,2.0NRT,299.97,5.23,D
49.84135,-121.19725,336.7,0.47,0.4,2026-08-06,2121,N,VIIRS,n,2.0NRT,304.62,42.98,D
49.842,-121.19135,367.0,0.47,0.4,2026-08-06,2121,N,VIIRS,h,2.0NRT,339.81,85.46,D
49.84267,-121.18511,342.47,0.47,0.4,2026-08-06,2121,N,VIIRS,n,2.0NRT,304.16,85.46,D
49.84291,-121.21757,318.45,0.47,0.4,2026-08-06,2121,N,VIIRS,l,2.0NRT,319.15,31.07,D
49.84365,-121.21074,338.11,0.47,0.4,2026-08-06,2121,N,VIIRS,n,2.0NRT,301.67,31.07,D
49.84439,-121.20383,332.05,0.47,0.4,2026-08-06,2121,N,VIIRS,n,2.0NRT,299.49,7.41,D
49.84507,-121.19761,349.69,0.47,0.4,2026-08-06,2121,N,VIIRS,n,2.0NRT,302.7,7.41,D
49.84573,-121.19151,347.66,0.47,0.4,2026-08-06,2121,N,VIIRS,n,2.0NRT,314.83,37.03,D
49.84641,-121.18522,342.91,0.47,0.4,2026-08-06,2121,N,VIIRS,n,2.0NRT,302.26,37.03,D
49.84663,-121.21784,353.0,0.47,0.4,2026-08-06,2121,N,VIIRS,n,2.0NRT,303.13,31.07,D
49.84728,-121.3151,352.09,0.47,0.4,2026-08-06,2121,N,VIIRS,n,2.0NRT,315.35,45.64,D
49.84736,-121.21114,340.11,0.47,0.4,2026-08-06,2121,N,VIIRS,n,2.0NRT,299.17,31.07,D
49.84785,-121.17188,338.83,0.48,0.4,2026-08-06,2121,N,VIIRS,n,2.0NRT,303.43,127.76,D
49.84809,-121.20441,345.67,0.47,0.4,2026-08-06,2121,N,VIIRS,n,2.0NRT,299.81,7.41,D
49.84856,-121.16522,335.0,0.48,0.4,2026-08-06,2121,N,VIIRS,n,2.0NRT,298.28,27.08,D
49.84945,-121.19179,354.84,0.47,0.4,2026-08-06,2121,N,VIIRS,n,2.0NRT,308.49,37.03,D
49.85013,-121.18553,351.61,0.47,0.4,2026-08-06,2121,N,VIIRS,n,2.0NRT,316.7,37.03,D
49.85154,-121.17249,367.0,0.48,0.4,2026-08-06,2121,N,VIIRS,h,2.0NRT,331.63,127.76,D
49.85316,-121.1922,367.0,0.47,0.4,2026-08-06,2121,N,VIIRS,h,2.0NRT,330.21,440.21,D
49.86042,-121.19456,330.9,0.47,0.4,2026-08-06,2121,N,VIIRS,n,2.0NRT,299.92,5.02,D
49.8605,-121.49849,367.0,0.46,0.39,2026-08-06,2121,N,VIIRS,l,2.0NRT,327.68,110.36,D
49.86121,-121.49223,338.77,0.46,0.39,2026-08-06,2121,N,VIIRS,n,2.0NRT,306.8,5.68,D
49.86409,-121.49968,347.67,0.46,0.39,2026-08-06,2121,N,VIIRS,n,2.0NRT,304.03,12.74,D
49.86835,-121.19073,330.62,0.47,0.4,2026-08-06,2121,N,VIIRS,n,2.0NRT,299.97,5.13,D
49.87271,-121.18518,333.42,0.47,0.4,2026-08-06,2121,N,VIIRS,n,2.0NRT,298.47,9.84,D
49.87343,-121.1786,348.96,0.48,0.4,2026-08-06,2121,N,VIIRS,n,2.0NRT,299.3,9.84,D
50.07456,-121.26878,333.12,0.47,0.4,2026-08-06,2121,N,VIIRS,n,2.0NRT,300.83,6.86,D
50.08993,-121.26561,337.42,0.47,0.4,2026-08-06,2121,N,VIIRS,n,2.0NRT,306.86,6.63,D
50.1016,-121.26199,329.41,0.47,0.4,2026-08-06,2121,N,VIIRS,l,2.0NRT,300.2,2.99,D
50.10524,-121.26304,329.52,0.47,0.4,2026-08-06,2121,N,VIIRS,l,2.0NRT,301.27,4.37,D
50.10645,-121.21746,340.26,0.48,0.4,2026-08-06,2121,N,VIIRS,n,2.0NRT,301.04,7.81,D
50.11309,-121.2256,346.61,0.48,0.4,2026-08-06,2121,N,VIIRS,n,2.0NRT,308.72,10.93,D
50.11894,-121.24091,338.72,0.48,0.4,2026-08-06,2121,N,VIIRS,n,2.0NRT,302.4,7.28,D
50.11966,-121.23434,339.31,0.48,0.4,2026-08-06,2121,N,VIIRS,n,2.0NRT,304.7,7.28,D
50.12123,-121.25427,341.86,0.48,0.4,2026-08-06,2121,N,VIIRS,n,2.0NRT,305.91,13.63,D
50.1219,-121.24819,346.79,0.48,0.4,2026-08-06,2121,N,VIIRS,n,2.0NRT,305.7,13.63,D
50.12258,-121.24197,348.9,0.48,0.4,2026-08-06,2121,N,VIIRS,n,2.0NRT,304.94,7.36,D
50.12328,-121.23554,341.69,0.48,0.4,2026-08-06,2121,N,VIIRS,n,2.0NRT,302.31,7.36,D
50.12554,-121.24928,350.1,0.48,0.4,2026-08-06,2121,N,VIIRS,n,2.0NRT,307.92,13.63,D
50.12621,-121.24314,334.67,0.48,0.4,2026-08-06,2121,N,VIIRS,n,2.0NRT,299.2,7.36,D
50.12918,-121.25034,345.64,0.48,0.4,2026-08-06,2121,N,VIIRS,n,2.0NRT,306.99,16.21,D
49.74283,-121.35988,300.47,0.32,0.54,2026-08-07,0932,N,VIIRS,n,2.0NRT,288.81,2.22,N
49.74325,-121.36935,323.99,0.32,0.54,2026-08-07,0932,N,VIIRS,n,2.0NRT,289.11,2.22,N
49.74351,-121.37493,304.45,0.32,0.55,2026-08-07,0932,N,VIIRS,n,2.0NRT,288.86,2.17,N
49.74712,-121.34239,300.15,0.32,0.54,2026-08-07,0932,N,VIIRS,n,2.0NRT,288.41,1.65,N
49.74742,-121.34876,322.96,0.32,0.54,2026-08-07,0932,N,VIIRS,n,2.0NRT,288.41,3.31,N
49.74759,-121.35252,337.52,0.32,0.54,2026-08-07,0932,N,VIIRS,n,2.0NRT,291.74,3.31,N
49.74783,-121.35751,341.77,0.32,0.54,2026-08-07,0932,N,VIIRS,n,2.0NRT,294.56,2.22,N
49.74823,-121.36642,314.03,0.32,0.54,2026-08-07,0932,N,VIIRS,n,2.0NRT,290.73,2.22,N
49.74911,-121.38571,349.89,0.32,0.55,2026-08-07,0932,N,VIIRS,n,2.0NRT,289.71,6.19,N
49.74926,-121.38895,302.45,0.32,0.55,2026-08-07,0932,N,VIIRS,n,2.0NRT,289.0,2.16,N
49.74942,-121.39238,304.18,0.32,0.55,2026-08-07,0932,N,VIIRS,n,2.0NRT,288.69,2.16,N
49.75182,-121.33399,326.81,0.32,0.54,2026-08-07,0932,N,VIIRS,n,2.0NRT,291.17,2.18,N
49.75208,-121.33945,322.24,0.32,0.54,2026-08-07,0932,N,VIIRS,n,2.0NRT,290.22,2.18,N
49.75226,-121.34335,367.0,0.32,0.54,2026-08-07,0932,N,VIIRS,h,2.0NRT,298.12,8.51,N
49.75242,-121.34676,367.0,0.32,0.54,2026-08-07,0932,N,VIIRS,h,2.0NRT,296.1,8.51,N
49.75257,-121.35008,367.0,0.32,0.54,2026-08-07,0932,N,VIIRS,h,2.0NRT,298.31,6.47,N
49.75273,-121.35329,315.28,0.32,0.54,2026-08-07,0932,N,VIIRS,n,2.0NRT,291.51,6.47,N
49.75293,-121.35757,300.98,0.32,0.54,2026-08-07,0932,N,VIIRS,n,2.0NRT,290.12,1.54,N
49.75365,-121.37341,308.23,0.32,0.55,2026-08-07,0932,N,VIIRS,n,2.0NRT,289.97,2.45,N
49.75389,-121.37862,340.68,0.32,0.55,2026-08-07,0932,N,VIIRS,n,2.0NRT,292.65,2.45,N
49.75406,-121.38241,326.67,0.32,0.55,2026-08-07,0932,N,VIIRS,n,2.0NRT,291.87,12.37,N
49.75421,-121.38562,355.23,0.32,0.55,2026-08-07,0932,N,VIIRS,n,2.0NRT,303.94,12.37,N
49.75436,-121.38887,336.1,0.32,0.55,2026-08-07,0932,N,VIIRS,n,2.0NRT,292.81,9.07,N
49.75453,-121.39233,332.43,0.32,0.55,2026-08-07,0932,N,VIIRS,n,2.0NRT,292.21,9.07,N
49.75714,-121.33868,301.09,0.32,0.54,2026-08-07,0932,N,VIIRS,n,2.0NRT,290.19,2.18,N
49.7598,-121.39585,302.58,0.32,0.55,2026-08-07,0932,N,VIIRS,n,2.0NRT,288.86,1.68,N
49.76138,-121.32036,307.95,0.64,0.54,2026-08-07,0932,N,VIIRS,n,2.0NRT,289.49,3.07,N
49.76179,-121.32908,300.39,0.32,0.54,2026-08-07,0932,N,VIIRS,n,2.0NRT,288.85,1.18,N
49.76505,-121.3988,300.1,0.32,0.55,2026-08-07,0932,N,VIIRS,n,2.0NRT,288.97,1.32,N
49.76522,-121.40265,318.56,0.32,0.55,2026-08-07,0932,N,VIIRS,n,2.0NRT,288.64,1.46,N
49.76586,-121.30727,315.37,0.64,0.54,2026-08-07,0932,N,VIIRS,n,2.0NRT,288.84,3.07,N
49.76635,-121.31773,319.9,0.64,0.54,2026-08-07,0932,N,VIIRS,n,2.0NRT,290.35,3.07,N
49.76672,-121.32554,301.99,0.32,0.54,2026-08-07,0932,N,VIIRS,n,2.0NRT,287.68,1.18,N
49.77026,-121.40104,330.16,0.32,0.55,2026-08-07,0932,N,VIIRS,n,2.0NRT,291.96,1.46,N
49.77043,-121.29629,297.6,0.63,0.54,2026-08-07,0932,N,VIIRS,n,2.0NRT,286.8,1.49,N
49.77044,-121.40467,300.72,0.32,0.55,2026-08-07,0932,N,VIIRS,n,2.0NRT,288.32,1.46,N
49.77097,-121.3077,317.89,0.64,0.54,2026-08-07,0932,N,VIIRS,n,2.0NRT,290.81,2.77,N
49.77137,-121.31615,309.02,0.64,0.54,2026-08-07,0932,N,VIIRS,n,2.0NRT,289.62,2.77,N
49.7715,-121.42779,350.67,0.32,0.55,2026-08-07,0932,N,VIIRS,n,2.0NRT,292.54,4.42,N
49.77167,-121.32231,300.42,0.32,0.54,2026-08-07,0932,N,VIIRS,n,2.0NRT,287.53,0.92,N
49.77495,-121.28448,302.65,0.63,0.54,2026-08-07,0932,N,VIIRS,n,2.0NRT,288.16,1.49,N
49.77647,-121.42439,301.81,0.32,0.55,2026-08-07,0932,N,VIIRS,n,2.0NRT,289.84,0.44,N
49.79932,-121.26303,299.88,0.63,0.54,2026-08-07,0932,N,VIIRS,n,2.0NRT,288.38,1.69,N
49.79993,-121.48775,303.82,0.32,0.55,2026-08-07,0932,N,VIIRS,n,2.0NRT,286.97,1.04,N
49.80299,-121.26644,300.66,0.63,0.54,2026-08-07,0932,N,VIIRS,n,2.0NRT,288.19,2.9,N
49.80497,-121.27451,300.1,0.63,0.54,2026-08-07,0932,N,VIIRS,n,2.0NRT,287.69,1.69,N
49.80956,-121.26468,299.25,0.63,0.54,2026-08-07,0932,N,VIIRS,n,2.0NRT,287.67,0.97,N
49.81152,-121.51592,318.17,0.32,0.55,2026-08-07,0932,N,VIIRS,n,2.0NRT,287.68,1.28,N
49.81627,-121.50758,298.17,0.32,0.55,2026-08-07,0932,N,VIIRS,n,2.0NRT,287.21,0.47,N
49.81644,-121.51132,301.25,0.32,0.55,2026-08-07,0932,N,VIIRS,n,2.0NRT,288.94,1.28,N
49.8166,-121.51469,324.88,0.32,0.55,2026-08-07,0932,N,VIIRS,n,2.0NRT,291.45,1.28,N
49.81676,-121.51796,310.69,0.32,0.55,2026-08-07,0932,N,VIIRS,n,2.0NRT,289.65,2.0,N
49.81692,-121.52137,310.58,0.32,0.55,2026-08-07,0932,N,VIIRS,n,2.0NRT,288.72,2.0,N
49.82208,-121.52174,299.87,0.32,0.55,2026-08-07,0932,N,VIIRS,n,2.0NRT,287.82,0.52,N
49.82306,-121.23046,297.05,0.63,0.54,2026-08-07,0932,N,VIIRS,n,2.0NRT,284.67,1.46,N
49.82428,-121.52062,299.56,0.32,0.55,2026-08-07,0932,N,VIIRS,n,2.0NRT,287.23,0.53,N
49.82649,-121.22478,328.9,0.63,0.54,2026-08-07,0932,N,VIIRS,n,2.0NRT,287.76,4.89,N
49.82688,-121.23319,299.45,0.63,0.54,2026-08-07,0932,N,VIIRS,n,2.0NRT,286.55,3.39,N
49.82773,-121.22244,314.9,0.63,0.54,2026-08-07,0932,N,VIIRS,n,2.0NRT,287.07,3.52,N
49.82816,-121.23083,320.65,0.63,0.54,2026-08-07,0932,N,VIIRS,n,2.0NRT,288.31,3.52,N
49.83999,-121.18819,327.06,0.63,0.54,2026-08-07,0932,N,VIIRS,n,2.0NRT,290.69,4.51,N
49.84102,-121.21046,310.83,0.63,0.54,2026-08-07,0932,N,VIIRS,n,2.0NRT,287.46,6.18,N
49.84145,-121.21963,339.76,0.63,0.54,2026-08-07,0932,N,VIIRS,n,2.0NRT,290.94,19.95,N
49.84429,-121.17213,301.69,0.63,0.54,2026-08-07,0932,N,VIIRS,n,2.0NRT,286.96,1.64,N
49.84471,-121.18097,314.45,0.63,0.54,2026-08-07,0932,N,VIIRS,n,2.0NRT,290.49,4.51,N
49.8452,-121.19147,318.54,0.63,0.54,2026-08-07,0932,N,VIIRS,n,2.0NRT,291.03,4.51,N
49.84575,-121.20328,300.87,0.63,0.54,2026-08-07,0932,N,VIIRS,n,2.0NRT,288.17,6.18,N
49.84617,-121.2122,309.7,0.63,0.54,2026-08-07,0932,N,VIIRS,n,2.0NRT,289.96,6.18,N
49.8466,-121.22132,340.76,0.63,0.54,2026-08-07,0932,N,VIIRS,n,2.0NRT,293.3,19.95,N
49.84852,-121.15479,303.83,0.63,0.54,2026-08-07,0932,N,VIIRS,n,2.0NRT,285.08,3.27,N
49.84895,-121.16386,367.0,0.63,0.54,2026-08-07,0932,N,VIIRS,h,2.0NRT,296.51,10.0,N
49.84939,-121.17309,327.29,0.63,0.54,2026-08-07,0932,N,VIIRS,n,2.0NRT,291.05,10.0,N
49.84984,-121.18257,301.12,0.63,0.54,2026-08-07,0932,N,VIIRS,n,2.0NRT,288.21,2.94,N
49.85023,-121.29917,325.08,0.64,0.54,2026-08-07,0932,N,VIIRS,n,2.0NRT,288.83,4.05,N
49.85036,-121.19363,310.02,0.63,0.54,2026-08-07,0932,N,VIIRS,n,2.0NRT,289.34,2.94,N
49.85044,-121.3037,336.68,0.32,0.54,2026-08-07,0932,N,VIIRS,n,2.0NRT,294.53,3.33,N
49.8506,-121.30695,311.08,0.32,0.54,2026-08-07,0932,N,VIIRS,n,2.0NRT,288.94,3.33,N
49.85086,-121.20407,303.79,0.63,0.54,2026-08-07,0932,N,VIIRS,n,2.0NRT,289.24,2.63,N
49.851,-121.31557,303.52,0.32,0.54,2026-08-07,0932,N,VIIRS,n,2.0NRT,286.19,1.49,N
49.85355,-121.15417,313.47,0.63,0.54,2026-08-07,0932,N,VIIRS,n,2.0NRT,289.07,3.27,N
49.85401,-121.16372,330.7,0.63,0.54,2026-08-07,0932,N,VIIRS,n,2.0NRT,294.48,10.0,N
49.85447,-121.17338,328.16,0.63,0.54,2026-08-07,0932,N,VIIRS,n,2.0NRT,294.16,10.0,N
49.85495,-121.18365,323.84,0.63,0.54,2026-08-07,0932,N,VIIRS,n,2.0NRT,291.1,2.94,N
49.85545,-121.19398,306.62,0.63,0.54,2026-08-07,0932,N,VIIRS,n,2.0NRT,288.52,2.94,N
49.85812,-121.14404,302.34,0.63,0.54,2026-08-07,0932,N,VIIRS,n,2.0NRT,287.73,18.5,N
49.85854,-121.1528,323.06,0.63,0.54,2026-08-07,0932,N,VIIRS,n,2.0NRT,291.3,18.5,N
49.85901,-121.16251,332.48,0.63,0.54,2026-08-07,0932,N,VIIRS,n,2.0NRT,291.51,11.52,N
49.85948,-121.17234,321.86,0.63,0.54,2026-08-07,0932,N,VIIRS,n,2.0NRT,288.1,11.52,N
49.86,-121.18316,327.15,0.63,0.54,2026-08-07,0932,N,VIIRS,n,2.0NRT,289.9,6.0,N
49.86275,-121.13525,307.21,0.63,0.54,2026-08-07,0932,N,VIIRS,n,2.0NRT,286.04,5.68,N
49.86314,-121.14343,356.21,0.63,0.54,2026-08-07,0932,N,VIIRS,n,2.0NRT,294.1,18.5,N
49.86356,-121.15205,354.9,0.63,0.54,2026-08-07,0932,N,VIIRS,n,2.0NRT,299.92,18.5,N
49.86404,-121.16193,355.91,0.63,0.54,2026-08-07,0932,N,VIIRS,n,2.0NRT,297.04,11.52,N
49.86411,-121.49155,304.59,0.32,0.55,2026-08-07,0932,N,VIIRS,n,2.0NRT,285.71,0.65,N
49.86429,-121.49568,307.04,0.32,0.55,2026-08-07,0932,N,VIIRS,n,2.0NRT,286.99,0.67,N
49.86449,-121.17139,330.3,0.63,0.54,2026-08-07,0932,N,VIIRS,n,2.0NRT,289.35,11.52,N
49.86451,-121.50051,296.86,0.32,0.55,2026-08-07,0932,N,VIIRS,n,2.0NRT,285.92,0.67,N
49.86703,-121.22401,296.32,0.63,0.54,2026-08-07,0932,N,VIIRS,n,2.0NRT,286.16,1.01,N
49.86736,-121.12627,323.01,0.62,0.54,2026-08-07,0932,N,VIIRS,n,2.0NRT,289.07,54.86,N
49.86782,-121.13559,343.26,0.63,0.54,2026-08-07,0932,N,VIIRS,n,2.0NRT,306.53,54.86,N
49.86824,-121.14424,346.85,0.63,0.54,2026-08-07,0932,N,VIIRS,n,2.0NRT,311.45,45.33,N
49.86869,-121.1534,314.47,0.63,0.54,2026-08-07,0932,N,VIIRS,n,2.0NRT,288.34,45.33,N
49.86914,-121.16273,310.65,0.63,0.54,2026-08-07,0932,N,VIIRS,n,2.0NRT,286.06,2.68,N
49.86982,-121.28263,304.3,0.64,0.54,2026-08-07,0932,N,VIIRS,n,2.0NRT,285.93,1.69,N
49.87072,-121.19524,297.33,0.63,0.54,2026-08-07,0932,N,VIIRS,n,2.0NRT,286.7,1.23,N
49.87242,-121.12629,338.79,0.62,0.54,2026-08-07,0932,N,VIIRS,n,2.0NRT,289.31,54.86,N
49.87287,-121.13545,339.25,0.63,0.54,2026-08-07,0932,N,VIIRS,n,2.0NRT,287.72,54.86,N
49.87329,-121.14409,307.63,0.63,0.54,2026-08-07,0932,N,VIIRS,n,2.0NRT,285.08,45.33,N
49.93596,-121.33167,295.39,0.32,0.55,2026-08-07,0932,N,VIIRS,n,2.0NRT,284.89,0.41,N
49.94107,-121.33202,304.12,0.32,0.55,2026-08-07,0932,N,VIIRS,n,2.0NRT,284.64,0.49,N
49.94867,-121.2748,296.25,0.64,0.54,2026-08-07,0932,N,VIIRS,n,2.0NRT,285.21,0.92,N
49.959,-121.27822,300.05,0.32,0.54,2026-08-07,0932,N,VIIRS,n,2.0NRT,284.92,0.69,N
50.04292,-121.43224,341.62,0.32,0.55,2026-08-07,0932,N,VIIRS,n,2.0NRT,289.23,3.82,N
50.04332,-121.44054,320.78,0.32,0.55,2026-08-07,0932,N,VIIRS,n,2.0NRT,289.49,4.66,N
50.04535,-121.42943,310.0,0.32,0.55,2026-08-07,0932,N,VIIRS,n,2.0NRT,287.62,2.36,N
50.04574,-121.43874,338.67,0.32,0.55,2026-08-07,0932,N,VIIRS,n,2.0NRT,290.17,2.36,N
50.10223,-121.22277,296.71,0.63,0.54,2026-08-07,0932,N,VIIRS,n,2.0NRT,284.24,0.36,N
50.10405,-121.26057,305.45,0.32,0.54,2026-08-07,0932,N,VIIRS,n,2.0NRT,286.25,0.75,N
50.10604,-121.19643,319.61,0.63,0.54,2026-08-07,0932,N,VIIRS,n,2.0NRT,287.85,3.52,N
50.10641,-121.204,305.51,0.63,0.54,2026-08-07,0932,N,VIIRS,n,2.0NRT,287.74,2.54,N
50.10679,-121.21197,303.76,0.63,0.54,2026-08-07,0932,N,VIIRS,n,2.0NRT,286.68,2.54,N
50.10911,-121.25986,304.93,0.32,0.54,2026-08-07,0932,N,VIIRS,n,2.0NRT,284.95,0.75,N
50.11106,-121.19522,308.76,0.63,0.54,2026-08-07,0932,N,VIIRS,n,2.0NRT,289.05,3.21,N
50.11143,-121.2029,324.34,0.63,0.54,2026-08-07,0932,N,VIIRS,n,2.0NRT,289.9,3.15,N
50.11182,-121.21085,298.68,0.63,0.54,2026-08-07,0932,N,VIIRS,n,2.0NRT,285.88,3.15,N
50.11418,-121.25925,295.82,0.32,0.54,2026-08-07,0932,N,VIIRS,n,2.0NRT,283.43,0.49,N
50.11429,-121.19653,303.22,0.63,0.54,2026-08-07,0932,N,VIIRS,n,2.0NRT,287.65,1.22,N
50.11463,-121.20421,301.05,0.63,0.54,2026-08-07,0932,N,VIIRS,n,2.0NRT,286.66,1.22,N
50.11544,-121.22269,295.44,0.63,0.54,2026-08-07,0932,N,VIIRS,n,2.0NRT,282.48,0.42,N
50.11587,-121.23238,298.51,0.64,0.54,2026-08-07,0932,N,VIIRS,n,2.0NRT,282.63,1.81,N
50.11783,-121.22977,299.71,0.63,0.54,2026-08-07,0932,N,VIIRS,n,2.0NRT,283.39,1.59,N
49.7397,-121.37825,297.81,0.6,0.53,2026-08-07,1115,N,VIIRS,n,2.0NRT,287.33,0.79,N
49.73991,-121.37128,314.88,0.6,0.53,2026-08-07,1115,N,VIIRS,n,2.0NRT,287.58,5.51,N
49.74221,-121.37939,342.07,0.6,0.53,2026-08-07,1115,N,VIIRS,n,2.0NRT,289.92,17.55,N
49.74322,-121.36384,307.09,0.6,0.53,2026-08-07,1115,N,VIIRS,n,2.0NRT,287.28,5.51,N
49.74437,-121.34879,315.48,0.6,0.53,2026-08-07,1115,N,VIIRS,n,2.0NRT,288.71,12.4,N
49.74476,-121.36931,330.34,0.6,0.53,2026-08-07,1115,N,VIIRS,n,2.0NRT,289.47,5.51,N
49.74654,-121.35648,356.32,0.6,0.53,2026-08-07,1115,N,VIIRS,n,2.0NRT,296.82,12.4,N
49.74659,-121.37578,340.9,0.6,0.53,2026-08-07,1115,N,VIIRS,n,2.0NRT,292.39,17.55,N
49.74819,-121.36233,342.84,0.6,0.53,2026-08-07,1115,N,VIIRS,n,2.0NRT,291.88,4.46,N
49.74966,-121.36753,300.02,0.6,0.53,2026-08-07,1115,N,VIIRS,n,2.0NRT,288.91,4.46,N
49.75089,-121.35275,319.37,0.6,0.53,2026-08-07,1115,N,VIIRS,n,2.0NRT,290.95,12.4,N
49.75209,-121.33783,319.8,0.6,0.53,2026-08-07,1115,N,VIIRS,n,2.0NRT,289.56,2.9,N
49.75292,-121.35992,299.32,0.6,0.53,2026-08-07,1115,N,VIIRS,n,2.0NRT,288.85,4.46,N
49.75338,-121.38068,309.58,0.6,0.53,2026-08-07,1115,N,VIIRS,n,2.0NRT,289.11,2.0,N
49.75432,-121.34574,305.1,0.6,0.53,2026-08-07,1115,N,VIIRS,n,2.0NRT,288.81,2.9,N
49.7552,-121.32967,307.59,0.6,0.53,2026-08-07,1115,N,VIIRS,n,2.0NRT,289.53,2.38,N
49.75828,-121.32143,316.61,0.6,0.53,2026-08-07,1115,N,VIIRS,n,2.0NRT,289.3,2.66,N
49.7601,-121.32789,306.03,0.6,0.53,2026-08-07,1115,N,VIIRS,n,2.0NRT,289.41,2.66,N
49.7631,-121.31932,320.36,0.6,0.53,2026-08-07,1115,N,VIIRS,n,2.0NRT,290.42,2.66,N
49.76511,-121.32647,308.43,0.6,0.53,2026-08-07,1115,N,VIIRS,n,2.0NRT,289.17,2.66,N
49.76598,-121.31036,328.86,0.6,0.53,2026-08-07,1115,N,VIIRS,n,2.0NRT,290.47,5.88,N
49.76679,-121.29402,342.53,0.6,0.53,2026-08-07,1115,N,VIIRS,n,2.0NRT,286.08,10.96,N
49.76811,-121.31794,318.59,0.6,0.53,2026-08-07,1115,N,VIIRS,n,2.0NRT,289.37,2.68,N
49.77031,-121.32576,301.44,0.6,0.53,2026-08-07,1115,N,VIIRS,n,2.0NRT,287.79,2.68,N
49.77043,-121.30695,318.55,0.6,0.53,2026-08-07,1115,N,VIIRS,n,2.0NRT,290.07,5.88,N
49.7711,-121.40526,299.83,0.6,0.53,2026-08-07,1115,N,VIIRS,n,2.0NRT,287.16,0.41,N
49.77143,-121.29131,352.04,0.6,0.53,2026-08-07,1115,N,VIIRS,n,2.0NRT,295.52,8.73,N
49.77197,-121.4275,316.59,0.6,0.53,2026-08-07,1115,N,VIIRS,n,2.0NRT,290.12,2.81,N
49.77264,-121.31484,300.13,0.6,0.53,2026-08-07,1115,N,VIIRS,n,2.0NRT,288.36,2.68,N
49.77311,-121.29725,308.67,0.6,0.53,2026-08-07,1115,N,VIIRS,n,2.0NRT,289.02,5.28,N
49.77407,-121.28143,307.57,0.6,0.53,2026-08-07,1115,N,VIIRS,n,2.0NRT,286.82,8.73,N
49.77481,-121.30328,299.45,0.6,0.53,2026-08-07,1115,N,VIIRS,n,2.0NRT,288.19,5.28,N
49.77488,-121.43781,305.89,0.59,0.53,2026-08-07,1115,N,VIIRS,n,2.0NRT,290.69,2.71,N
49.77598,-121.28822,312.45,0.6,0.53,2026-08-07,1115,N,VIIRS,n,2.0NRT,288.67,8.73,N
49.77695,-121.42606,300.2,0.6,0.53,2026-08-07,1115,N,VIIRS,n,2.0NRT,288.81,1.67,N
49.78042,-121.28479,298.74,0.6,0.53,2026-08-07,1115,N,VIIRS,n,2.0NRT,286.59,1.93,N
49.78188,-121.42445,314.95,0.6,0.53,2026-08-07,1115,N,VIIRS,n,2.0NRT,289.64,1.67,N
49.78675,-121.42261,306.15,0.6,0.53,2026-08-07,1115,N,VIIRS,n,2.0NRT,288.12,1.91,N
49.79457,-121.2681,304.44,0.6,0.53,2026-08-07,1115,N,VIIRS,n,2.0NRT,287.37,2.45,N
49.79534,-121.28008,308.51,0.6,0.53,2026-08-07,1115,N,VIIRS,n,2.0NRT,287.6,1.57,N
49.79635,-121.27434,298.52,0.6,0.53,2026-08-07,1115,N,VIIRS,n,2.0NRT,287.18,2.44,N
49.79662,-121.26534,315.2,0.6,0.53,2026-08-07,1115,N,VIIRS,n,2.0NRT,288.66,2.44,N
49.79763,-121.25977,314.86,0.6,0.53,2026-08-07,1115,N,VIIRS,n,2.0NRT,287.78,2.45,N
49.79836,-121.27157,300.91,0.6,0.53,2026-08-07,1115,N,VIIRS,n,2.0NRT,287.35,2.44,N
49.7994,-121.26601,315.03,0.6,0.53,2026-08-07,1115,N,VIIRS,n,2.0NRT,289.61,2.45,N
49.79952,-121.25639,300.83,0.61,0.53,2026-08-07,1115,N,VIIRS,n,2.0NRT,286.29,1.74,N
49.80122,-121.27237,305.95,0.6,0.53,2026-08-07,1115,N,VIIRS,n,2.0NRT,287.78,2.44,N
49.80136,-121.26296,313.07,0.6,0.53,2026-08-07,1115,N,VIIRS,n,2.0NRT,289.0,2.44,N
49.80316,-121.26939,310.78,0.6,0.53,2026-08-07,1115,N,VIIRS,n,2.0NRT,289.06,2.44,N
49.80495,-121.27579,308.91,0.6,0.53,2026-08-07,1115,N,VIIRS,n,2.0NRT,287.46,3.1,N
49.80585,-121.26962,314.56,0.6,0.53,2026-08-07,1115,N,VIIRS,n,2.0NRT,289.72,2.61,N
49.80761,-121.26595,309.68,0.6,0.53,2026-08-07,1115,N,VIIRS,n,2.0NRT,288.71,2.12,N
49.8083,-121.25918,301.71,0.6,0.53,2026-08-07,1115,N,VIIRS,n,2.0NRT,286.79,2.82,N
49.81015,-121.26569,306.33,0.6,0.53,2026-08-07,1115,N,VIIRS,n,2.0NRT,288.4,2.61,N
49.81181,-121.2616,302.67,0.6,0.53,2026-08-07,1115,N,VIIRS,n,2.0NRT,287.55,2.12,N
49.81232,-121.24406,300.99,0.61,0.53,2026-08-07,1115,N,VIIRS,n,2.0NRT,283.02,1.47,N
49.81426,-121.25101,295.21,0.6,0.53,2026-08-07,1115,N,VIIRS,n,2.0NRT,283.79,1.47,N
49.81515,-121.24512,308.7,0.6,0.53,2026-08-07,1115,N,VIIRS,n,2.0NRT,286.17,1.92,N
49.81713,-121.25208,306.71,0.6,0.53,2026-08-07,1115,N,VIIRS,n,2.0NRT,285.76,1.92,N
49.81731,-121.24261,303.72,0.61,0.53,2026-08-07,1115,N,VIIRS,n,2.0NRT,287.67,1.47,N
49.8184,-121.23747,299.2,0.61,0.53,2026-08-07,1115,N,VIIRS,n,2.0NRT,286.09,0.95,N
49.81914,-121.24914,302.19,0.6,0.53,2026-08-07,1115,N,VIIRS,n,2.0NRT,287.17,1.47,N
49.82491,-121.52065,316.2,0.59,0.53,2026-08-07,1115,N,VIIRS,n,2.0NRT,289.22,3.03,N
49.82527,-121.22344,317.18,0.61,0.53,2026-08-07,1115,N,VIIRS,n,2.0NRT,285.76,1.62,N
49.82655,-121.52655,311.89,0.59,0.53,2026-08-07,1115,N,VIIRS,n,2.0NRT,289.01,3.03,N
49.82747,-121.23119,297.82,0.61,0.53,2026-08-07,1115,N,VIIRS,n,2.0NRT,284.84,1.62,N
49.82877,-121.5345,303.27,0.59,0.53,2026-08-07,1115,N,VIIRS,n,2.0NRT,286.97,2.44,N
49.82943,-121.21897,297.68,0.61,0.53,2026-08-07,1115,N,VIIRS,n,2.0NRT,285.96,1.62,N
49.83835,-121.19301,352.51,0.61,0.53,2026-08-07,1115,N,VIIRS,n,2.0NRT,288.71,9.67,N
49.83987,-121.21755,339.92,0.61,0.53,2026-08-07,1115,N,VIIRS,n,2.0NRT,286.72,17.98,N
49.83991,-121.19849,330.78,0.61,0.53,2026-08-07,1115,N,VIIRS,n,2.0NRT,288.5,9.67,N
49.84096,-121.18301,317.16,0.61,0.53,2026-08-07,1115,N,VIIRS,n,2.0NRT,290.73,5.34,N
49.84171,-121.20486,322.88,0.61,0.53,2026-08-07,1115,N,VIIRS,n,2.0NRT,287.68,19.94,N
49.84185,-121.22456,320.68,0.6,0.53,2026-08-07,1115,N,VIIRS,n,2.0NRT,285.17,12.46,N
49.8427,-121.18919,347.87,0.61,0.53,2026-08-07,1115,N,VIIRS,n,2.0NRT,297.28,9.67,N
49.84391,-121.21265,325.26,0.61,0.53,2026-08-07,1115,N,VIIRS,n,2.0NRT,306.79,19.94,N
49.84431,-121.19489,327.3,0.61,0.53,2026-08-07,1115,N,VIIRS,n,2.0NRT,291.86,9.67,N
49.84489,-121.1777,306.15,0.61,0.53,2026-08-07,1115,N,VIIRS,n,2.0NRT,288.53,5.15,N
49.84591,-121.21973,346.7,0.6,0.53,2026-08-07,1115,N,VIIRS,n,2.0NRT,297.93,24.08,N
49.84604,-121.20097,324.2,0.61,0.53,2026-08-07,1115,N,VIIRS,n,2.0NRT,290.02,19.94,N
49.84662,-121.31792,297.89,0.6,0.53,2026-08-07,1115,N,VIIRS,n,2.0NRT,284.98,2.14,N
49.84686,-121.18467,310.2,0.61,0.53,2026-08-07,1115,N,VIIRS,n,2.0NRT,289.7,3.83,N
49.84696,-121.16583,338.54,0.61,0.53,2026-08-07,1115,N,VIIRS,n,2.0NRT,285.85,5.15,N
49.84798,-121.22706,302.15,0.6,0.53,2026-08-07,1115,N,VIIRS,n,2.0NRT,287.42,24.08,N
49.84801,-121.20796,311.49,0.61,0.53,2026-08-07,1115,N,VIIRS,n,2.0NRT,289.91,19.94,N
49.84848,-121.32452,318.86,0.6,0.53,2026-08-07,1115,N,VIIRS,n,2.0NRT,284.81,2.14,N
49.84864,-121.19099,321.62,0.61,0.53,2026-08-07,1115,N,VIIRS,n,2.0NRT,290.31,3.83,N
49.84908,-121.17332,326.37,0.61,0.53,2026-08-07,1115,N,VIIRS,n,2.0NRT,288.68,5.15,N
49.85009,-121.21532,305.62,0.6,0.53,2026-08-07,1115,N,VIIRS,n,2.0NRT,289.2,24.08,N
49.85038,-121.19713,314.24,0.61,0.53,2026-08-07,1115,N,VIIRS,n,2.0NRT,289.5,4.92,N
49.8511,-121.18045,325.0,0.61,0.53,2026-08-07,1115,N,VIIRS,n,2.0NRT,289.8,3.83,N
49.8514,-121.16231,337.34,0.61,0.53,2026-08-07,1115,N,VIIRS,n,2.0NRT,293.58,6.44,N
49.85157,-121.31631,301.36,0.6,0.53,2026-08-07,1115,N,VIIRS,n,2.0NRT,285.7,1.24,N
49.85234,-121.20409,313.09,0.61,0.53,2026-08-07,1115,N,VIIRS,n,2.0NRT,289.5,4.92,N
49.85295,-121.18703,314.48,0.61,0.53,2026-08-07,1115,N,VIIRS,n,2.0NRT,289.48,3.83,N
49.85327,-121.32233,303.51,0.6,0.53,2026-08-07,1115,N,VIIRS,n,2.0NRT,285.4,1.24,N
49.85347,-121.16963,339.5,0.61,0.53,2026-08-07,1115,N,VIIRS,n,2.0NRT,294.52,6.44,N
49.85487,-121.19382,339.87,0.61,0.53,2026-08-07,1115,N,VIIRS,n,2.0NRT,290.7,4.92,N
49.8555,-121.17684,327.62,0.61,0.53,2026-08-07,1115,N,VIIRS,n,2.0NRT,291.93,4.88,N
49.85603,-121.15944,324.1,0.61,0.53,2026-08-07,1115,N,VIIRS,n,2.0NRT,291.1,6.44,N
49.85748,-121.18382,339.83,0.61,0.53,2026-08-07,1115,N,VIIRS,n,2.0NRT,291.43,4.88,N
49.85816,-121.16701,321.72,0.61,0.53,2026-08-07,1115,N,VIIRS,n,2.0NRT,289.82,6.44,N
49.8586,-121.14928,311.16,0.61,0.53,2026-08-07,1115,N,VIIRS,n,2.0NRT,287.92,9.86,N
49.85938,-121.51009,310.57,0.59,0.53,2026-08-07,1115,N,VIIRS,n,2.0NRT,289.07,2.12,N
49.85967,-121.1916,338.99,0.61,0.53,2026-08-07,1115,N,VIIRS,n,2.0NRT,290.88,5.34,N
49.86024,-121.17437,298.22,0.61,0.53,2026-08-07,1115,N,VIIRS,n,2.0NRT,287.1,4.88,N
49.86081,-121.15716,336.55,0.61,0.53,2026-08-07,1115,N,VIIRS,n,2.0NRT,292.74,28.23,N
49.8614,-121.51736,303.76,0.59,0.53,2026-08-07,1115,N,VIIRS,n,2.0NRT,286.62,2.12,N
49.86215,-121.18114,324.06,0.61,0.53,2026-08-07,1115,N,VIIRS,n,2.0NRT,289.23,4.88,N
49.86284,-121.16438,351.1,0.61,0.53,2026-08-07,1115,N,VIIRS,n,2.0NRT,295.13,28.23,N
49.86316,-121.1462,345.83,0.61,0.53,2026-08-07,1115,N,VIIRS,n,2.0NRT,292.23,9.86,N
49.86366,-121.51129,332.88,0.59,0.53,2026-08-07,1115,N,VIIRS,n,2.0NRT,290.6,3.83,N
49.86444,-121.1893,300.46,0.61,0.53,2026-08-07,1115,N,VIIRS,n,2.0NRT,286.77,5.34,N
49.8646,-121.50968,331.39,0.59,0.53,2026-08-07,1115,N,VIIRS,n,2.0NRT,290.66,6.95,N
49.86491,-121.17169,314.05,0.61,0.53,2026-08-07,1115,N,VIIRS,n,2.0NRT,286.99,9.76,N
49.86513,-121.13388,334.22,0.61,0.53,2026-08-07,1115,N,VIIRS,n,2.0NRT,288.09,114.31,N
49.86523,-121.15356,367.0,0.61,0.53,2026-08-07,1115,N,VIIRS,h,2.0NRT,302.78,28.23,N
49.86717,-121.16045,350.85,0.61,0.53,2026-08-07,1115,N,VIIRS,n,2.0NRT,305.86,28.23,N
49.86733,-121.14169,333.93,0.61,0.53,2026-08-07,1115,N,VIIRS,n,2.0NRT,318.67,114.31,N
49.86751,-121.12301,311.81,0.61,0.53,2026-08-07,1115,N,VIIRS,n,2.0NRT,285.89,3.93,N
49.86871,-121.12267,313.22,0.61,0.53,2026-08-07,1115,N,VIIRS,n,2.0NRT,286.11,53.03,N
49.86905,-121.5114,304.71,0.59,0.53,2026-08-07,1115,N,VIIRS,n,2.0NRT,287.17,3.83,N
49.86929,-121.16797,321.95,0.61,0.53,2026-08-07,1115,N,VIIRS,n,2.0NRT,287.67,9.76,N
49.8694,-121.14905,317.01,0.61,0.53,2026-08-07,1115,N,VIIRS,n,2.0NRT,288.61,13.69,N
49.86953,-121.13021,367.0,0.61,0.53,2026-08-07,1115,N,VIIRS,h,2.0NRT,321.19,114.31,N
49.87075,-121.12978,367.0,0.61,0.53,2026-08-07,1115,N,VIIRS,h,2.0NRT,320.56,53.03,N
49.87169,-121.13787,348.82,0.61,0.53,2026-08-07,1115,N,VIIRS,n,2.0NRT,304.26,114.31,N
49.87207,-121.1199,299.21,0.61,0.53,2026-08-07,1115,N,VIIRS,n,2.0NRT,286.73,2.52,N
49.87298,-121.13757,342.9,0.61,0.53,2026-08-07,1115,N,VIIRS,n,2.0NRT,295.63,103.1,N
49.87402,-121.14618,296.37,0.61,0.53,2026-08-07,1115,N,VIIRS,n,2.0NRT,284.49,13.69,N
49.87405,-121.12693,315.47,0.61,0.53,2026-08-07,1115,N,VIIRS,n,2.0NRT,286.62,2.48,N
49.87527,-121.12653,305.96,0.61,0.53,2026-08-07,1115,N,VIIRS,n,2.0NRT,285.3,53.03,N
49.87633,-121.13507,301.43,0.61,0.53,2026-08-07,1115,N,VIIRS,n,2.0NRT,284.71,2.48,N
50.04348,-121.43593,299.71,0.58,0.52,2026-08-07,1115,N,VIIRS,n,2.0NRT,287.91,1.79,N
50.04503,-121.44151,317.38,0.58,0.52,2026-08-07,1115,N,VIIRS,n,2.0NRT,290.27,3.82,N
50.10119,-121.22654,296.49,0.59,0.53,2026-08-07,1115,N,VIIRS,n,2.0NRT,283.52,0.24,N
50.11062,-121.20259,310.75,0.6,0.53,2026-08-07,1115,N,VIIRS,n,2.0NRT,288.3,3.39,N
50.11501,-121.19908,297.63,0.6,0.53,2026-08-07,1115,N,VIIRS,n,2.0NRT,286.4,0.76,N
50.12146,-121.24142,298.38,0.59,0.53,2026-08-07,1115,N,VIIRS,n,2.0NRT,286.34,1.32,N
50.12342,-121.24843,297.99,0.59,0.53,2026-08-07,1115,N,VIIRS,n,2.0NRT,286.29,2.75,N
50.13009,-121.25313,295.34,0.59,0.53,2026-08-07,1115,N,VIIRS,n,2.0NRT,285.33,1.15,N
49.73937,-121.37424,332.07,0.38,0.36,2026-08-07,2059,N,VIIRS,l,2.0NRT,306.06,6.25,D
49.74257,-121.35334,339.89,0.38,0.36,2026-08-07,2059,N,VIIRS,n,2.0NRT,314.65,24.82,D
49.74337,-121.34805,354.73,0.38,0.36,2026-08-07,2059,N,VIIRS,n,2.0NRT,319.8,49.3,D
49.74345,-121.37016,350.43,0.38,0.36,2026-08-07,2059,N,VIIRS,n,2.0NRT,314.22,22.56,D
49.74424,-121.36495,353.79,0.38,0.36,2026-08-07,2059,N,VIIRS,n,2.0NRT,311.58,22.56,D
49.74583,-121.35452,350.23,0.38,0.36,2026-08-07,2059,N,VIIRS,n,2.0NRT,323.53,52.27,D
49.74591,-121.37662,329.78,0.38,0.36,2026-08-07,2059,N,VIIRS,l,2.0NRT,302.59,26.78,D
49.74659,-121.32689,348.31,0.38,0.36,2026-08-07,2059,N,VIIRS,n,2.0NRT,321.61,46.45,D
49.74664,-121.34924,367.0,0.38,0.36,2026-08-07,2059,N,VIIRS,h,2.0NRT,350.47,55.14,D
49.74745,-121.34391,351.04,0.38,0.36,2026-08-07,2059,N,VIIRS,n,2.0NRT,315.73,55.14,D
49.74826,-121.3386,332.89,0.38,0.36,2026-08-07,2059,N,VIIRS,n,2.0NRT,303.83,52.93,D
49.7483,-121.36093,347.71,0.38,0.36,2026-08-07,2059,N,VIIRS,n,2.0NRT,309.35,52.27,D
49.74907,-121.33334,367.0,0.38,0.36,2026-08-07,2059,N,VIIRS,h,2.0NRT,348.87,52.93,D
49.74986,-121.32809,367.0,0.38,0.36,2026-08-07,2059,N,VIIRS,l,2.0NRT,382.56,0.0,D
49.74991,-121.3504,332.96,0.38,0.36,2026-08-07,2059,N,VIIRS,n,2.0NRT,302.33,55.14,D
49.75066,-121.32289,367.0,0.38,0.36,2026-08-07,2059,N,VIIRS,h,2.0NRT,334.82,0.0,D
49.75072,-121.34509,351.34,0.38,0.36,2026-08-07,2059,N,VIIRS,n,2.0NRT,302.86,55.14,D
49.75082,-121.3896,355.04,0.38,0.36,2026-08-07,2059,N,VIIRS,n,2.0NRT,313.27,26.93,D
49.75153,-121.33978,332.15,0.38,0.36,2026-08-07,2059,N,VIIRS,n,2.0NRT,303.24,52.93,D
49.75163,-121.38428,357.69,0.38,0.36,2026-08-07,2059,N,VIIRS,n,2.0NRT,317.25,50.41,D
49.75233,-121.3345,342.94,0.38,0.36,2026-08-07,2059,N,VIIRS,n,2.0NRT,305.84,52.93,D
49.75245,-121.37897,367.0,0.38,0.36,2026-08-07,2059,N,VIIRS,l,2.0NRT,328.98,50.41,D
49.75313,-121.32929,208.0,0.38,0.36,2026-08-07,2059,N,VIIRS,l,2.0NRT,316.92,0.0,D
49.75325,-121.37372,339.76,0.38,0.36,2026-08-07,2059,N,VIIRS,n,2.0NRT,307.65,12.3,D
49.75409,-121.39079,350.8,0.38,0.36,2026-08-07,2059,N,VIIRS,n,2.0NRT,304.68,7.52,D
49.75639,-121.33048,331.03,0.38,0.36,2026-08-07,2059,N,VIIRS,n,2.0NRT,299.97,3.83,D
49.75719,-121.32526,335.95,0.38,0.36,2026-08-07,2059,N,VIIRS,n,2.0NRT,296.93,3.83,D
49.75735,-121.39198,342.48,0.38,0.36,2026-08-07,2059,N,VIIRS,n,2.0NRT,303.03,7.52,D
49.75799,-121.32003,329.48,0.38,0.36,2026-08-07,2059,N,VIIRS,n,2.0NRT,297.16,5.55,D
49.75981,-121.39847,335.73,0.38,0.36,2026-08-07,2059,N,VIIRS,n,2.0NRT,303.3,61.13,D
49.76603,-121.28976,332.33,0.38,0.36,2026-08-07,2059,N,VIIRS,n,2.0NRT,294.55,1.51,D
49.76611,-121.31194,338.78,0.38,0.36,2026-08-07,2059,N,VIIRS,n,2.0NRT,299.35,4.16,D
49.76691,-121.30669,331.47,0.38,0.36,2026-08-07,2059,N,VIIRS,n,2.0NRT,296.38,4.16,D
49.7685,-121.29618,332.78,0.38,0.36,2026-08-07,2059,N,VIIRS,n,2.0NRT,294.27,5.78,D
49.7693,-121.29094,354.78,0.38,0.36,2026-08-07,2059,N,VIIRS,n,2.0NRT,312.12,24.0,D
49.76959,-121.40208,356.47,0.38,0.36,2026-08-07,2059,N,VIIRS,n,2.0NRT,306.57,54.91,D
49.76965,-121.42429,350.96,0.38,0.36,2026-08-07,2059,N,VIIRS,n,2.0NRT,317.71,39.59,D
49.77285,-121.40331,348.09,0.38,0.36,2026-08-07,2059,N,VIIRS,n,2.0NRT,301.78,4.66,D
49.77337,-121.28687,332.11,0.38,0.36,2026-08-07,2059,N,VIIRS,n,2.0NRT,293.44,24.0,D
49.77416,-121.28162,331.15,0.38,0.36,2026-08-07,2059,N,VIIRS,n,2.0NRT,294.52,2.6,D
49.78023,-121.42265,347.14,0.38,0.36,2026-08-07,2059,N,VIIRS,n,2.0NRT,301.74,7.08,D
49.78103,-121.41742,338.92,0.38,0.36,2026-08-07,2059,N,VIIRS,n,2.0NRT,299.99,2.2,D
49.7843,-121.41861,339.33,0.38,0.36,2026-08-07,2059,N,VIIRS,n,2.0NRT,308.1,15.4,D
49.78756,-121.41981,339.38,0.38,0.36,2026-08-07,2059,N,VIIRS,n,2.0NRT,301.05,15.4,D
49.7937,-121.26639,335.17,0.38,0.36,2026-08-07,2059,N,VIIRS,n,2.0NRT,297.07,4.99,D
49.79776,-121.26234,341.36,0.38,0.36,2026-08-07,2059,N,VIIRS,n,2.0NRT,298.46,4.99,D
49.80053,-121.48746,348.37,0.38,0.36,2026-08-07,2059,N,VIIRS,n,2.0NRT,299.6,6.96,D
49.8035,-121.26991,339.69,0.38,0.36,2026-08-07,2059,N,VIIRS,n,2.0NRT,300.61,7.28,D
49.81235,-121.23428,335.27,0.38,0.36,2026-08-07,2059,N,VIIRS,n,2.0NRT,293.97,26.89,D
49.81279,-121.51979,340.56,0.38,0.36,2026-08-07,2059,N,VIIRS,n,2.0NRT,304.21,7.18,D
49.81361,-121.51447,349.33,0.38,0.36,2026-08-07,2059,N,VIIRS,n,2.0NRT,306.31,18.93,D
49.81404,-121.2459,346.88,0.38,0.36,2026-08-07,2059,N,VIIRS,n,2.0NRT,299.29,4.62,D
49.81483,-121.24067,350.55,0.38,0.36,2026-08-07,2059,N,VIIRS,n,2.0NRT,304.15,26.89,D
49.81561,-121.23546,342.59,0.38,0.36,2026-08-07,2059,N,VIIRS,n,2.0NRT,308.74,26.89,D
49.8164,-121.23023,333.65,0.38,0.36,2026-08-07,2059,N,VIIRS,n,2.0NRT,307.0,58.12,D
49.81731,-121.2471,336.85,0.38,0.36,2026-08-07,2059,N,VIIRS,n,2.0NRT,298.95,3.95,D
49.81768,-121.51041,329.8,0.38,0.36,2026-08-07,2059,N,VIIRS,l,2.0NRT,302.59,4.1,D
49.82339,-121.51811,341.3,0.38,0.36,2026-08-07,2059,N,VIIRS,n,2.0NRT,298.97,9.14,D
49.82374,-121.22729,344.8,0.38,0.36,2026-08-07,2059,N,VIIRS,n,2.0NRT,298.4,6.08,D
49.82454,-121.22199,345.92,0.38,0.36,2026-08-07,2059,N,VIIRS,n,2.0NRT,295.9,6.06,D
49.82679,-121.22445,347.71,0.38,0.36,2026-08-07,2059,N,VIIRS,n,2.0NRT,301.64,19.67,D
49.82911,-121.52572,335.31,0.38,0.36,2026-08-07,2059,N,VIIRS,n,2.0NRT,298.7,2.36,D
49.82934,-121.2532,351.04,0.38,0.36,2026-08-07,2059,N,VIIRS,n,2.0NRT,305.15,12.87,D
49.83811,-121.19501,349.63,0.38,0.36,2026-08-07,2059,N,VIIRS,n,2.0NRT,311.05,33.17,D
49.8389,-121.18981,353.07,0.38,0.36,2026-08-07,2059,N,VIIRS,n,2.0NRT,309.69,11.01,D
49.83969,-121.18455,348.97,0.38,0.36,2026-08-07,2059,N,VIIRS,n,2.0NRT,303.12,11.01,D
49.8405,-121.17924,346.5,0.38,0.36,2026-08-07,2059,N,VIIRS,n,2.0NRT,300.78,11.6,D
49.84138,-121.19614,356.95,0.38,0.36,2026-08-07,2059,N,VIIRS,n,2.0NRT,308.93,33.17,D
49.84218,-121.1909,337.73,0.38,0.36,2026-08-07,2059,N,VIIRS,n,2.0NRT,301.29,11.01,D
49.84227,-121.21313,346.8,0.38,0.36,2026-08-07,2059,N,VIIRS,l,2.0NRT,321.07,31.48,D
49.84297,-121.18564,341.08,0.38,0.36,2026-08-07,2059,N,VIIRS,n,2.0NRT,303.05,11.01,D
49.84377,-121.18033,337.42,0.38,0.36,2026-08-07,2059,N,VIIRS,n,2.0NRT,299.67,11.6,D
49.84474,-121.21955,341.74,0.38,0.36,2026-08-07,2059,N,VIIRS,l,2.0NRT,312.91,68.14,D
49.84546,-121.19199,341.12,0.38,0.36,2026-08-07,2059,N,VIIRS,n,2.0NRT,304.22,7.39,D
49.84554,-121.21426,341.1,0.38,0.36,2026-08-07,2059,N,VIIRS,n,2.0NRT,302.55,31.48,D
49.84616,-121.16441,341.68,0.38,0.36,2026-08-07,2059,N,VIIRS,n,2.0NRT,301.21,9.06,D
49.84775,-121.15384,347.04,0.38,0.36,2026-08-07,2059,N,VIIRS,n,2.0NRT,300.63,70.14,D
49.84793,-121.19839,351.2,0.38,0.36,2026-08-07,2059,N,VIIRS,n,2.0NRT,307.91,22.14,D
49.84864,-121.17086,344.55,0.38,0.36,2026-08-07,2059,N,VIIRS,n,2.0NRT,304.7,8.88,D
49.84873,-121.19312,348.98,0.38,0.36,2026-08-07,2059,N,VIIRS,n,2.0NRT,300.41,7.39,D
49.84943,-121.16557,353.25,0.38,0.36,2026-08-07,2059,N,VIIRS,n,2.0NRT,313.47,8.88,D
49.84961,-121.21008,354.87,0.38,0.36,2026-08-07,2059,N,VIIRS,n,2.0NRT,303.56,8.81,D
49.85022,-121.16029,351.06,0.38,0.36,2026-08-07,2059,N,VIIRS,n,2.0NRT,306.09,8.14,D
49.85041,-121.2048,344.7,0.38,0.36,2026-08-07,2059,N,VIIRS,n,2.0NRT,300.05,7.63,D
49.85111,-121.1773,344.09,0.38,0.36,2026-08-07,2059,N,VIIRS,n,2.0NRT,306.08,6.84,D
49.85191,-121.17201,343.27,0.38,0.36,2026-08-07,2059,N,VIIRS,n,2.0NRT,307.13,8.88,D
49.8527,-121.16673,342.39,0.38,0.36,2026-08-07,2059,N,VIIRS,n,2.0NRT,309.8,8.88,D
49.85279,-121.18897,339.69,0.38,0.36,2026-08-07,2059,N,VIIRS,n,2.0NRT,304.1,23.81,D
49.8535,-121.16146,335.27,0.38,0.36,2026-08-07,2059,N,VIIRS,l,2.0NRT,305.92,8.14,D
49.85429,-121.15617,333.81,0.38,0.36,2026-08-07,2059,N,VIIRS,l,2.0NRT,304.73,8.14,D
49.85439,-121.17844,333.32,0.38,0.36,2026-08-07,2059,N,VIIRS,l,2.0NRT,303.46,16.41,D
49.85508,-121.1509,331.73,0.38,0.36,2026-08-07,2059,N,VIIRS,l,2.0NRT,302.69,11.85,D
49.85518,-121.17319,334.96,0.38,0.36,2026-08-07,2059,N,VIIRS,n,2.0NRT,303.33,5.24,D
49.85587,-121.14561,339.62,0.39,0.36,2026-08-07,2059,N,VIIRS,n,2.0NRT,302.63,11.85,D
49.85602,-121.50773,338.36,0.38,0.36,2026-08-07,2059,N,VIIRS,n,2.0NRT,305.06,3.04,D
49.85607,-121.19014,349.31,0.38,0.36,2026-08-07,2059,N,VIIRS,n,2.0NRT,309.19,23.81,D
49.85677,-121.16264,337.85,0.38,0.36,2026-08-07,2059,N,VIIRS,n,2.0NRT,304.41,4.25,D
49.85686,-121.18486,347.17,0.38,0.36,2026-08-07,2059,N,VIIRS,n,2.0NRT,315.33,16.41,D
49.85756,-121.15736,331.51,0.38,0.36,2026-08-07,2059,N,VIIRS,l,2.0NRT,303.95,4.25,D
49.85765,-121.1796,351.35,0.38,0.36,2026-08-07,2059,N,VIIRS,n,2.0NRT,307.23,16.41,D
49.85845,-121.17435,339.6,0.38,0.36,2026-08-07,2059,N,VIIRS,n,2.0NRT,301.16,5.24,D
49.85914,-121.14682,350.17,0.39,0.36,2026-08-07,2059,N,VIIRS,n,2.0NRT,305.7,9.26,D
49.85924,-121.16908,343.65,0.38,0.36,2026-08-07,2059,N,VIIRS,n,2.0NRT,302.52,5.24,D
49.85928,-121.50894,345.97,0.38,0.36,2026-08-07,2059,N,VIIRS,n,2.0NRT,313.85,22.06,D
49.85934,-121.19132,343.94,0.38,0.36,2026-08-07,2059,N,VIIRS,n,2.0NRT,302.07,10.19,D
49.86003,-121.16381,347.88,0.38,0.36,2026-08-07,2059,N,VIIRS,n,2.0NRT,304.74,4.25,D
49.86013,-121.18604,348.49,0.38,0.36,2026-08-07,2059,N,VIIRS,n,2.0NRT,299.01,27.17,D
49.86082,-121.15857,351.88,0.38,0.36,2026-08-07,2059,N,VIIRS,n,2.0NRT,305.78,4.25,D
49.86087,-121.49848,337.81,0.38,0.36,2026-08-07,2059,N,VIIRS,l,2.0NRT,309.37,6.0,D
49.86092,-121.18078,367.0,0.38,0.36,2026-08-07,2059,N,VIIRS,l,2.0NRT,328.08,27.17,D
49.86127,-121.29256,336.02,0.38,0.36,2026-08-07,2059,N,VIIRS,n,2.0NRT,300.93,3.25,D
49.86161,-121.15331,344.76,0.38,0.36,2026-08-07,2059,N,VIIRS,n,2.0NRT,305.24,9.26,D
49.86168,-121.49322,344.82,0.38,0.36,2026-08-07,2059,N,VIIRS,n,2.0NRT,313.02,6.0,D
49.86172,-121.17554,367.0,0.38,0.36,2026-08-07,2059,N,VIIRS,h,2.0NRT,311.55,58.99,D
49.86241,-121.14801,350.47,0.39,0.36,2026-08-07,2059,N,VIIRS,n,2.0NRT,305.28,9.26,D
49.86251,-121.17029,367.0,0.38,0.36,2026-08-07,2059,N,VIIRS,h,2.0NRT,336.34,58.99,D
49.86254,-121.51015,353.39,0.38,0.36,2026-08-07,2059,N,VIIRS,n,2.0NRT,319.04,22.06,D
49.8633,-121.165,367.0,0.38,0.36,2026-08-07,2059,N,VIIRS,l,2.0NRT,339.3,135.03,D
49.86401,-121.13737,356.62,0.39,0.36,2026-08-07,2059,N,VIIRS,n,2.0NRT,309.1,63.99,D
49.8641,-121.15971,353.38,0.38,0.36,2026-08-07,2059,N,VIIRS,n,2.0NRT,318.47,135.03,D
49.86414,-121.49969,344.87,0.38,0.36,2026-08-07,2059,N,VIIRS,n,2.0NRT,306.36,6.0,D
49.8642,-121.18197,352.89,0.38,0.36,2026-08-07,2059,N,VIIRS,n,2.0NRT,304.78,27.17,D
49.8648,-121.13206,367.0,0.39,0.36,2026-08-07,2059,N,VIIRS,h,2.0NRT,309.82,15.53,D
49.86489,-121.15444,356.88,0.38,0.36,2026-08-07,2059,N,VIIRS,l,2.0NRT,308.48,16.88,D
49.86494,-121.49442,340.69,0.38,0.36,2026-08-07,2059,N,VIIRS,n,2.0NRT,300.14,6.0,D
49.86498,-121.17671,353.04,0.38,0.36,2026-08-07,2059,N,VIIRS,n,2.0NRT,316.11,58.99,D
49.8656,-121.12678,340.86,0.39,0.36,2026-08-07,2059,N,VIIRS,n,2.0NRT,298.12,15.53,D
49.86569,-121.14914,356.89,0.39,0.36,2026-08-07,2059,N,VIIRS,l,2.0NRT,302.47,16.88,D
49.86576,-121.48914,329.6,0.38,0.36,2026-08-07,2059,N,VIIRS,n,2.0NRT,296.09,6.26,D
49.86578,-121.17143,367.0,0.38,0.36,2026-08-07,2059,N,VIIRS,h,2.0NRT,345.96,58.99,D
49.8658,-121.51138,367.0,0.38,0.36,2026-08-07,2059,N,VIIRS,l,2.0NRT,362.4,80.94,D
49.86639,-121.12151,342.04,0.39,0.36,2026-08-07,2059,N,VIIRS,n,2.0NRT,298.02,6.32,D
49.86649,-121.14383,352.89,0.39,0.36,2026-08-07,2059,N,VIIRS,n,2.0NRT,311.87,64.08,D
49.86658,-121.16615,367.0,0.38,0.36,2026-08-07,2059,N,VIIRS,h,2.0NRT,364.7,135.03,D
49.86659,-121.50616,367.0,0.38,0.36,2026-08-07,2059,N,VIIRS,h,2.0NRT,333.71,80.94,D
49.86728,-121.13851,367.0,0.39,0.36,2026-08-07,2059,N,VIIRS,l,2.0NRT,354.97,64.08,D
49.86737,-121.16085,345.9,0.38,0.36,2026-08-07,2059,N,VIIRS,n,2.0NRT,310.21,135.03,D
49.86739,-121.50089,332.11,0.38,0.36,2026-08-07,2059,N,VIIRS,n,2.0NRT,298.88,17.7,D
49.86808,-121.13322,367.0,0.39,0.36,2026-08-07,2059,N,VIIRS,h,2.0NRT,337.19,106.59,D
49.86817,-121.15556,346.77,0.38,0.36,2026-08-07,2059,N,VIIRS,n,2.0NRT,298.05,16.88,D
49.86825,-121.17788,335.11,0.38,0.36,2026-08-07,2059,N,VIIRS,n,2.0NRT,298.55,6.16,D
49.86841,-121.22266,350.73,0.38,0.36,2026-08-07,2059,N,VIIRS,n,2.0NRT,303.11,6.64,D
49.86887,-121.12793,367.0,0.39,0.36,2026-08-07,2059,N,VIIRS,l,2.0NRT,328.37,106.59,D
49.86905,-121.51259,331.24,0.38,0.36,2026-08-07,2059,N,VIIRS,n,2.0NRT,298.51,80.94,D
49.8692,-121.21739,348.72,0.38,0.36,2026-08-07,2059,N,VIIRS,n,2.0NRT,303.13,6.64,D
49.86966,-121.12267,367.0,0.39,0.36,2026-08-07,2059,N,VIIRS,l,2.0NRT,373.33,118.36,D
49.86985,-121.50737,332.76,0.38,0.36,2026-08-07,2059,N,VIIRS,n,2.0NRT,297.42,80.94,D
49.87045,-121.11738,339.39,0.39,0.36,2026-08-07,2059,N,VIIRS,n,2.0NRT,307.05,118.36,D
49.87056,-121.13966,348.61,0.39,0.36,2026-08-07,2059,N,VIIRS,n,2.0NRT,298.06,64.08,D
49.87072,-121.1844,330.2,0.38,0.36,2026-08-07,2059,N,VIIRS,l,2.0NRT,304.14,6.92,D
49.87152,-121.1791,353.44,0.38,0.36,2026-08-07,2059,N,VIIRS,n,2.0NRT,307.9,6.16,D
49.87214,-121.12909,351.97,0.39,0.36,2026-08-07,2059,N,VIIRS,n,2.0NRT,309.82,106.59,D
49.87294,-121.1238,349.22,0.39,0.36,2026-08-07,2059,N,VIIRS,n,2.0NRT,297.12,118.36,D
49.87478,-121.18031,367.0,0.38,0.36,2026-08-07,2059,N,VIIRS,l,2.0NRT,337.68,102.71,D
49.87558,-121.17504,339.05,0.38,0.36,2026-08-07,2059,N,VIIRS,n,2.0NRT,302.8,102.71,D
49.87645,-121.19213,343.48,0.38,0.36,2026-08-07,2059,N,VIIRS,n,2.0NRT,303.24,21.44,D
50.04004,-121.44073,339.0,0.38,0.36,2026-08-07,2059,N,VIIRS,n,2.0NRT,302.22,3.45,D
50.0433,-121.44189,343.12,0.38,0.36,2026-08-07,2059,N,VIIRS,n,2.0NRT,303.03,3.45,D
50.04491,-121.43139,341.63,0.38,0.36,2026-08-07,2059,N,VIIRS,n,2.0NRT,312.23,111.81,D
50.04738,-121.43781,367.0,0.38,0.36,2026-08-07,2059,N,VIIRS,h,2.0NRT,301.47,9.15,D
50.09655,-121.22655,339.33,0.39,0.36,2026-08-07,2059,N,VIIRS,n,2.0NRT,307.06,3.97,D
50.09831,-121.26068,334.01,0.38,0.36,2026-08-07,2059,N,VIIRS,n,2.0NRT,300.05,3.53,D
50.10061,-121.22247,336.87,0.39,0.36,2026-08-07,2059,N,VIIRS,n,2.0NRT,303.85,16.33,D
50.1014,-121.21717,352.08,0.39,0.36,2026-08-07,2059,N,VIIRS,n,2.0NRT,317.88,16.33,D
50.10158,-121.26188,343.17,0.38,0.36,2026-08-07,2059,N,VIIRS,n,2.0NRT,300.17,3.1,D
50.1022,-121.21187,331.89,0.39,0.36,2026-08-07,2059,N,VIIRS,n,2.0NRT,300.22,5.17,D
50.103,-121.20653,332.73,0.39,0.36,2026-08-07,2059,N,VIIRS,n,2.0NRT,298.01,5.17,D
50.10387,-121.22367,337.7,0.39,0.36,2026-08-07,2059,N,VIIRS,n,2.0NRT,304.79,16.33,D
50.10485,-121.26308,331.76,0.38,0.36,2026-08-07,2059,N,VIIRS,n,2.0NRT,301.47,3.1,D
50.10626,-121.20775,346.46,0.39,0.36,2026-08-07,2059,N,VIIRS,n,2.0NRT,308.54,5.17,D
50.10706,-121.2024,344.18,0.39,0.36,2026-08-07,2059,N,VIIRS,n,2.0NRT,301.79,4.16,D
50.10787,-121.19705,340.04,0.39,0.36,2026-08-07,2059,N,VIIRS,n,2.0NRT,299.58,4.16,D
50.10952,-121.20896,355.73,0.39,0.36,2026-08-07,2059,N,VIIRS,n,2.0NRT,307.87,12.19,D
50.10962,-121.23132,335.24,0.39,0.36,2026-08-07,2059,N,VIIRS,l,2.0NRT,305.3,3.96,D
50.11056,-121.27088,345.58,0.38,0.36,2026-08-07,2059,N,VIIRS,n,2.0NRT,301.63,9.1,D
50.11113,-121.19825,346.89,0.39,0.36,2026-08-07,2059,N,VIIRS,n,2.0NRT,299.58,11.53,D
50.11288,-121.23251,334.29,0.39,0.36,2026-08-07,2059,N,VIIRS,n,2.0NRT,303.82,2.9,D
50.11368,-121.22721,342.12,0.39,0.36,2026-08-07,2059,N,VIIRS,n,2.0NRT,306.26,8.18,D
50.11694,-121.22842,343.53,0.39,0.36,2026-08-07,2059,N,VIIRS,n,2.0NRT,304.37,8.18,D
50.11774,-121.22311,337.83,0.39,0.36,2026-08-07,2059,N,VIIRS,n,2.0NRT,306.16,8.18,D
50.11872,-121.26254,331.38,0.38,0.36,2026-08-07,2059,N,VIIRS,n,2.0NRT,301.17,6.15,D
50.11951,-121.25725,339.21,0.39,0.36,2026-08-07,2059,N,VIIRS,n,2.0NRT,308.12,6.15,D
50.12021,-121.22961,347.37,0.39,0.36,2026-08-07,2059,N,VIIRS,n,2.0NRT,298.92,27.01,D
50.1203,-121.25199,335.89,0.39,0.36,2026-08-07,2059,N,VIIRS,n,2.0NRT,304.76,4.88,D
50.121,-121.22431,349.97,0.39,0.36,2026-08-07,2059,N,VIIRS,n,2.0NRT,312.65,27.01,D
50.12188,-121.24145,334.16,0.39,0.36,2026-08-07,2059,N,VIIRS,n,2.0NRT,303.02,5.53,D
50.12278,-121.25844,338.54,0.39,0.36,2026-08-07,2059,N,VIIRS,n,2.0NRT,300.8,9.22,D
50.12514,-121.24265,346.69,0.39,0.36,2026-08-07,2059,N,VIIRS,n,2.0NRT,304.25,11.22,D
50.12762,-121.24911,343.02,0.39,0.36,2026-08-07,2059,N,VIIRS,n,2.0NRT,309.23,8.62,D
49.74094,-121.33202,340.57,0.52,0.67,2026-08-08,0913,N,VIIRS,n,2.0NRT,288.22,5.09,N
49.74096,-121.33741,350.55,0.52,0.67,2026-08-08,0913,N,VIIRS,n,2.0NRT,287.44,5.09,N
49.74097,-121.34241,309.53,0.52,0.67,2026-08-08,0913,N,VIIRS,n,2.0NRT,279.2,2.21,N
49.74099,-121.34832,309.93,0.52,0.67,2026-08-08,0913,N,VIIRS,n,2.0NRT,275.83,2.21,N
49.74102,-121.36082,308.81,0.52,0.67,2026-08-08,0913,N,VIIRS,n,2.0NRT,277.63,2.74,N
49.74105,-121.37569,295.9,0.52,0.67,2026-08-08,0913,N,VIIRS,n,2.0NRT,280.42,2.74,N
49.74357,-121.3315,342.4,0.52,0.67,2026-08-08,0913,N,VIIRS,n,2.0NRT,290.56,10.59,N
49.74361,-121.33759,367.0,0.52,0.67,2026-08-08,0913,N,VIIRS,h,2.0NRT,289.72,9.29,N
49.74365,-121.34219,315.06,0.52,0.67,2026-08-08,0913,N,VIIRS,n,2.0NRT,280.35,9.29,N
49.74369,-121.34685,307.09,0.52,0.67,2026-08-08,0913,N,VIIRS,n,2.0NRT,276.38,2.2,N
49.74374,-121.35323,315.93,0.52,0.67,2026-08-08,0913,N,VIIRS,n,2.0NRT,278.19,2.2,N
49.74389,-121.37388,298.9,0.52,0.67,2026-08-08,0913,N,VIIRS,n,2.0NRT,280.95,2.01,N
49.74719,-121.33321,323.11,0.52,0.67,2026-08-08,0913,N,VIIRS,n,2.0NRT,289.11,5.09,N
49.74722,-121.33985,305.04,0.52,0.67,2026-08-08,0913,N,VIIRS,n,2.0NRT,286.44,5.09,N
49.74723,-121.3445,297.13,0.52,0.67,2026-08-08,0913,N,VIIRS,n,2.0NRT,281.28,2.21,N
49.74725,-121.34909,298.23,0.52,0.67,2026-08-08,0913,N,VIIRS,n,2.0NRT,278.32,2.21,N
49.74728,-121.35547,299.85,0.52,0.67,2026-08-08,0913,N,VIIRS,n,2.0NRT,279.4,2.74,N
49.74732,-121.37567,324.14,0.52,0.67,2026-08-08,0913,N,VIIRS,n,2.0NRT,282.59,2.74,N
49.74733,-121.38212,367.0,0.52,0.67,2026-08-08,0913,N,VIIRS,h,2.0NRT,284.26,10.44,N
49.74736,-121.3866,307.15,0.52,0.67,2026-08-08,0913,N,VIIRS,n,2.0NRT,279.34,10.44,N
49.74737,-121.39122,295.04,0.52,0.67,2026-08-08,0913,N,VIIRS,n,2.0NRT,283.02,0.81,N
49.75015,-121.37361,314.36,0.52,0.67,2026-08-08,0913,N,VIIRS,n,2.0NRT,282.27,8.41,N
49.75021,-121.38126,367.0,0.52,0.67,2026-08-08,0913,N,VIIRS,h,2.0NRT,284.34,8.41,N
49.75024,-121.38556,317.82,0.52,0.67,2026-08-08,0913,N,VIIRS,n,2.0NRT,279.93,6.25,N
49.75028,-121.39025,305.86,0.52,0.67,2026-08-08,0913,N,VIIRS,n,2.0NRT,282.73,6.25,N
49.75339,-121.31329,307.54,0.52,0.67,2026-08-08,0913,N,VIIRS,n,2.0NRT,286.44,1.64,N
49.75358,-121.3756,297.35,0.52,0.67,2026-08-08,0913,N,VIIRS,n,2.0NRT,283.19,0.46,N
49.7536,-121.38229,309.95,0.52,0.67,2026-08-08,0913,N,VIIRS,n,2.0NRT,282.83,1.02,N
49.75362,-121.38692,299.27,0.52,0.67,2026-08-08,0913,N,VIIRS,n,2.0NRT,281.52,1.02,N
49.75364,-121.39162,298.57,0.52,0.67,2026-08-08,0913,N,VIIRS,n,2.0NRT,282.73,0.91,N
49.75589,-121.31004,316.87,0.52,0.67,2026-08-08,0913,N,VIIRS,n,2.0NRT,287.99,3.83,N
49.75964,-121.31315,312.3,0.52,0.67,2026-08-08,0913,N,VIIRS,n,2.0NRT,288.42,1.64,N
49.76213,-121.31002,305.07,0.52,0.67,2026-08-08,0913,N,VIIRS,n,2.0NRT,287.42,1.77,N
49.76291,-121.40258,303.77,0.52,0.67,2026-08-08,0913,N,VIIRS,n,2.0NRT,287.28,1.44,N
49.76622,-121.40287,305.72,0.52,0.67,2026-08-08,0913,N,VIIRS,n,2.0NRT,288.1,1.65,N
49.7695,-121.44138,304.41,0.52,0.67,2026-08-08,0913,N,VIIRS,n,2.0NRT,288.27,1.76,N
49.77435,-121.28082,297.78,0.52,0.67,2026-08-08,0913,N,VIIRS,n,2.0NRT,283.76,0.75,N
49.77824,-121.28337,296.47,0.52,0.67,2026-08-08,0913,N,VIIRS,n,2.0NRT,284.08,0.76,N
49.81068,-121.51542,305.21,0.53,0.67,2026-08-08,0913,N,VIIRS,n,2.0NRT,280.38,2.01,N
49.8107,-121.52012,314.94,0.53,0.67,2026-08-08,0913,N,VIIRS,n,2.0NRT,280.23,2.01,N
49.81695,-121.50911,303.98,0.53,0.67,2026-08-08,0913,N,VIIRS,n,2.0NRT,283.67,1.49,N
49.81697,-121.51419,305.61,0.53,0.67,2026-08-08,0913,N,VIIRS,n,2.0NRT,282.9,2.18,N
49.82769,-121.21978,300.99,0.51,0.66,2026-08-08,0913,N,VIIRS,n,2.0NRT,284.54,2.02,N
49.82774,-121.22657,320.78,0.52,0.66,2026-08-08,0913,N,VIIRS,n,2.0NRT,285.33,2.02,N
49.83982,-121.18204,298.36,0.51,0.66,2026-08-08,0913,N,VIIRS,n,2.0NRT,285.53,1.49,N
49.83992,-121.19357,311.05,0.51,0.66,2026-08-08,0913,N,VIIRS,n,2.0NRT,285.69,3.9,N
49.84013,-121.21854,312.31,0.51,0.66,2026-08-08,0913,N,VIIRS,n,2.0NRT,286.61,1.63,N
49.84024,-121.23238,319.89,0.52,0.66,2026-08-08,0913,N,VIIRS,n,2.0NRT,284.35,3.23,N
49.84352,-121.18128,297.5,0.51,0.66,2026-08-08,0913,N,VIIRS,n,2.0NRT,285.64,2.33,N
49.84356,-121.19037,297.56,0.51,0.66,2026-08-08,0913,N,VIIRS,n,2.0NRT,285.52,2.82,N
49.84365,-121.21686,310.32,0.51,0.66,2026-08-08,0913,N,VIIRS,n,2.0NRT,287.04,3.66,N
49.84368,-121.22424,297.87,0.51,0.66,2026-08-08,0913,N,VIIRS,n,2.0NRT,285.82,2.77,N
49.8437,-121.23089,324.39,0.52,0.66,2026-08-08,0913,N,VIIRS,n,2.0NRT,286.74,2.77,N
49.84373,-121.23743,304.38,0.52,0.66,2026-08-08,0913,N,VIIRS,n,2.0NRT,285.42,3.9,N
49.84583,-121.15838,300.38,0.51,0.66,2026-08-08,0913,N,VIIRS,n,2.0NRT,285.76,1.32,N
49.84602,-121.18004,297.47,0.51,0.66,2026-08-08,0913,N,VIIRS,n,2.0NRT,286.13,1.49,N
49.84632,-121.21532,297.91,0.51,0.66,2026-08-08,0913,N,VIIRS,n,2.0NRT,286.75,1.63,N
49.84639,-121.22282,301.83,0.51,0.66,2026-08-08,0913,N,VIIRS,n,2.0NRT,286.84,1.63,N
49.8465,-121.23616,304.68,0.52,0.66,2026-08-08,0913,N,VIIRS,n,2.0NRT,286.5,3.23,N
49.84961,-121.15447,298.53,0.51,0.66,2026-08-08,0913,N,VIIRS,n,2.0NRT,285.64,0.88,N
49.84964,-121.16215,307.82,0.51,0.66,2026-08-08,0913,N,VIIRS,n,2.0NRT,286.78,1.31,N
49.84967,-121.16986,297.25,0.51,0.66,2026-08-08,0913,N,VIIRS,n,2.0NRT,285.07,1.31,N
49.85204,-121.15895,298.85,0.51,0.66,2026-08-08,0913,N,VIIRS,n,2.0NRT,285.62,1.92,N
49.85211,-121.16701,298.6,0.51,0.66,2026-08-08,0913,N,VIIRS,n,2.0NRT,284.94,2.41,N
49.85849,-121.18522,298.06,0.51,0.66,2026-08-08,0913,N,VIIRS,n,2.0NRT,285.76,2.46,N
49.86095,-121.49482,298.5,0.53,0.67,2026-08-08,0913,N,VIIRS,n,2.0NRT,283.62,1.42,N
49.86198,-121.145,299.81,0.51,0.66,2026-08-08,0913,N,VIIRS,n,2.0NRT,285.33,2.01,N
49.86206,-121.16106,296.73,0.51,0.66,2026-08-08,0913,N,VIIRS,n,2.0NRT,285.12,1.36,N
49.8621,-121.1693,303.37,0.51,0.66,2026-08-08,0913,N,VIIRS,n,2.0NRT,285.99,1.36,N
49.86215,-121.17971,325.59,0.51,0.66,2026-08-08,0913,N,VIIRS,n,2.0NRT,286.87,4.45,N
49.86219,-121.18825,325.42,0.51,0.66,2026-08-08,0913,N,VIIRS,n,2.0NRT,287.27,4.45,N
49.86325,-121.49092,299.67,0.53,0.67,2026-08-08,0913,N,VIIRS,n,2.0NRT,284.75,1.04,N
49.86327,-121.49802,296.63,0.53,0.67,2026-08-08,0913,N,VIIRS,n,2.0NRT,283.68,1.04,N
49.86408,-121.12138,300.51,0.51,0.66,2026-08-08,0913,N,VIIRS,n,2.0NRT,283.35,4.94,N
49.86417,-121.12931,298.12,0.51,0.66,2026-08-08,0913,N,VIIRS,n,2.0NRT,284.06,4.94,N
49.86423,-121.13645,303.93,0.51,0.66,2026-08-08,0913,N,VIIRS,n,2.0NRT,285.58,6.06,N
49.8643,-121.14298,310.73,0.51,0.66,2026-08-08,0913,N,VIIRS,n,2.0NRT,287.08,6.06,N
49.86436,-121.14976,304.83,0.51,0.66,2026-08-08,0913,N,VIIRS,n,2.0NRT,286.57,4.96,N
49.86444,-121.15791,324.98,0.51,0.66,2026-08-08,0913,N,VIIRS,n,2.0NRT,287.41,4.96,N
49.86453,-121.16621,314.96,0.51,0.66,2026-08-08,0913,N,VIIRS,n,2.0NRT,288.79,4.46,N
49.86461,-121.17484,303.53,0.51,0.66,2026-08-08,0913,N,VIIRS,n,2.0NRT,287.14,4.46,N
49.8647,-121.18392,340.23,0.51,0.66,2026-08-08,0913,N,VIIRS,n,2.0NRT,287.88,6.86,N
49.86793,-121.10007,318.08,0.51,0.66,2026-08-08,0913,N,VIIRS,n,2.0NRT,284.28,20.19,N
49.86798,-121.10766,367.0,0.51,0.66,2026-08-08,0913,N,VIIRS,h,2.0NRT,289.2,20.19,N
49.86802,-121.11632,320.95,0.51,0.66,2026-08-08,0913,N,VIIRS,n,2.0NRT,286.24,11.31,N
49.86808,-121.12527,328.1,0.51,0.66,2026-08-08,0913,N,VIIRS,n,2.0NRT,288.3,11.31,N
49.86812,-121.13338,318.9,0.51,0.66,2026-08-08,0913,N,VIIRS,n,2.0NRT,288.32,6.56,N
49.86816,-121.14058,351.57,0.51,0.66,2026-08-08,0913,N,VIIRS,n,2.0NRT,293.35,6.56,N
49.86819,-121.14775,342.35,0.51,0.66,2026-08-08,0913,N,VIIRS,n,2.0NRT,290.26,10.81,N
49.86824,-121.15555,331.45,0.51,0.66,2026-08-08,0913,N,VIIRS,n,2.0NRT,288.9,10.81,N
49.86828,-121.16327,330.76,0.51,0.66,2026-08-08,0913,N,VIIRS,n,2.0NRT,289.67,4.44,N
49.86832,-121.17033,303.15,0.51,0.66,2026-08-08,0913,N,VIIRS,n,2.0NRT,287.95,4.44,N
49.86996,-121.09032,298.88,0.51,0.66,2026-08-08,0913,N,VIIRS,n,2.0NRT,284.13,6.72,N
49.87003,-121.097,335.83,0.51,0.66,2026-08-08,0913,N,VIIRS,n,2.0NRT,285.85,6.72,N
49.8701,-121.10421,356.24,0.51,0.66,2026-08-08,0913,N,VIIRS,n,2.0NRT,293.9,24.26,N
49.87019,-121.11243,367.0,0.51,0.66,2026-08-08,0913,N,VIIRS,h,2.0NRT,290.27,24.26,N
49.87029,-121.12181,329.5,0.51,0.66,2026-08-08,0913,N,VIIRS,n,2.0NRT,289.77,4.94,N
49.87038,-121.13048,331.7,0.51,0.66,2026-08-08,0913,N,VIIRS,n,2.0NRT,289.31,4.94,N
49.87046,-121.13818,343.12,0.51,0.66,2026-08-08,0913,N,VIIRS,n,2.0NRT,292.05,6.06,N
49.87053,-121.14544,332.58,0.51,0.66,2026-08-08,0913,N,VIIRS,n,2.0NRT,289.31,6.06,N
49.87061,-121.15304,345.56,0.51,0.66,2026-08-08,0913,N,VIIRS,n,2.0NRT,289.2,4.96,N
49.87068,-121.16052,320.24,0.51,0.66,2026-08-08,0913,N,VIIRS,n,2.0NRT,288.17,4.96,N
49.87184,-121.28333,298.65,0.52,0.67,2026-08-08,0913,N,VIIRS,n,2.0NRT,282.65,0.59,N
49.87362,-121.50652,301.68,0.53,0.67,2026-08-08,0913,N,VIIRS,n,2.0NRT,282.53,1.75,N
49.874,-121.07996,327.83,0.51,0.66,2026-08-08,0913,N,VIIRS,n,2.0NRT,285.2,5.26,N
49.87405,-121.08651,305.88,0.51,0.66,2026-08-08,0913,N,VIIRS,n,2.0NRT,285.15,17.08,N
49.87408,-121.09278,355.5,0.51,0.66,2026-08-08,0913,N,VIIRS,n,2.0NRT,293.57,17.08,N
49.87413,-121.09995,367.0,0.51,0.66,2026-08-08,0913,N,VIIRS,h,2.0NRT,298.44,20.19,N
49.87418,-121.10868,355.8,0.51,0.66,2026-08-08,0913,N,VIIRS,n,2.0NRT,294.5,20.19,N
49.87423,-121.11793,332.86,0.51,0.66,2026-08-08,0913,N,VIIRS,n,2.0NRT,289.79,11.31,N
49.87428,-121.12624,356.24,0.51,0.66,2026-08-08,0913,N,VIIRS,n,2.0NRT,291.34,11.31,N
49.87432,-121.13367,326.17,0.51,0.66,2026-08-08,0913,N,VIIRS,n,2.0NRT,288.36,6.56,N
49.87437,-121.14072,307.29,0.51,0.66,2026-08-08,0913,N,VIIRS,n,2.0NRT,286.84,6.56,N
49.87456,-121.17515,296.21,0.51,0.66,2026-08-08,0913,N,VIIRS,n,2.0NRT,285.59,1.47,N
49.8746,-121.18231,306.07,0.51,0.66,2026-08-08,0913,N,VIIRS,n,2.0NRT,285.91,1.47,N
49.87463,-121.18909,301.73,0.51,0.66,2026-08-08,0913,N,VIIRS,n,2.0NRT,284.26,1.92,N
49.87512,-121.28521,296.05,0.52,0.67,2026-08-08,0913,N,VIIRS,n,2.0NRT,282.64,0.66,N
49.8759,-121.5099,304.56,0.53,0.67,2026-08-08,0913,N,VIIRS,n,2.0NRT,282.68,1.97,N
49.87601,-121.07745,322.5,0.51,0.66,2026-08-08,0913,N,VIIRS,n,2.0NRT,286.24,8.88,N
49.87608,-121.08398,339.87,0.51,0.66,2026-08-08,0913,N,VIIRS,n,2.0NRT,287.61,8.88,N
49.87615,-121.09023,367.0,0.51,0.66,2026-08-08,0913,N,VIIRS,h,2.0NRT,291.55,23.81,N
49.87622,-121.09673,367.0,0.51,0.66,2026-08-08,0913,N,VIIRS,h,2.0NRT,301.42,23.81,N
49.87632,-121.10578,345.51,0.51,0.66,2026-08-08,0913,N,VIIRS,n,2.0NRT,291.08,11.74,N
49.87642,-121.11543,312.43,0.51,0.66,2026-08-08,0913,N,VIIRS,n,2.0NRT,287.93,11.74,N
49.8765,-121.12351,367.0,0.51,0.66,2026-08-08,0913,N,VIIRS,h,2.0NRT,291.13,8.52,N
49.87658,-121.13054,308.58,0.51,0.66,2026-08-08,0913,N,VIIRS,n,2.0NRT,287.02,8.52,N
49.87706,-121.17757,302.43,0.51,0.66,2026-08-08,0913,N,VIIRS,n,2.0NRT,285.47,0.94,N
49.87714,-121.18548,303.02,0.51,0.66,2026-08-08,0913,N,VIIRS,n,2.0NRT,284.85,0.94,N
49.87997,-121.51395,301.15,0.53,0.67,2026-08-08,0913,N,VIIRS,n,2.0NRT,280.28,1.24,N
49.88019,-121.08006,340.85,0.51,0.66,2026-08-08,0913,N,VIIRS,n,2.0NRT,289.16,8.61,N
49.88023,-121.08646,367.0,0.51,0.66,2026-08-08,0913,N,VIIRS,h,2.0NRT,294.19,19.1,N
49.88028,-121.09253,367.0,0.51,0.66,2026-08-08,0913,N,VIIRS,h,2.0NRT,299.15,19.1,N
49.88033,-121.10075,345.8,0.51,0.66,2026-08-08,0913,N,VIIRS,n,2.0NRT,290.56,11.02,N
49.88039,-121.11179,311.05,0.51,0.66,2026-08-08,0913,N,VIIRS,n,2.0NRT,287.33,11.02,N
49.88219,-121.07729,303.77,0.51,0.66,2026-08-08,0913,N,VIIRS,n,2.0NRT,286.19,8.88,N
49.88226,-121.08368,356.99,0.51,0.66,2026-08-08,0913,N,VIIRS,n,2.0NRT,294.0,8.88,N
49.88234,-121.08998,367.0,0.51,0.66,2026-08-08,0913,N,VIIRS,h,2.0NRT,302.37,23.81,N
49.88242,-121.09723,322.17,0.51,0.66,2026-08-08,0913,N,VIIRS,n,2.0NRT,289.72,23.81,N
49.88254,-121.10822,306.72,0.51,0.66,2026-08-08,0913,N,VIIRS,n,2.0NRT,286.76,11.74,N
49.88638,-121.07935,314.36,0.51,0.66,2026-08-08,0913,N,VIIRS,n,2.0NRT,287.72,8.61,N
49.88643,-121.08578,367.0,0.51,0.66,2026-08-08,0913,N,VIIRS,h,2.0NRT,299.71,19.1,N
49.88647,-121.09293,339.05,0.51,0.66,2026-08-08,0913,N,VIIRS,n,2.0NRT,290.8,19.1,N
49.89257,-121.07972,309.03,0.51,0.66,2026-08-08,0913,N,VIIRS,n,2.0NRT,286.53,4.75,N
49.89262,-121.08606,352.77,0.51,0.66,2026-08-08,0913,N,VIIRS,n,2.0NRT,290.14,11.39,N
49.93786,-121.33259,301.41,0.52,0.67,2026-08-08,0913,N,VIIRS,n,2.0NRT,283.7,1.05,N
49.94413,-121.33425,302.96,0.52,0.67,2026-08-08,0913,N,VIIRS,n,2.0NRT,283.32,1.18,N
50.0938,-121.20856,302.28,0.52,0.66,2026-08-08,0913,N,VIIRS,n,2.0NRT,284.63,1.14,N
50.13091,-121.1719,295.19,0.51,0.66,2026-08-08,0913,N,VIIRS,n,2.0NRT,284.04,1.4,N
50.13098,-121.1814,300.16,0.51,0.66,2026-08-08,0913,N,VIIRS,n,2.0NRT,284.57,5.48,N
50.13102,-121.1879,322.43,0.51,0.66,2026-08-08,0913,N,VIIRS,n,2.0NRT,285.41,5.48,N
50.13107,-121.19398,367.0,0.51,0.66,2026-08-08,0913,N,VIIRS,h,2.0NRT,290.17,23.37,N
50.13111,-121.19986,367.0,0.52,0.66,2026-08-08,0913,N,VIIRS,h,2.0NRT,294.57,23.37,N
50.13114,-121.20542,347.67,0.52,0.66,2026-08-08,0913,N,VIIRS,n,2.0NRT,290.39,11.6,N
50.13118,-121.2109,309.2,0.52,0.67,2026-08-08,0913,N,VIIRS,n,2.0NRT,284.38,11.6,N
50.13703,-121.15759,341.38,0.51,0.66,2026-08-08,0913,N,VIIRS,n,2.0NRT,285.25,9.04,N
50.13708,-121.16557,367.0,0.51,0.66,2026-08-08,0913,N,VIIRS,h,2.0NRT,287.36,63.54,N
50.13716,-121.17563,340.87,0.51,0.66,2026-08-08,0913,N,VIIRS,n,2.0NRT,291.7,63.54,N
50.1372,-121.18224,353.33,0.51,0.66,2026-08-08,0913,N,VIIRS,n,2.0NRT,293.47,65.54,N
50.13725,-121.18773,367.0,0.51,0.66,2026-08-08,0913,N,VIIRS,h,2.0NRT,298.75,65.54,N
50.13728,-121.1935,355.78,0.51,0.66,2026-08-08,0913,N,VIIRS,n,2.0NRT,293.78,14.19,N
50.13733,-121.19934,329.8,0.52,0.66,2026-08-08,0913,N,VIIRS,n,2.0NRT,289.26,14.19,N
50.13737,-121.20497,308.04,0.52,0.66,2026-08-08,0913,N,VIIRS,n,2.0NRT,285.14,4.55,N
50.14327,-121.16068,315.86,0.51,0.66,2026-08-08,0913,N,VIIRS,n,2.0NRT,286.12,9.04,N
50.14333,-121.17004,353.71,0.51,0.66,2026-08-08,0913,N,VIIRS,n,2.0NRT,289.41,63.54,N
50.14338,-121.1766,343.95,0.51,0.66,2026-08-08,0913,N,VIIRS,n,2.0NRT,307.23,63.54,N
50.14342,-121.18235,367.0,0.51,0.66,2026-08-08,0913,N,VIIRS,h,2.0NRT,290.4,65.54,N
50.14347,-121.188,331.07,0.51,0.66,2026-08-08,0913,N,VIIRS,n,2.0NRT,287.2,65.54,N
50.14351,-121.19396,296.51,0.51,0.66,2026-08-08,0913,N,VIIRS,n,2.0NRT,284.51,14.19,N
49.73868,-121.37465,297.39,0.39,0.44,2026-08-08,1053,N,VIIRS,n,2.0NRT,280.38,0.82,N
49.74009,-121.34364,296.36,0.39,0.44,2026-08-08,1053,N,VIIRS,n,2.0NRT,278.54,1.52,N
49.74096,-121.32891,305.84,0.39,0.44,2026-08-08,1053,N,VIIRS,n,2.0NRT,278.09,5.7,N
49.74136,-121.34909,329.43,0.39,0.44,2026-08-08,1053,N,VIIRS,n,2.0NRT,281.4,1.52,N
49.74148,-121.36813,319.11,0.39,0.44,2026-08-08,1053,N,VIIRS,n,2.0NRT,281.72,2.22,N
49.74222,-121.33428,296.3,0.39,0.44,2026-08-08,1053,N,VIIRS,n,2.0NRT,276.99,5.7,N
49.74255,-121.35417,325.53,0.39,0.44,2026-08-08,1053,N,VIIRS,n,2.0NRT,282.81,3.22,N
49.74358,-121.3586,331.17,0.39,0.44,2026-08-08,1053,N,VIIRS,n,2.0NRT,283.64,3.22,N
49.74358,-121.3401,320.54,0.39,0.44,2026-08-08,1053,N,VIIRS,n,2.0NRT,279.29,1.35,N
49.74382,-121.32263,356.96,0.39,0.44,2026-08-08,1053,N,VIIRS,n,2.0NRT,287.97,17.72,N
49.74456,-121.36279,315.03,0.39,0.44,2026-08-08,1053,N,VIIRS,n,2.0NRT,281.34,2.22,N
49.74488,-121.32713,367.0,0.39,0.44,2026-08-08,1053,N,VIIRS,h,2.0NRT,286.71,5.7,N
49.74507,-121.34645,314.32,0.39,0.44,2026-08-08,1053,N,VIIRS,n,2.0NRT,281.65,1.35,N
49.7455,-121.36681,327.45,0.39,0.44,2026-08-08,1053,N,VIIRS,n,2.0NRT,282.86,2.22,N
49.74594,-121.33167,306.9,0.39,0.44,2026-08-08,1053,N,VIIRS,n,2.0NRT,277.6,5.7,N
49.74641,-121.35217,302.73,0.39,0.44,2026-08-08,1053,N,VIIRS,n,2.0NRT,281.33,1.49,N
49.74691,-121.3173,299.29,0.39,0.44,2026-08-08,1053,N,VIIRS,n,2.0NRT,281.94,1.51,N
49.74713,-121.33675,305.32,0.39,0.44,2026-08-08,1053,N,VIIRS,n,2.0NRT,277.48,1.35,N
49.74791,-121.32158,317.21,0.39,0.44,2026-08-08,1053,N,VIIRS,n,2.0NRT,284.8,1.51,N
49.74876,-121.38073,323.25,0.39,0.44,2026-08-08,1053,N,VIIRS,n,2.0NRT,281.74,1.74,N
49.74889,-121.32577,300.41,0.39,0.44,2026-08-08,1053,N,VIIRS,n,2.0NRT,281.45,0.84,N
49.74992,-121.33015,295.07,0.39,0.44,2026-08-08,1053,N,VIIRS,n,2.0NRT,276.91,0.84,N
49.75031,-121.38737,304.35,0.39,0.44,2026-08-08,1053,N,VIIRS,n,2.0NRT,281.29,1.74,N
49.7509,-121.31581,305.05,0.39,0.44,2026-08-08,1053,N,VIIRS,n,2.0NRT,280.67,1.51,N
49.75178,-121.39364,297.31,0.39,0.44,2026-08-08,1053,N,VIIRS,n,2.0NRT,278.88,0.4,N
49.75192,-121.32018,323.94,0.39,0.44,2026-08-08,1053,N,VIIRS,n,2.0NRT,285.36,1.51,N
49.75293,-121.32455,304.37,0.39,0.44,2026-08-08,1053,N,VIIRS,n,2.0NRT,282.25,0.84,N
49.75483,-121.31409,326.44,0.39,0.44,2026-08-08,1053,N,VIIRS,n,2.0NRT,283.11,3.8,N
49.75586,-121.31852,315.38,0.39,0.44,2026-08-08,1053,N,VIIRS,n,2.0NRT,282.58,3.8,N
49.7566,-121.30315,296.92,0.39,0.44,2026-08-08,1053,N,VIIRS,n,2.0NRT,280.4,2.45,N
49.75689,-121.32296,305.25,0.39,0.44,2026-08-08,1053,N,VIIRS,n,2.0NRT,281.88,1.02,N
49.75768,-121.30778,330.6,0.39,0.44,2026-08-08,1053,N,VIIRS,n,2.0NRT,285.15,2.45,N
49.75872,-121.31223,350.96,0.39,0.44,2026-08-08,1053,N,VIIRS,n,2.0NRT,291.34,3.8,N
49.75975,-121.31666,313.11,0.39,0.44,2026-08-08,1053,N,VIIRS,n,2.0NRT,282.8,3.8,N
49.76048,-121.30121,312.73,0.39,0.44,2026-08-08,1053,N,VIIRS,n,2.0NRT,282.67,2.3,N
49.7608,-121.32114,296.66,0.39,0.44,2026-08-08,1053,N,VIIRS,n,2.0NRT,280.58,1.02,N
49.76159,-121.30599,339.77,0.39,0.44,2026-08-08,1053,N,VIIRS,n,2.0NRT,287.71,2.3,N
49.76188,-121.3999,300.71,0.39,0.44,2026-08-08,1053,N,VIIRS,n,2.0NRT,282.8,1.43,N
49.76262,-121.31037,332.03,0.39,0.44,2026-08-08,1053,N,VIIRS,n,2.0NRT,286.04,2.62,N
49.7631,-121.40514,320.89,0.39,0.44,2026-08-08,1053,N,VIIRS,n,2.0NRT,284.1,1.43,N
49.76368,-121.31494,314.49,0.39,0.44,2026-08-08,1053,N,VIIRS,n,2.0NRT,282.83,2.62,N
49.76432,-121.29913,297.79,0.39,0.44,2026-08-08,1053,N,VIIRS,n,2.0NRT,280.92,2.3,N
49.7654,-121.30373,320.73,0.39,0.44,2026-08-08,1053,N,VIIRS,n,2.0NRT,285.25,2.3,N
49.76648,-121.30838,325.56,0.39,0.44,2026-08-08,1053,N,VIIRS,n,2.0NRT,286.31,2.62,N
49.76707,-121.2923,306.21,0.39,0.44,2026-08-08,1053,N,VIIRS,n,2.0NRT,281.08,0.75,N
49.76708,-121.40375,305.37,0.39,0.44,2026-08-08,1053,N,VIIRS,n,2.0NRT,282.32,1.01,N
49.76748,-121.42392,304.13,0.39,0.44,2026-08-08,1053,N,VIIRS,n,2.0NRT,284.94,1.02,N
49.76764,-121.31334,299.33,0.39,0.44,2026-08-08,1053,N,VIIRS,n,2.0NRT,281.04,2.62,N
49.77025,-121.30595,297.22,0.39,0.44,2026-08-08,1053,N,VIIRS,n,2.0NRT,281.57,1.35,N
49.77095,-121.29037,300.67,0.39,0.44,2026-08-08,1053,N,VIIRS,n,2.0NRT,282.88,0.75,N
49.771,-121.40201,301.41,0.39,0.44,2026-08-08,1053,N,VIIRS,n,2.0NRT,283.01,1.01,N
49.77167,-121.42343,302.69,0.39,0.44,2026-08-08,1053,N,VIIRS,n,2.0NRT,284.91,0.68,N
49.77236,-121.40787,299.95,0.39,0.44,2026-08-08,1053,N,VIIRS,n,2.0NRT,281.78,0.75,N
49.77297,-121.29905,307.56,0.39,0.44,2026-08-08,1053,N,VIIRS,n,2.0NRT,282.25,1.87,N
49.77965,-121.42068,323.8,0.39,0.44,2026-08-08,1053,N,VIIRS,n,2.0NRT,286.28,2.4,N
49.78067,-121.42506,309.56,0.39,0.44,2026-08-08,1053,N,VIIRS,n,2.0NRT,286.74,1.19,N
49.78464,-121.42361,302.1,0.39,0.44,2026-08-08,1053,N,VIIRS,n,2.0NRT,285.75,1.19,N
49.78754,-121.41756,308.42,0.39,0.44,2026-08-08,1053,N,VIIRS,n,2.0NRT,283.96,0.78,N
49.79143,-121.26662,296.86,0.39,0.44,2026-08-08,1053,N,VIIRS,n,2.0NRT,280.91,0.71,N
49.79147,-121.41594,302.2,0.39,0.44,2026-08-08,1053,N,VIIRS,n,2.0NRT,283.28,0.78,N
49.79246,-121.27103,323.05,0.39,0.44,2026-08-08,1053,N,VIIRS,n,2.0NRT,281.9,2.66,N
49.79538,-121.26504,296.29,0.39,0.44,2026-08-08,1053,N,VIIRS,n,2.0NRT,281.6,0.7,N
49.79641,-121.26942,298.21,0.39,0.44,2026-08-08,1053,N,VIIRS,n,2.0NRT,280.81,1.0,N
49.79668,-121.269,300.59,0.39,0.44,2026-08-08,1053,N,VIIRS,n,2.0NRT,281.88,0.93,N
49.79931,-121.26328,297.72,0.39,0.44,2026-08-08,1053,N,VIIRS,n,2.0NRT,283.77,0.7,N
49.79957,-121.26285,298.41,0.39,0.44,2026-08-08,1053,N,VIIRS,n,2.0NRT,284.38,0.93,N
49.80141,-121.2723,302.52,0.39,0.44,2026-08-08,1053,N,VIIRS,n,2.0NRT,280.59,1.0,N
49.8017,-121.27185,300.61,0.39,0.44,2026-08-08,1053,N,VIIRS,n,2.0NRT,281.52,0.73,N
49.80279,-121.2765,296.02,0.39,0.44,2026-08-08,1053,N,VIIRS,n,2.0NRT,279.4,0.73,N
49.81223,-121.24292,338.08,0.39,0.44,2026-08-08,1053,N,VIIRS,n,2.0NRT,284.32,2.46,N
49.81332,-121.24757,296.19,0.39,0.44,2026-08-08,1053,N,VIIRS,n,2.0NRT,282.73,2.46,N
49.81427,-121.49599,307.49,0.38,0.43,2026-08-08,1053,N,VIIRS,n,2.0NRT,285.73,1.59,N
49.81522,-121.23715,320.07,0.39,0.44,2026-08-08,1053,N,VIIRS,n,2.0NRT,287.28,2.36,N
49.81627,-121.24159,325.66,0.39,0.44,2026-08-08,1053,N,VIIRS,n,2.0NRT,287.03,1.71,N
49.81733,-121.24615,306.44,0.39,0.44,2026-08-08,1053,N,VIIRS,n,2.0NRT,286.93,1.71,N
49.81845,-121.25089,299.09,0.39,0.44,2026-08-08,1053,N,VIIRS,n,2.0NRT,286.43,0.81,N
49.82316,-121.51595,307.55,0.57,0.43,2026-08-08,1053,N,VIIRS,n,2.0NRT,286.1,1.32,N
49.82486,-121.52334,301.38,0.57,0.43,2026-08-08,1053,N,VIIRS,n,2.0NRT,286.66,1.32,N
49.82561,-121.22597,304.72,0.39,0.44,2026-08-08,1053,N,VIIRS,n,2.0NRT,284.08,0.82,N
49.82684,-121.23119,304.04,0.39,0.44,2026-08-08,1053,N,VIIRS,n,2.0NRT,284.24,0.82,N
49.82928,-121.22313,312.79,0.39,0.44,2026-08-08,1053,N,VIIRS,n,2.0NRT,286.77,1.58,N
49.83051,-121.22835,314.55,0.39,0.44,2026-08-08,1053,N,VIIRS,n,2.0NRT,286.57,1.58,N
49.83858,-121.18871,320.25,0.39,0.44,2026-08-08,1053,N,VIIRS,n,2.0NRT,280.86,11.21,N
49.83953,-121.19277,350.82,0.39,0.44,2026-08-08,1053,N,VIIRS,n,2.0NRT,286.6,14.12,N
49.84019,-121.2326,299.57,0.39,0.44,2026-08-08,1053,N,VIIRS,n,2.0NRT,284.08,4.06,N
49.84031,-121.21458,343.29,0.39,0.44,2026-08-08,1053,N,VIIRS,n,2.0NRT,291.86,13.91,N
49.8405,-121.19688,323.22,0.39,0.44,2026-08-08,1053,N,VIIRS,n,2.0NRT,280.91,14.12,N
49.84141,-121.2193,367.0,0.39,0.44,2026-08-08,1053,N,VIIRS,h,2.0NRT,294.35,13.91,N
49.84151,-121.20119,307.24,0.39,0.44,2026-08-08,1053,N,VIIRS,n,2.0NRT,279.98,2.07,N
49.84222,-121.18568,300.81,0.39,0.44,2026-08-08,1053,N,VIIRS,n,2.0NRT,266.13,11.21,N
49.84325,-121.19009,297.49,0.39,0.44,2026-08-08,1053,N,VIIRS,n,2.0NRT,271.73,14.12,N
49.84376,-121.22934,338.26,0.39,0.44,2026-08-08,1053,N,VIIRS,n,2.0NRT,290.89,4.06,N
49.84386,-121.21124,301.43,0.39,0.44,2026-08-08,1053,N,VIIRS,n,2.0NRT,285.14,1.32,N
49.84497,-121.2345,327.1,0.39,0.44,2026-08-08,1053,N,VIIRS,n,2.0NRT,287.94,6.93,N
49.84503,-121.21622,310.59,0.39,0.44,2026-08-08,1053,N,VIIRS,n,2.0NRT,287.57,1.32,N
49.84618,-121.22113,311.25,0.39,0.44,2026-08-08,1053,N,VIIRS,n,2.0NRT,288.8,1.98,N
49.84853,-121.1569,295.77,0.39,0.44,2026-08-08,1053,N,VIIRS,n,2.0NRT,264.88,0.67,N
49.84854,-121.23122,306.55,0.39,0.44,2026-08-08,1053,N,VIIRS,n,2.0NRT,287.16,1.8,N
49.84869,-121.21329,305.84,0.39,0.44,2026-08-08,1053,N,VIIRS,n,2.0NRT,286.26,1.32,N
49.849,-121.19607,302.97,0.39,0.44,2026-08-08,1053,N,VIIRS,n,2.0NRT,278.16,1.6,N
49.84973,-121.16201,300.57,0.39,0.44,2026-08-08,1053,N,VIIRS,n,2.0NRT,266.95,1.13,N
49.84984,-121.21824,307.91,0.39,0.44,2026-08-08,1053,N,VIIRS,n,2.0NRT,287.73,1.98,N
49.85008,-121.20068,314.61,0.39,0.44,2026-08-08,1053,N,VIIRS,n,2.0NRT,283.73,1.6,N
49.85122,-121.20554,305.97,0.39,0.44,2026-08-08,1053,N,VIIRS,n,2.0NRT,284.16,1.24,N
49.85239,-121.21057,301.92,0.39,0.44,2026-08-08,1053,N,VIIRS,n,2.0NRT,284.0,1.24,N
49.85384,-121.19821,321.1,0.39,0.44,2026-08-08,1053,N,VIIRS,n,2.0NRT,277.92,1.6,N
49.85619,-121.51058,300.39,0.57,0.43,2026-08-08,1053,N,VIIRS,n,2.0NRT,286.44,1.18,N
49.85786,-121.19682,307.97,0.39,0.44,2026-08-08,1053,N,VIIRS,n,2.0NRT,272.99,1.21,N
49.8581,-121.512,304.22,0.57,0.43,2026-08-08,1053,N,VIIRS,n,2.0NRT,286.61,1.37,N
49.86183,-121.51654,301.98,0.57,0.43,2026-08-08,1053,N,VIIRS,n,2.0NRT,285.91,1.39,N
49.86382,-121.51814,303.72,0.57,0.43,2026-08-08,1053,N,VIIRS,n,2.0NRT,285.97,1.64,N
49.86401,-121.14867,303.36,0.39,0.44,2026-08-08,1053,N,VIIRS,n,2.0NRT,277.79,2.22,N
49.86444,-121.18783,313.46,0.39,0.44,2026-08-08,1053,N,VIIRS,n,2.0NRT,260.13,1.12,N
49.86485,-121.17097,297.33,0.39,0.44,2026-08-08,1053,N,VIIRS,n,2.0NRT,263.07,0.99,N
49.86516,-121.15363,311.77,0.39,0.44,2026-08-08,1053,N,VIIRS,n,2.0NRT,275.37,12.8,N
49.86585,-121.51547,302.89,0.57,0.43,2026-08-08,1053,N,VIIRS,n,2.0NRT,286.94,1.39,N
49.86629,-121.15845,313.48,0.39,0.44,2026-08-08,1053,N,VIIRS,n,2.0NRT,271.25,12.8,N
49.86632,-121.51046,296.05,0.57,0.43,2026-08-08,1053,N,VIIRS,n,2.0NRT,284.82,0.9,N
49.86647,-121.14056,318.01,0.39,0.44,2026-08-08,1053,N,VIIRS,n,2.0NRT,282.61,2.22,N
49.86668,-121.12282,345.24,0.39,0.44,2026-08-08,1053,N,VIIRS,n,2.0NRT,288.76,6.74,N
49.86707,-121.1058,298.31,0.39,0.44,2026-08-08,1053,N,VIIRS,n,2.0NRT,283.38,4.48,N
49.86742,-121.16332,325.51,0.39,0.44,2026-08-08,1053,N,VIIRS,n,2.0NRT,262.13,2.57,N
49.86752,-121.52278,296.05,0.57,0.43,2026-08-08,1053,N,VIIRS,n,2.0NRT,284.6,0.74,N
49.86767,-121.14573,321.84,0.39,0.44,2026-08-08,1053,N,VIIRS,n,2.0NRT,271.42,2.22,N
49.86784,-121.51696,304.88,0.57,0.43,2026-08-08,1053,N,VIIRS,n,2.0NRT,286.81,1.64,N
49.86784,-121.12776,340.82,0.39,0.44,2026-08-08,1053,N,VIIRS,n,2.0NRT,290.04,4.5,N
49.86826,-121.11088,345.07,0.39,0.44,2026-08-08,1053,N,VIIRS,n,2.0NRT,286.97,4.48,N
49.86863,-121.16849,311.42,0.39,0.44,2026-08-08,1053,N,VIIRS,n,2.0NRT,264.31,2.57,N
49.86883,-121.1507,348.46,0.39,0.44,2026-08-08,1053,N,VIIRS,n,2.0NRT,279.07,12.8,N
49.869,-121.13276,315.73,0.39,0.44,2026-08-08,1053,N,VIIRS,n,2.0NRT,285.64,4.5,N
49.86941,-121.11581,337.04,0.39,0.44,2026-08-08,1053,N,VIIRS,n,2.0NRT,290.08,6.74,N
49.86973,-121.09849,298.26,0.39,0.44,2026-08-08,1053,N,VIIRS,n,2.0NRT,284.4,9.28,N
49.86997,-121.15562,356.9,0.39,0.44,2026-08-08,1053,N,VIIRS,n,2.0NRT,281.2,12.8,N
49.87019,-121.13787,329.4,0.39,0.44,2026-08-08,1053,N,VIIRS,n,2.0NRT,283.46,8.34,N
49.87051,-121.51003,315.32,0.57,0.43,2026-08-08,1053,N,VIIRS,n,2.0NRT,284.03,4.73,N
49.87054,-121.12067,335.78,0.39,0.44,2026-08-08,1053,N,VIIRS,n,2.0NRT,294.36,6.74,N
49.87066,-121.10129,342.36,0.39,0.44,2026-08-08,1053,N,VIIRS,n,2.0NRT,291.97,15.43,N
49.87095,-121.10376,351.02,0.39,0.44,2026-08-08,1053,N,VIIRS,n,2.0NRT,300.21,23.25,N
49.8712,-121.16087,311.04,0.39,0.44,2026-08-08,1053,N,VIIRS,n,2.0NRT,269.73,2.57,N
49.87141,-121.14312,352.29,0.39,0.44,2026-08-08,1053,N,VIIRS,n,2.0NRT,280.29,8.34,N
49.87165,-121.12544,327.41,0.39,0.44,2026-08-08,1053,N,VIIRS,n,2.0NRT,291.63,4.5,N
49.87186,-121.10632,351.73,0.39,0.44,2026-08-08,1053,N,VIIRS,n,2.0NRT,310.58,18.53,N
49.87195,-121.51621,307.76,0.57,0.43,2026-08-08,1053,N,VIIRS,n,2.0NRT,284.08,3.19,N
49.87211,-121.10873,355.68,0.39,0.44,2026-08-08,1053,N,VIIRS,n,2.0NRT,306.38,23.25,N
49.87264,-121.14841,341.73,0.39,0.44,2026-08-08,1053,N,VIIRS,n,2.0NRT,272.07,5.17,N
49.87283,-121.13049,335.32,0.39,0.44,2026-08-08,1053,N,VIIRS,n,2.0NRT,289.81,4.5,N
49.873,-121.11114,348.22,0.39,0.44,2026-08-08,1053,N,VIIRS,n,2.0NRT,297.41,18.53,N
49.87321,-121.11345,342.79,0.39,0.44,2026-08-08,1053,N,VIIRS,n,2.0NRT,296.66,6.77,N
49.87322,-121.0937,339.67,0.39,0.44,2026-08-08,1053,N,VIIRS,n,2.0NRT,290.95,15.43,N
49.87357,-121.09628,367.0,0.39,0.44,2026-08-08,1053,N,VIIRS,h,2.0NRT,293.6,9.28,N
49.87388,-121.15372,329.75,0.39,0.44,2026-08-08,1053,N,VIIRS,n,2.0NRT,263.84,5.17,N
49.87405,-121.13576,353.83,0.39,0.44,2026-08-08,1053,N,VIIRS,n,2.0NRT,288.02,8.34,N
49.87411,-121.11582,340.49,0.39,0.44,2026-08-08,1053,N,VIIRS,n,2.0NRT,296.03,6.54,N
49.87431,-121.11817,339.87,0.39,0.44,2026-08-08,1053,N,VIIRS,n,2.0NRT,296.17,6.77,N
49.87448,-121.09901,367.0,0.39,0.44,2026-08-08,1053,N,VIIRS,h,2.0NRT,298.17,15.43,N
49.87457,-121.50903,335.97,0.57,0.43,2026-08-08,1053,N,VIIRS,n,2.0NRT,290.25,4.73,N
49.87476,-121.10141,367.0,0.39,0.44,2026-08-08,1053,N,VIIRS,h,2.0NRT,299.6,23.25,N
49.87516,-121.17791,315.85,0.39,0.44,2026-08-08,1053,N,VIIRS,n,2.0NRT,260.06,3.8,N
49.87517,-121.15928,297.36,0.39,0.44,2026-08-08,1053,N,VIIRS,n,2.0NRT,260.92,0.98,N
49.87524,-121.12057,340.76,0.39,0.44,2026-08-08,1053,N,VIIRS,n,2.0NRT,294.82,6.54,N
49.87545,-121.12308,352.89,0.39,0.44,2026-08-08,1053,N,VIIRS,n,2.0NRT,296.47,23.23,N
49.87565,-121.10394,354.45,0.39,0.44,2026-08-08,1053,N,VIIRS,n,2.0NRT,293.89,18.53,N
49.87571,-121.08582,320.22,0.39,0.44,2026-08-08,1053,N,VIIRS,n,2.0NRT,285.18,8.62,N
49.87588,-121.10621,344.06,0.39,0.44,2026-08-08,1053,N,VIIRS,n,2.0NRT,293.12,23.25,N
49.87607,-121.5155,326.41,0.57,0.43,2026-08-08,1053,N,VIIRS,n,2.0NRT,286.48,3.19,N
49.87642,-121.18335,356.57,0.39,0.44,2026-08-08,1053,N,VIIRS,n,2.0NRT,264.81,12.6,N
49.87644,-121.12565,367.0,0.39,0.44,2026-08-08,1053,N,VIIRS,h,2.0NRT,301.52,17.02,N
49.87666,-121.12824,346.7,0.39,0.44,2026-08-08,1053,N,VIIRS,n,2.0NRT,300.01,23.23,N
49.87675,-121.10857,353.2,0.39,0.44,2026-08-08,1053,N,VIIRS,n,2.0NRT,295.62,18.53,N
49.87695,-121.11082,367.0,0.39,0.44,2026-08-08,1053,N,VIIRS,h,2.0NRT,296.51,6.77,N
49.87705,-121.09144,332.42,0.39,0.44,2026-08-08,1053,N,VIIRS,n,2.0NRT,289.81,12.6,N
49.87753,-121.52177,305.46,0.57,0.43,2026-08-08,1053,N,VIIRS,n,2.0NRT,282.8,3.19,N
49.87772,-121.13101,315.76,0.39,0.44,2026-08-08,1053,N,VIIRS,n,2.0NRT,287.78,17.02,N
49.87784,-121.11319,347.28,0.39,0.44,2026-08-08,1053,N,VIIRS,n,2.0NRT,293.11,6.54,N
49.87805,-121.11552,324.27,0.39,0.44,2026-08-08,1053,N,VIIRS,n,2.0NRT,288.59,6.77,N
49.87821,-121.07794,342.99,0.4,0.44,2026-08-08,1053,N,VIIRS,n,2.0NRT,288.92,8.62,N
49.87836,-121.09696,354.13,0.39,0.44,2026-08-08,1053,N,VIIRS,n,2.0NRT,299.4,12.6,N
49.87856,-121.50775,305.19,0.57,0.43,2026-08-08,1053,N,VIIRS,n,2.0NRT,281.64,1.1,N
49.87918,-121.17658,298.3,0.39,0.44,2026-08-08,1053,N,VIIRS,n,2.0NRT,264.49,0.7,N
49.87947,-121.10166,351.25,0.39,0.44,2026-08-08,1053,N,VIIRS,n,2.0NRT,303.63,14.95,N
49.87952,-121.08347,348.41,0.39,0.44,2026-08-08,1053,N,VIIRS,n,2.0NRT,296.4,8.62,N
49.88016,-121.51466,322.95,0.57,0.43,2026-08-08,1053,N,VIIRS,n,2.0NRT,282.98,3.27,N
49.88038,-121.18175,306.18,0.39,0.44,2026-08-08,1053,N,VIIRS,n,2.0NRT,260.18,0.95,N
49.88055,-121.10621,340.29,0.39,0.44,2026-08-08,1053,N,VIIRS,n,2.0NRT,293.86,14.95,N
49.88086,-121.08912,354.41,0.39,0.44,2026-08-08,1053,N,VIIRS,n,2.0NRT,299.41,12.6,N
49.88166,-121.52113,319.28,0.57,0.43,2026-08-08,1053,N,VIIRS,n,2.0NRT,282.73,3.27,N
49.88205,-121.07574,304.11,0.4,0.44,2026-08-08,1053,N,VIIRS,n,2.0NRT,286.04,3.22,N
49.88216,-121.09458,319.99,0.39,0.44,2026-08-08,1053,N,VIIRS,n,2.0NRT,291.09,12.6,N
49.88331,-121.09946,332.74,0.39,0.44,2026-08-08,1053,N,VIIRS,n,2.0NRT,288.42,14.95,N
49.88338,-121.08138,344.97,0.39,0.44,2026-08-08,1053,N,VIIRS,n,2.0NRT,292.76,3.22,N
49.88438,-121.10397,307.16,0.39,0.44,2026-08-08,1053,N,VIIRS,n,2.0NRT,285.33,14.95,N
49.88471,-121.08692,367.0,0.39,0.44,2026-08-08,1053,N,VIIRS,h,2.0NRT,302.47,12.55,N
49.88597,-121.09223,335.56,0.39,0.44,2026-08-08,1053,N,VIIRS,n,2.0NRT,288.59,12.55,N
49.88723,-121.07917,320.91,0.39,0.44,2026-08-08,1053,N,VIIRS,n,2.0NRT,290.17,3.22,N
49.88855,-121.08471,367.0,0.39,0.44,2026-08-08,1053,N,VIIRS,h,2.0NRT,301.2,12.55,N
49.8898,-121.08999,338.5,0.39,0.44,2026-08-08,1053,N,VIIRS,n,2.0NRT,290.52,12.55,N
49.89233,-121.08226,350.57,0.39,0.44,2026-08-08,1053,N,VIIRS,n,2.0NRT,300.28,15.54,N
49.89361,-121.08767,303.97,0.39,0.44,2026-08-08,1053,N,VIIRS,n,2.0NRT,284.59,15.54,N
49.91721,-121.39684,297.69,0.38,0.43,2026-08-08,1053,N,VIIRS,n,2.0NRT,283.07,0.35,N
49.94361,-121.33678,297.89,0.39,0.44,2026-08-08,1053,N,VIIRS,n,2.0NRT,280.54,0.44,N
50.04533,-121.44229,298.34,0.57,0.43,2026-08-08,1053,N,VIIRS,n,2.0NRT,283.4,1.22,N
50.04709,-121.44997,295.22,0.57,0.43,2026-08-08,1053,N,VIIRS,n,2.0NRT,282.24,1.22,N
50.04917,-121.44041,304.61,0.57,0.43,2026-08-08,1053,N,VIIRS,n,2.0NRT,282.63,1.22,N
50.05296,-121.4383,337.98,0.57,0.43,2026-08-08,1053,N,VIIRS,n,2.0NRT,281.87,7.77,N
50.05489,-121.43929,332.9,0.57,0.43,2026-08-08,1053,N,VIIRS,n,2.0NRT,281.11,5.27,N
50.07631,-121.27349,296.86,0.38,0.44,2026-08-08,1053,N,VIIRS,n,2.0NRT,284.31,0.67,N
50.09505,-121.20582,299.37,0.39,0.44,2026-08-08,1053,N,VIIRS,n,2.0NRT,284.33,0.62,N
50.09631,-121.21128,298.2,0.39,0.44,2026-08-08,1053,N,VIIRS,n,2.0NRT,283.95,0.69,N
50.10383,-121.22516,297.79,0.39,0.44,2026-08-08,1053,N,VIIRS,n,2.0NRT,281.14,0.73,N
50.12056,-121.26028,300.33,0.38,0.43,2026-08-08,1053,N,VIIRS,n,2.0NRT,285.2,0.83,N
50.1212,-121.24448,295.97,0.38,0.44,2026-08-08,1053,N,VIIRS,n,2.0NRT,284.86,0.62,N
50.12229,-121.24921,296.19,0.38,0.44,2026-08-08,1053,N,VIIRS,n,2.0NRT,284.33,0.62,N
50.12337,-121.25385,297.26,0.38,0.44,2026-08-08,1053,N,VIIRS,n,2.0NRT,284.22,1.05,N
50.12427,-121.2205,300.31,0.39,0.44,2026-08-08,1053,N,VIIRS,n,2.0NRT,283.13,0.66,N
50.12512,-121.24284,295.21,0.38,0.44,2026-08-08,1053,N,VIIRS,n,2.0NRT,283.63,0.62,N
50.12572,-121.21904,298.87,0.39,0.44,2026-08-08,1053,N,VIIRS,n,2.0NRT,283.1,0.55,N
50.13054,-121.2029,319.11,0.39,0.44,2026-08-08,1053,N,VIIRS,n,2.0NRT,286.1,15.86,N
50.13121,-121.25061,300.59,0.38,0.44,2026-08-08,1053,N,VIIRS,n,2.0NRT,283.52,0.63,N
50.13182,-121.17165,296.07,0.39,0.44,2026-08-08,1053,N,VIIRS,n,2.0NRT,284.69,12.11,N
50.13194,-121.20882,334.43,0.39,0.44,2026-08-08,1053,N,VIIRS,n,2.0NRT,288.37,5.35,N
50.13207,-121.15432,299.05,0.39,0.44,2026-08-08,1053,N,VIIRS,n,2.0NRT,282.62,1.53,N
50.13282,-121.24923,302.04,0.38,0.43,2026-08-08,1053,N,VIIRS,n,2.0NRT,283.3,0.55,N
50.13295,-121.19479,340.86,0.39,0.44,2026-08-08,1053,N,VIIRS,n,2.0NRT,294.63,15.86,N
50.13334,-121.15973,301.0,0.39,0.44,2026-08-08,1053,N,VIIRS,n,2.0NRT,284.01,1.19,N
50.13432,-121.20058,367.0,0.39,0.44,2026-08-08,1053,N,VIIRS,h,2.0NRT,301.25,15.86,N
50.13448,-121.14616,295.62,0.39,0.44,2026-08-08,1053,N,VIIRS,n,2.0NRT,282.66,0.83,N
50.1345,-121.16465,305.01,0.39,0.44,2026-08-08,1053,N,VIIRS,n,2.0NRT,284.22,1.19,N
50.13538,-121.18681,342.57,0.39,0.44,2026-08-08,1053,N,VIIRS,n,2.0NRT,291.16,18.72,N
50.13555,-121.16913,342.74,0.39,0.44,2026-08-08,1053,N,VIIRS,n,2.0NRT,285.79,12.11,N
50.1357,-121.2065,332.37,0.39,0.44,2026-08-08,1053,N,VIIRS,n,2.0NRT,290.48,5.35,N
50.13573,-121.15147,301.45,0.39,0.44,2026-08-08,1053,N,VIIRS,n,2.0NRT,283.42,0.83,N
50.13661,-121.17361,367.0,0.39,0.44,2026-08-08,1053,N,VIIRS,h,2.0NRT,288.62,12.11,N
50.13675,-121.19258,352.28,0.39,0.44,2026-08-08,1053,N,VIIRS,n,2.0NRT,296.41,8.0,N
50.13699,-121.15686,313.78,0.39,0.44,2026-08-08,1053,N,VIIRS,n,2.0NRT,284.59,13.16,N
50.13776,-121.17851,341.14,0.39,0.44,2026-08-08,1053,N,VIIRS,n,2.0NRT,288.06,18.72,N
50.13808,-121.19823,338.28,0.39,0.44,2026-08-08,1053,N,VIIRS,n,2.0NRT,292.04,8.0,N
50.13818,-121.1619,354.19,0.39,0.44,2026-08-08,1053,N,VIIRS,n,2.0NRT,294.66,13.16,N
50.1391,-121.18427,353.17,0.39,0.44,2026-08-08,1053,N,VIIRS,n,2.0NRT,303.95,18.72,N
50.13925,-121.16649,325.68,0.39,0.44,2026-08-08,1053,N,VIIRS,n,2.0NRT,322.63,161.3,N
50.14047,-121.19007,345.95,0.39,0.44,2026-08-08,1053,N,VIIRS,n,2.0NRT,293.65,8.0,N
50.14066,-121.1541,300.45,0.39,0.44,2026-08-08,1053,N,VIIRS,n,2.0NRT,285.74,13.16,N
50.1415,-121.17606,351.58,0.39,0.44,2026-08-08,1053,N,VIIRS,n,2.0NRT,308.48,41.83,N
50.14183,-121.15909,356.84,0.39,0.44,2026-08-08,1053,N,VIIRS,n,2.0NRT,293.01,13.16,N
50.14282,-121.18171,355.06,0.39,0.44,2026-08-08,1053,N,VIIRS,n,2.0NRT,311.66,41.83,N
50.14292,-121.16373,352.05,0.39,0.44,2026-08-08,1053,N,VIIRS,n,2.0NRT,290.93,161.3,N
50.14398,-121.16825,355.72,0.39,0.44,2026-08-08,1053,N,VIIRS,n,2.0NRT,297.17,161.3,N
50.14419,-121.18753,324.65,0.39,0.44,2026-08-08,1053,N,VIIRS,n,2.0NRT,287.29,7.52,N
50.14517,-121.17331,343.69,0.39,0.44,2026-08-08,1053,N,VIIRS,n,2.0NRT,297.51,41.83,N
50.14657,-121.17926,301.31,0.39,0.44,2026-08-08,1053,N,VIIRS,n,2.0NRT,286.86,41.83,N
50.1466,-121.16099,301.59,0.39,0.44,2026-08-08,1053,N,VIIRS,n,2.0NRT,285.75,0.72,N
50.14769,-121.16562,302.02,0.39,0.44,2026-08-08,1053,N,VIIRS,n,2.0NRT,286.61,0.72,N
49.73646,-121.33801,318.48,0.45,0.39,2026-08-08,2042,N,VIIRS,l,2.0NRT,324.34,94.94,D
49.73748,-121.33282,341.22,0.45,0.39,2026-08-08,2042,N,VIIRS,n,2.0NRT,306.81,70.21,D
49.73874,-121.34554,331.58,0.45,0.39,2026-08-08,2042,N,VIIRS,n,2.0NRT,299.52,35.56,D
49.73955,-121.36037,332.85,0.45,0.39,2026-08-08,2042,N,VIIRS,n,2.0NRT,301.4,17.0,D
49.73978,-121.32118,353.21,0.45,0.39,2026-08-08,2042,N,VIIRS,n,2.0NRT,310.37,45.97,D
49.74033,-121.37541,327.65,0.45,0.39,2026-08-08,2042,N,VIIRS,l,2.0NRT,299.85,23.55,D
49.74087,-121.33469,353.78,0.45,0.39,2026-08-08,2042,N,VIIRS,n,2.0NRT,306.9,44.03,D
49.74094,-121.35341,367.0,0.45,0.39,2026-08-08,2042,N,VIIRS,h,2.0NRT,307.25,17.0,D
49.74115,-121.31429,351.07,0.45,0.39,2026-08-08,2042,N,VIIRS,n,2.0NRT,310.98,45.97,D
49.74199,-121.32903,352.78,0.45,0.39,2026-08-08,2042,N,VIIRS,n,2.0NRT,306.23,44.03,D
49.74215,-121.34731,367.0,0.45,0.39,2026-08-08,2042,N,VIIRS,h,2.0NRT,305.69,35.56,D
49.74303,-121.36183,356.42,0.45,0.39,2026-08-08,2042,N,VIIRS,n,2.0NRT,309.42,35.49,D
49.74322,-121.34187,336.51,0.45,0.39,2026-08-08,2042,N,VIIRS,n,2.0NRT,301.3,35.56,D
49.74329,-121.32243,354.76,0.45,0.39,2026-08-08,2042,N,VIIRS,n,2.0NRT,306.28,73.91,D
49.74472,-121.31529,367.0,0.45,0.39,2026-08-08,2042,N,VIIRS,h,2.0NRT,339.16,73.91,D
49.74542,-121.3307,348.87,0.45,0.39,2026-08-08,2042,N,VIIRS,n,2.0NRT,297.91,44.03,D
49.74608,-121.30843,367.0,0.45,0.39,2026-08-08,2042,N,VIIRS,l,2.0NRT,325.12,225.24,D
49.74614,-121.38419,354.75,0.45,0.39,2026-08-08,2042,N,VIIRS,n,2.0NRT,312.92,79.79,D
49.74678,-121.32384,335.43,0.45,0.39,2026-08-08,2042,N,VIIRS,n,2.0NRT,298.91,73.91,D
49.74723,-121.37868,351.25,0.45,0.39,2026-08-08,2042,N,VIIRS,n,2.0NRT,313.08,48.52,D
49.74819,-121.31676,367.0,0.45,0.39,2026-08-08,2042,N,VIIRS,h,2.0NRT,339.76,73.91,D
49.74857,-121.39101,345.74,0.45,0.39,2026-08-08,2042,N,VIIRS,n,2.0NRT,305.95,79.79,D
49.74953,-121.30999,367.0,0.45,0.39,2026-08-08,2042,N,VIIRS,h,2.0NRT,363.34,225.24,D
49.75081,-121.30354,342.18,0.44,0.39,2026-08-08,2042,N,VIIRS,n,2.0NRT,287.42,225.24,D
49.75162,-121.31842,347.84,0.45,0.39,2026-08-08,2042,N,VIIRS,n,2.0NRT,298.92,8.09,D
49.75203,-121.39254,333.79,0.45,0.39,2026-08-08,2042,N,VIIRS,n,2.0NRT,299.55,3.96,D
49.75295,-121.3117,352.55,0.45,0.39,2026-08-08,2042,N,VIIRS,n,2.0NRT,298.33,26.39,D
49.75505,-121.32011,325.43,0.45,0.39,2026-08-08,2042,N,VIIRS,l,2.0NRT,297.73,8.09,D
49.75636,-121.31346,345.75,0.45,0.39,2026-08-08,2042,N,VIIRS,n,2.0NRT,298.16,26.39,D
49.75766,-121.30689,341.26,0.44,0.39,2026-08-08,2042,N,VIIRS,n,2.0NRT,287.13,26.39,D
49.75976,-121.31526,325.38,0.45,0.39,2026-08-08,2042,N,VIIRS,n,2.0NRT,290.62,4.03,D
49.76123,-121.40327,339.21,0.45,0.39,2026-08-08,2042,N,VIIRS,n,2.0NRT,304.28,6.48,D
49.76448,-121.31042,328.06,0.44,0.39,2026-08-08,2042,N,VIIRS,n,2.0NRT,290.99,4.03,D
49.76473,-121.40462,348.99,0.45,0.39,2026-08-08,2042,N,VIIRS,n,2.0NRT,305.99,14.26,D
49.76776,-121.42751,330.71,0.45,0.39,2026-08-08,2042,N,VIIRS,n,2.0NRT,301.26,3.47,D
49.81204,-121.23991,346.2,0.44,0.39,2026-08-08,2042,N,VIIRS,n,2.0NRT,299.36,26.53,D
49.81227,-121.51871,349.36,0.45,0.39,2026-08-08,2042,N,VIIRS,n,2.0NRT,302.59,8.82,D
49.81332,-121.51337,332.74,0.45,0.39,2026-08-08,2042,N,VIIRS,n,2.0NRT,296.96,8.82,D
49.81339,-121.233,225.2,0.44,0.39,2026-08-08,2042,N,VIIRS,l,2.0NRT,320.9,207.52,D
49.83612,-121.2123,334.72,0.44,0.38,2026-08-08,2042,N,VIIRS,n,2.0NRT,299.57,38.77,D
49.83629,-121.19216,339.17,0.44,0.38,2026-08-08,2042,N,VIIRS,n,2.0NRT,296.35,30.9,D
49.8395,-121.21418,346.98,0.44,0.38,2026-08-08,2042,N,VIIRS,n,2.0NRT,299.67,16.51,D
49.83959,-121.19441,338.36,0.44,0.38,2026-08-08,2042,N,VIIRS,n,2.0NRT,296.17,30.9,D
49.84058,-121.20862,336.17,0.44,0.38,2026-08-08,2042,N,VIIRS,n,2.0NRT,295.5,6.64,D
49.84084,-121.18791,340.52,0.44,0.38,2026-08-08,2042,N,VIIRS,n,2.0NRT,293.16,30.9,D
49.84282,-121.21632,342.09,0.44,0.38,2026-08-08,2042,N,VIIRS,n,2.0NRT,306.88,16.51,D
49.85413,-121.19657,334.11,0.44,0.38,2026-08-08,2042,N,VIIRS,n,2.0NRT,298.86,6.43,D
49.85875,-121.49385,331.06,0.45,0.39,2026-08-08,2042,N,VIIRS,l,2.0NRT,304.95,4.37,D
49.85993,-121.18582,334.23,0.44,0.38,2026-08-08,2042,N,VIIRS,n,2.0NRT,298.06,11.48,D
49.86224,-121.49531,330.21,0.45,0.39,2026-08-08,2042,N,VIIRS,l,2.0NRT,303.92,4.37,D
49.86338,-121.18732,345.62,0.44,0.38,2026-08-08,2042,N,VIIRS,n,2.0NRT,303.79,11.48,D
49.86469,-121.16111,332.65,0.44,0.38,2026-08-08,2042,N,VIIRS,n,2.0NRT,300.79,15.7,D
49.86472,-121.14159,329.86,0.44,0.38,2026-08-08,2042,N,VIIRS,l,2.0NRT,302.15,2.83,D
49.86473,-121.12223,353.2,0.44,0.38,2026-08-08,2042,N,VIIRS,n,2.0NRT,306.6,42.57,D
49.86583,-121.13586,328.65,0.44,0.38,2026-08-08,2042,N,VIIRS,l,2.0NRT,300.39,2.83,D
49.86584,-121.15514,333.66,0.44,0.38,2026-08-08,2042,N,VIIRS,n,2.0NRT,300.06,13.92,D
49.8659,-121.11615,344.0,0.44,0.38,2026-08-08,2042,N,VIIRS,n,2.0NRT,307.18,17.51,D
49.86693,-121.16887,337.71,0.44,0.38,2026-08-08,2042,N,VIIRS,n,2.0NRT,306.0,15.7,D
49.86698,-121.14925,342.95,0.44,0.38,2026-08-08,2042,N,VIIRS,n,2.0NRT,301.84,13.92,D
49.86708,-121.11003,344.09,0.44,0.38,2026-08-08,2042,N,VIIRS,n,2.0NRT,297.77,17.51,D
49.86806,-121.16302,356.8,0.44,0.38,2026-08-08,2042,N,VIIRS,n,2.0NRT,303.92,15.7,D
49.8681,-121.14345,356.92,0.44,0.38,2026-08-08,2042,N,VIIRS,n,2.0NRT,310.94,21.93,D
49.86813,-121.12392,348.71,0.44,0.38,2026-08-08,2042,N,VIIRS,n,2.0NRT,307.05,42.57,D
49.86824,-121.10398,367.0,0.44,0.38,2026-08-08,2042,N,VIIRS,l,2.0NRT,357.9,84.73,D
49.86919,-121.15715,325.97,0.44,0.38,2026-08-08,2042,N,VIIRS,n,2.0NRT,295.63,13.92,D
49.86922,-121.13764,348.53,0.44,0.38,2026-08-08,2042,N,VIIRS,n,2.0NRT,303.38,21.93,D
49.86931,-121.11779,353.21,0.44,0.38,2026-08-08,2042,N,VIIRS,n,2.0NRT,300.59,17.51,D
49.86938,-121.09804,367.0,0.44,0.38,2026-08-08,2042,N,VIIRS,l,2.0NRT,330.97,84.73,D
49.87006,-121.51302,336.33,0.45,0.39,2026-08-08,2042,N,VIIRS,n,2.0NRT,311.24,5.94,D
49.87033,-121.15119,346.76,0.44,0.38,2026-08-08,2042,N,VIIRS,n,2.0NRT,317.18,13.92,D
49.87036,-121.1317,330.7,0.44,0.38,2026-08-08,2042,N,VIIRS,n,2.0NRT,299.41,4.81,D
49.8705,-121.1116,351.95,0.44,0.38,2026-08-08,2042,N,VIIRS,n,2.0NRT,303.06,17.51,D
49.87051,-121.09221,338.52,0.44,0.38,2026-08-08,2042,N,VIIRS,n,2.0NRT,295.47,14.83,D
49.87149,-121.50576,333.93,0.45,0.39,2026-08-08,2042,N,VIIRS,l,2.0NRT,304.97,5.42,D
49.87149,-121.14522,351.36,0.44,0.38,2026-08-08,2042,N,VIIRS,n,2.0NRT,306.46,21.93,D
49.87152,-121.12569,325.62,0.44,0.38,2026-08-08,2042,N,VIIRS,l,2.0NRT,297.21,4.81,D
49.87166,-121.10559,367.0,0.44,0.38,2026-08-08,2042,N,VIIRS,h,2.0NRT,306.46,84.73,D
49.87263,-121.13927,325.58,0.44,0.38,2026-08-08,2042,N,VIIRS,n,2.0NRT,293.25,21.93,D
49.87267,-121.1778,329.59,0.44,0.38,2026-08-08,2042,N,VIIRS,n,2.0NRT,299.69,2.15,D
49.87269,-121.11958,330.99,0.44,0.38,2026-08-08,2042,N,VIIRS,n,2.0NRT,297.64,3.66,D
49.87281,-121.09959,356.2,0.44,0.38,2026-08-08,2042,N,VIIRS,n,2.0NRT,303.15,84.73,D
49.87357,-121.51438,348.45,0.45,0.39,2026-08-08,2042,N,VIIRS,n,2.0NRT,314.89,5.94,D
49.87378,-121.13334,348.12,0.44,0.38,2026-08-08,2042,N,VIIRS,n,2.0NRT,295.9,4.81,D
49.87385,-121.11353,329.84,0.44,0.38,2026-08-08,2042,N,VIIRS,n,2.0NRT,295.45,3.66,D
49.87394,-121.09372,356.31,0.44,0.38,2026-08-08,2042,N,VIIRS,n,2.0NRT,308.36,14.83,D
49.87492,-121.12738,338.93,0.44,0.38,2026-08-08,2042,N,VIIRS,n,2.0NRT,296.64,4.81,D
49.87497,-121.50722,345.52,0.45,0.39,2026-08-08,2042,N,VIIRS,n,2.0NRT,308.39,5.42,D
49.87503,-121.10744,354.8,0.44,0.38,2026-08-08,2042,N,VIIRS,n,2.0NRT,299.69,13.46,D
49.87504,-121.08798,340.1,0.44,0.38,2026-08-08,2042,N,VIIRS,n,2.0NRT,295.75,14.83,D
49.87542,-121.1803,344.8,0.44,0.38,2026-08-08,2042,N,VIIRS,n,2.0NRT,302.37,6.36,D
49.87606,-121.12148,330.67,0.44,0.38,2026-08-08,2042,N,VIIRS,n,2.0NRT,294.19,3.66,D
49.87615,-121.08223,355.12,0.44,0.38,2026-08-08,2042,N,VIIRS,n,2.0NRT,301.85,32.57,D
49.87621,-121.10129,352.46,0.44,0.38,2026-08-08,2042,N,VIIRS,n,2.0NRT,302.84,13.46,D
49.87709,-121.51563,351.69,0.45,0.39,2026-08-08,2042,N,VIIRS,n,2.0NRT,315.7,22.89,D
49.87726,-121.07645,348.47,0.44,0.38,2026-08-08,2042,N,VIIRS,n,2.0NRT,316.96,32.57,D
49.87737,-121.09521,341.08,0.44,0.38,2026-08-08,2042,N,VIIRS,n,2.0NRT,300.2,13.2,D
49.87837,-121.0707,344.14,0.44,0.38,2026-08-08,2042,N,VIIRS,n,2.0NRT,310.81,48.38,D
49.87838,-121.10936,342.06,0.44,0.38,2026-08-08,2042,N,VIIRS,n,2.0NRT,294.32,13.46,D
49.87846,-121.08954,352.3,0.44,0.38,2026-08-08,2042,N,VIIRS,n,2.0NRT,303.38,13.2,D
49.87916,-121.52435,330.51,0.45,0.39,2026-08-08,2042,N,VIIRS,n,2.0NRT,300.03,22.89,D
49.87957,-121.08379,352.63,0.44,0.38,2026-08-08,2042,N,VIIRS,n,2.0NRT,296.37,25.09,D
49.87958,-121.10312,353.98,0.44,0.38,2026-08-08,2042,N,VIIRS,n,2.0NRT,306.96,13.46,D
49.88063,-121.51688,354.32,0.45,0.39,2026-08-08,2042,N,VIIRS,n,2.0NRT,313.12,22.89,D
49.88068,-121.078,340.13,0.44,0.38,2026-08-08,2042,N,VIIRS,n,2.0NRT,311.38,25.09,D
49.88076,-121.09692,343.31,0.44,0.38,2026-08-08,2042,N,VIIRS,n,2.0NRT,302.6,13.2,D
49.88179,-121.07226,367.0,0.44,0.38,2026-08-08,2042,N,VIIRS,l,2.0NRT,376.27,131.98,D
49.8819,-121.09103,333.72,0.44,0.38,2026-08-08,2042,N,VIIRS,n,2.0NRT,297.92,13.2,D
49.88197,-121.51003,325.83,0.45,0.39,2026-08-08,2042,N,VIIRS,l,2.0NRT,297.12,9.26,D
49.88287,-121.06665,340.37,0.44,0.38,2026-08-08,2042,N,VIIRS,n,2.0NRT,295.07,131.98,D
49.883,-121.08528,348.94,0.44,0.38,2026-08-08,2042,N,VIIRS,n,2.0NRT,298.88,25.09,D
49.88364,-121.10013,335.14,0.44,0.38,2026-08-08,2042,N,VIIRS,n,2.0NRT,292.44,5.67,D
49.88412,-121.07948,367.0,0.44,0.38,2026-08-08,2042,N,VIIRS,h,2.0NRT,298.32,25.09,D
49.88484,-121.09401,328.48,0.44,0.38,2026-08-08,2042,N,VIIRS,n,2.0NRT,291.92,13.55,D
49.88522,-121.07376,355.71,0.44,0.38,2026-08-08,2042,N,VIIRS,n,2.0NRT,292.03,131.98,D
49.88598,-121.08815,352.24,0.44,0.38,2026-08-08,2042,N,VIIRS,n,2.0NRT,305.97,13.55,D
49.88629,-121.06819,338.45,0.44,0.38,2026-08-08,2042,N,VIIRS,n,2.0NRT,290.71,131.98,D
49.88644,-121.08678,348.71,0.44,0.38,2026-08-08,2042,N,VIIRS,n,2.0NRT,301.01,9.22,D
49.88712,-121.08231,334.47,0.44,0.38,2026-08-08,2042,N,VIIRS,n,2.0NRT,293.27,6.82,D
49.88755,-121.08095,330.51,0.44,0.38,2026-08-08,2042,N,VIIRS,n,2.0NRT,293.55,9.22,D
49.8894,-121.08973,339.6,0.44,0.38,2026-08-08,2042,N,VIIRS,n,2.0NRT,291.43,13.55,D
49.88985,-121.08836,337.2,0.44,0.38,2026-08-08,2042,N,VIIRS,n,2.0NRT,291.07,9.22,D
49.89053,-121.0839,346.46,0.44,0.38,2026-08-08,2042,N,VIIRS,n,2.0NRT,297.01,6.82,D
49.89096,-121.08255,348.6,0.44,0.38,2026-08-08,2042,N,VIIRS,n,2.0NRT,300.03,9.22,D
49.89164,-121.07822,339.82,0.44,0.38,2026-08-08,2042,N,VIIRS,n,2.0NRT,294.23,6.82,D
49.89205,-121.07689,328.44,0.44,0.38,2026-08-08,2042,N,VIIRS,n,2.0NRT,292.08,5.79,D
49.91991,-121.5367,336.92,0.45,0.39,2026-08-08,2042,N,VIIRS,n,2.0NRT,305.24,22.69,D
49.95431,-121.29327,328.19,0.44,0.38,2026-08-08,2042,N,VIIRS,n,2.0NRT,297.92,2.24,D
49.95628,-121.29623,330.78,0.44,0.38,2026-08-08,2042,N,VIIRS,n,2.0NRT,300.52,3.49,D
50.04305,-121.44128,325.74,0.44,0.39,2026-08-08,2042,N,VIIRS,l,2.0NRT,298.25,2.56,D
50.05053,-121.42257,331.54,0.44,0.39,2026-08-08,2042,N,VIIRS,n,2.0NRT,299.83,2.73,D
50.0511,-121.43858,326.46,0.44,0.39,2026-08-08,2042,N,VIIRS,l,2.0NRT,298.4,2.24,D
50.05244,-121.4318,325.78,0.44,0.39,2026-08-08,2042,N,VIIRS,l,2.0NRT,297.84,2.24,D
50.05579,-121.43387,332.22,0.44,0.39,2026-08-08,2042,N,VIIRS,n,2.0NRT,298.59,9.69,D
50.09183,-121.21237,331.32,0.44,0.38,2026-08-08,2042,N,VIIRS,n,2.0NRT,296.3,2.75,D
50.09301,-121.20632,333.45,0.44,0.38,2026-08-08,2042,N,VIIRS,n,2.0NRT,299.58,3.78,D
50.10449,-121.22391,327.03,0.44,0.38,2026-08-08,2042,N,VIIRS,l,2.0NRT,299.9,2.62,D
50.12016,-121.25825,334.94,0.44,0.38,2026-08-08,2042,N,VIIRS,l,2.0NRT,304.95,5.52,D
50.13068,-121.20407,339.0,0.44,0.38,2026-08-08,2042,N,VIIRS,n,2.0NRT,300.84,58.39,D
50.13176,-121.19849,367.0,0.44,0.38,2026-08-08,2042,N,VIIRS,h,2.0NRT,307.31,7.09,D
50.13287,-121.19279,350.29,0.44,0.38,2026-08-08,2042,N,VIIRS,n,2.0NRT,306.09,7.09,D
50.13304,-121.21109,367.0,0.44,0.38,2026-08-08,2042,N,VIIRS,l,2.0NRT,329.08,58.39,D
50.13397,-121.1871,352.51,0.44,0.38,2026-08-08,2042,N,VIIRS,n,2.0NRT,297.37,7.07,D
50.13405,-121.16749,352.06,0.44,0.38,2026-08-08,2042,N,VIIRS,n,2.0NRT,300.28,13.2,D
50.13412,-121.20552,335.42,0.44,0.38,2026-08-08,2042,N,VIIRS,n,2.0NRT,299.66,58.39,D
50.13505,-121.18153,339.36,0.44,0.38,2026-08-08,2042,N,VIIRS,n,2.0NRT,287.97,7.07,D
50.13521,-121.19992,341.15,0.44,0.38,2026-08-08,2042,N,VIIRS,n,2.0NRT,303.58,7.09,D
50.13618,-121.17567,342.65,0.44,0.38,2026-08-08,2042,N,VIIRS,n,2.0NRT,293.42,24.49,D
50.1363,-121.19425,338.97,0.44,0.38,2026-08-08,2042,N,VIIRS,n,2.0NRT,303.28,7.09,D
50.13736,-121.16958,355.8,0.44,0.38,2026-08-08,2042,N,VIIRS,n,2.0NRT,301.92,24.49,D
50.1374,-121.18859,337.76,0.44,0.38,2026-08-08,2042,N,VIIRS,n,2.0NRT,297.49,7.07,D
50.13847,-121.18306,349.48,0.44,0.38,2026-08-08,2042,N,VIIRS,n,2.0NRT,298.71,7.07,D
50.13855,-121.16344,347.67,0.44,0.38,2026-08-08,2042,N,VIIRS,n,2.0NRT,302.21,26.77,D
50.13955,-121.17746,348.95,0.44,0.38,2026-08-08,2042,N,VIIRS,n,2.0NRT,310.58,24.49,D
50.13969,-121.15754,342.6,0.44,0.38,2026-08-08,2042,N,VIIRS,l,2.0NRT,312.79,26.77,D
50.14069,-121.17159,353.13,0.44,0.38,2026-08-08,2042,N,VIIRS,n,2.0NRT,301.81,24.49,D
50.14081,-121.19016,337.33,0.44,0.38,2026-08-08,2042,N,VIIRS,n,2.0NRT,292.83,8.57,D
50.14186,-121.1655,353.83,0.44,0.38,2026-08-08,2042,N,VIIRS,n,2.0NRT,298.77,26.77,D
50.14189,-121.18459,348.59,0.44,0.38,2026-08-08,2042,N,VIIRS,n,2.0NRT,296.13,8.57,D
50.14297,-121.17902,352.42,0.44,0.38,2026-08-08,2042,N,VIIRS,n,2.0NRT,296.75,29.21,D
50.14406,-121.17338,350.61,0.44,0.38,2026-08-08,2042,N,VIIRS,n,2.0NRT,306.26,29.21,D
50.14518,-121.16758,334.06,0.44,0.38,2026-08-08,2042,N,VIIRS,n,2.0NRT,293.75,3.99,D
49.72721,-121.32471,335.9,0.74,0.76,2026-08-08,2222,N,VIIRS,n,2.0NRT,294.42,11.21,D
49.72767,-121.3419,337.73,0.74,0.76,2026-08-08,2222,N,VIIRS,n,2.0NRT,294.54,9.49,D
49.73254,-121.31878,367.0,0.74,0.76,2026-08-08,2222,N,VIIRS,h,2.0NRT,298.99,69.68,D
49.73304,-121.34164,354.6,0.74,0.76,2026-08-08,2222,N,VIIRS,n,2.0NRT,296.76,69.68,D
49.73416,-121.31536,367.0,0.74,0.76,2026-08-08,2222,N,VIIRS,h,2.0NRT,295.87,98.71,D
49.73449,-121.32786,354.28,0.74,0.76,2026-08-08,2222,N,VIIRS,n,2.0NRT,303.81,69.59,D
49.73546,-121.36423,367.0,0.74,0.76,2026-08-08,2222,N,VIIRS,h,2.0NRT,303.03,26.79,D
49.73926,-121.29807,341.56,0.74,0.76,2026-08-08,2222,N,VIIRS,n,2.0NRT,292.9,29.31,D
49.73943,-121.30536,367.0,0.74,0.76,2026-08-08,2222,N,VIIRS,h,2.0NRT,298.67,115.81,D
49.73958,-121.31189,367.0,0.74,0.76,2026-08-08,2222,N,VIIRS,h,2.0NRT,302.14,115.81,D
49.73973,-121.31847,350.46,0.74,0.76,2026-08-08,2222,N,VIIRS,n,2.0NRT,308.46,69.68,D
49.73993,-121.32701,340.84,0.74,0.76,2026-08-08,2222,N,VIIRS,n,2.0NRT,302.19,69.68,D
49.74036,-121.34695,356.11,0.74,0.76,2026-08-08,2222,N,VIIRS,n,2.0NRT,298.94,32.15,D
49.74054,-121.35522,367.0,0.74,0.76,2026-08-08,2222,N,VIIRS,h,2.0NRT,299.72,32.15,D
49.74068,-121.36121,367.0,0.74,0.76,2026-08-08,2222,N,VIIRS,h,2.0NRT,310.26,39.1,D
49.74081,-121.3667,356.27,0.74,0.76,2026-08-08,2222,N,VIIRS,n,2.0NRT,307.36,39.1,D
49.74086,-121.29665,367.0,0.74,0.76,2026-08-08,2222,N,VIIRS,h,2.0NRT,295.5,71.8,D
49.74108,-121.30476,349.79,0.74,0.76,2026-08-08,2222,N,VIIRS,n,2.0NRT,302.64,71.8,D
49.74126,-121.31161,367.0,0.74,0.76,2026-08-08,2222,N,VIIRS,h,2.0NRT,300.82,98.71,D
49.74143,-121.31801,353.49,0.74,0.76,2026-08-08,2222,N,VIIRS,n,2.0NRT,305.38,98.71,D
49.74161,-121.32476,347.96,0.74,0.76,2026-08-08,2222,N,VIIRS,n,2.0NRT,299.25,69.59,D
49.74195,-121.33749,342.65,0.74,0.76,2026-08-08,2222,N,VIIRS,n,2.0NRT,296.53,69.59,D
49.7424,-121.35457,367.0,0.74,0.76,2026-08-08,2222,N,VIIRS,h,2.0NRT,298.19,43.67,D
49.74255,-121.36041,367.0,0.74,0.76,2026-08-08,2222,N,VIIRS,h,2.0NRT,307.57,43.67,D
49.74269,-121.36588,367.0,0.74,0.76,2026-08-08,2222,N,VIIRS,h,2.0NRT,304.1,26.79,D
49.74611,-121.28218,339.81,0.74,0.76,2026-08-08,2222,N,VIIRS,n,2.0NRT,290.89,83.47,D
49.74655,-121.30223,367.0,0.74,0.76,2026-08-08,2222,N,VIIRS,h,2.0NRT,312.95,83.47,D
49.74673,-121.31004,346.7,0.74,0.76,2026-08-08,2222,N,VIIRS,n,2.0NRT,307.19,73.76,D
49.74687,-121.31636,343.42,0.74,0.76,2026-08-08,2222,N,VIIRS,n,2.0NRT,294.6,73.76,D
49.7476,-121.27897,330.93,0.74,0.76,2026-08-08,2222,N,VIIRS,n,2.0NRT,290.38,62.73,D
49.74816,-121.30027,367.0,0.74,0.76,2026-08-08,2222,N,VIIRS,h,2.0NRT,301.35,78.81,D
49.74838,-121.30856,347.98,0.74,0.76,2026-08-08,2222,N,VIIRS,n,2.0NRT,307.21,78.81,D
49.74856,-121.31513,367.0,0.74,0.76,2026-08-08,2222,N,VIIRS,h,2.0NRT,296.51,25.51,D
49.7535,-121.29095,341.46,0.74,0.76,2026-08-08,2222,N,VIIRS,n,2.0NRT,289.44,83.47,D
49.75376,-121.30276,367.0,0.74,0.76,2026-08-08,2222,N,VIIRS,h,2.0NRT,299.27,83.47,D
49.75393,-121.31035,353.8,0.74,0.76,2026-08-08,2222,N,VIIRS,n,2.0NRT,298.55,73.76,D
49.75537,-121.30051,367.0,0.74,0.76,2026-08-08,2222,N,VIIRS,h,2.0NRT,293.03,78.81,D
49.75558,-121.30859,354.03,0.74,0.76,2026-08-08,2222,N,VIIRS,n,2.0NRT,300.09,78.81,D
49.75576,-121.31539,329.84,0.74,0.76,2026-08-08,2222,N,VIIRS,n,2.0NRT,293.69,25.51,D
49.75797,-121.40116,327.98,0.73,0.76,2026-08-08,2222,N,VIIRS,n,2.0NRT,297.69,5.48,D
49.76199,-121.27766,367.0,0.75,0.77,2026-08-08,2222,N,VIIRS,h,2.0NRT,294.1,75.55,D
49.76235,-121.2916,208.0,0.74,0.76,2026-08-08,2222,N,VIIRS,l,2.0NRT,306.91,75.55,D
49.76278,-121.30808,325.45,0.74,0.76,2026-08-08,2222,N,VIIRS,n,2.0NRT,294.95,37.94,D
49.76519,-121.40291,332.41,0.73,0.76,2026-08-08,2222,N,VIIRS,n,2.0NRT,295.47,6.32,D
49.76556,-121.41785,325.45,0.73,0.76,2026-08-08,2222,N,VIIRS,n,2.0NRT,297.17,5.11,D
49.76933,-121.28268,346.47,0.75,0.77,2026-08-08,2222,N,VIIRS,n,2.0NRT,288.26,75.55,D
49.76954,-121.29131,367.0,0.74,0.76,2026-08-08,2222,N,VIIRS,h,2.0NRT,290.08,75.55,D
49.77174,-121.37752,343.97,0.74,0.76,2026-08-08,2222,N,VIIRS,n,2.0NRT,297.89,6.32,D
49.77991,-121.41841,329.64,0.73,0.76,2026-08-08,2222,N,VIIRS,n,2.0NRT,294.97,4.66,D
49.8113,-121.2305,346.75,0.75,0.77,2026-08-08,2222,N,VIIRS,n,2.0NRT,290.97,22.64,D
49.81145,-121.23637,367.0,0.75,0.77,2026-08-08,2222,N,VIIRS,h,2.0NRT,293.62,14.71,D
49.81161,-121.24321,345.28,0.75,0.77,2026-08-08,2222,N,VIIRS,n,2.0NRT,292.35,14.71,D
49.81209,-121.2308,347.01,0.75,0.77,2026-08-08,2222,N,VIIRS,n,2.0NRT,291.17,16.72,D
49.81225,-121.23668,367.0,0.75,0.77,2026-08-08,2222,N,VIIRS,h,2.0NRT,293.32,16.72,D
49.81244,-121.24328,344.09,0.75,0.77,2026-08-08,2222,N,VIIRS,n,2.0NRT,292.26,12.25,D
49.8317,-121.17776,367.0,0.75,0.77,2026-08-08,2222,N,VIIRS,h,2.0NRT,312.55,176.15,D
49.83183,-121.16215,329.2,0.76,0.77,2026-08-08,2222,N,VIIRS,n,2.0NRT,286.89,146.19,D
49.83192,-121.18712,269.52,0.75,0.77,2026-08-08,2222,N,VIIRS,l,2.0NRT,303.82,176.15,D
49.83206,-121.19258,336.26,0.75,0.77,2026-08-08,2222,N,VIIRS,n,2.0NRT,289.59,46.57,D
49.83226,-121.17743,367.0,0.75,0.77,2026-08-08,2222,N,VIIRS,h,2.0NRT,315.74,146.19,D
49.8324,-121.20646,367.0,0.75,0.77,2026-08-08,2222,N,VIIRS,h,2.0NRT,295.05,15.34,D
49.83254,-121.18723,208.0,0.75,0.77,2026-08-08,2222,N,VIIRS,l,2.0NRT,314.58,160.44,D
49.83269,-121.19257,350.93,0.75,0.77,2026-08-08,2222,N,VIIRS,n,2.0NRT,291.77,160.44,D
49.83309,-121.20672,367.0,0.75,0.77,2026-08-08,2222,N,VIIRS,h,2.0NRT,294.65,43.66,D
49.83623,-121.32061,336.06,0.74,0.76,2026-08-08,2222,N,VIIRS,n,2.0NRT,294.07,16.23,D
49.83654,-121.33226,367.0,0.74,0.76,2026-08-08,2222,N,VIIRS,h,2.0NRT,294.91,16.23,D
49.83841,-121.15539,326.41,0.75,0.77,2026-08-08,2222,N,VIIRS,n,2.0NRT,288.15,143.62,D
49.83871,-121.16817,367.0,0.75,0.77,2026-08-08,2222,N,VIIRS,h,2.0NRT,290.93,176.15,D
49.83888,-121.15526,325.17,0.76,0.77,2026-08-08,2222,N,VIIRS,n,2.0NRT,287.72,146.19,D
49.83904,-121.18219,208.0,0.75,0.77,2026-08-08,2222,N,VIIRS,l,2.0NRT,300.93,176.15,D
49.83923,-121.19007,367.0,0.75,0.77,2026-08-08,2222,N,VIIRS,h,2.0NRT,293.25,46.57,D
49.83924,-121.16799,356.93,0.75,0.77,2026-08-08,2222,N,VIIRS,l,2.0NRT,288.82,146.19,D
49.83985,-121.18982,341.38,0.75,0.77,2026-08-08,2222,N,VIIRS,n,2.0NRT,290.85,160.44,D
49.83987,-121.21634,338.35,0.75,0.77,2026-08-08,2222,N,VIIRS,n,2.0NRT,296.03,15.34,D
49.84058,-121.21591,334.21,0.75,0.77,2026-08-08,2222,N,VIIRS,n,2.0NRT,295.24,9.59,D
49.84088,-121.22683,325.91,0.75,0.77,2026-08-08,2222,N,VIIRS,n,2.0NRT,292.75,9.59,D
49.84255,-121.3326,348.5,0.74,0.76,2026-08-08,2222,N,VIIRS,n,2.0NRT,300.61,44.41,D
49.84355,-121.32513,343.54,0.74,0.76,2026-08-08,2222,N,VIIRS,n,2.0NRT,292.84,16.23,D
49.84376,-121.33295,356.37,0.74,0.76,2026-08-08,2222,N,VIIRS,n,2.0NRT,298.38,16.23,D
49.84735,-121.19913,325.03,0.75,0.77,2026-08-08,2222,N,VIIRS,n,2.0NRT,294.1,9.17,D
49.85384,-121.19555,351.44,0.75,0.77,2026-08-08,2222,N,VIIRS,n,2.0NRT,296.42,13.44,D
49.85449,-121.19574,348.0,0.75,0.77,2026-08-08,2222,N,VIIRS,n,2.0NRT,295.14,9.17,D
49.85941,-121.44507,341.76,0.73,0.76,2026-08-08,2222,N,VIIRS,n,2.0NRT,298.05,9.52,D
49.86106,-121.44564,346.57,0.73,0.76,2026-08-08,2222,N,VIIRS,n,2.0NRT,297.59,8.83,D
49.8622,-121.21349,351.14,0.75,0.77,2026-08-08,2222,N,VIIRS,n,2.0NRT,293.7,11.52,D
49.86623,-121.09579,367.0,0.76,0.77,2026-08-08,2222,N,VIIRS,h,2.0NRT,295.75,34.6,D
49.86653,-121.10671,342.81,0.76,0.77,2026-08-08,2222,N,VIIRS,n,2.0NRT,292.34,26.99,D
49.86679,-121.11625,367.0,0.76,0.77,2026-08-08,2222,N,VIIRS,h,2.0NRT,294.1,26.99,D
49.86705,-121.12536,347.8,0.76,0.77,2026-08-08,2222,N,VIIRS,n,2.0NRT,292.54,29.04,D
49.86733,-121.13555,339.82,0.76,0.77,2026-08-08,2222,N,VIIRS,n,2.0NRT,294.1,29.04,D
49.86765,-121.14724,367.0,0.76,0.77,2026-08-08,2222,N,VIIRS,h,2.0NRT,299.8,113.56,D
49.86792,-121.15743,352.31,0.75,0.77,2026-08-08,2222,N,VIIRS,n,2.0NRT,300.59,113.56,D
49.86821,-121.1683,354.09,0.75,0.77,2026-08-08,2222,N,VIIRS,n,2.0NRT,294.56,55.83,D
49.86958,-121.50105,326.09,0.73,0.76,2026-08-08,2222,N,VIIRS,n,2.0NRT,297.31,106.7,D
49.86976,-121.50856,346.22,0.73,0.76,2026-08-08,2222,N,VIIRS,n,2.0NRT,306.42,106.7,D
49.8699,-121.51407,335.38,0.73,0.76,2026-08-08,2222,N,VIIRS,n,2.0NRT,304.37,121.71,D
49.87312,-121.082,329.8,0.76,0.77,2026-08-08,2222,N,VIIRS,n,2.0NRT,290.1,25.01,D
49.87348,-121.0954,347.96,0.76,0.77,2026-08-08,2222,N,VIIRS,n,2.0NRT,293.21,25.01,D
49.87376,-121.10576,330.42,0.76,0.77,2026-08-08,2222,N,VIIRS,n,2.0NRT,291.5,15.1,D
49.87517,-121.15771,367.0,0.75,0.77,2026-08-08,2222,N,VIIRS,h,2.0NRT,297.47,174.93,D
49.87554,-121.17152,367.0,0.75,0.77,2026-08-08,2222,N,VIIRS,l,2.0NRT,325.47,180.42,D
49.87585,-121.1833,356.49,0.75,0.77,2026-08-08,2222,N,VIIRS,n,2.0NRT,295.17,180.42,D
49.87679,-121.50391,367.0,0.73,0.76,2026-08-08,2222,N,VIIRS,h,2.0NRT,303.54,106.7,D
49.87698,-121.51185,367.0,0.73,0.76,2026-08-08,2222,N,VIIRS,l,2.0NRT,326.98,106.7,D
49.87712,-121.51737,367.0,0.73,0.76,2026-08-08,2222,N,VIIRS,l,2.0NRT,339.75,121.71,D
49.87725,-121.52285,342.17,0.73,0.76,2026-08-08,2222,N,VIIRS,n,2.0NRT,296.54,121.71,D
49.87949,-121.04946,367.0,0.76,0.77,2026-08-08,2222,N,VIIRS,h,2.0NRT,290.77,146.98,D
49.87993,-121.06548,344.15,0.76,0.77,2026-08-08,2222,N,VIIRS,n,2.0NRT,311.71,146.98,D
49.88034,-121.08076,344.37,0.76,0.77,2026-08-08,2222,N,VIIRS,n,2.0NRT,290.67,25.01,D
49.88072,-121.09464,340.27,0.76,0.77,2026-08-08,2222,N,VIIRS,n,2.0NRT,290.8,25.01,D
49.88095,-121.10323,352.13,0.76,0.77,2026-08-08,2222,N,VIIRS,n,2.0NRT,291.45,15.1,D
49.8822,-121.14964,326.43,0.76,0.77,2026-08-08,2222,N,VIIRS,n,2.0NRT,291.4,174.93,D
49.88253,-121.1621,367.0,0.75,0.77,2026-08-08,2222,N,VIIRS,h,2.0NRT,297.48,174.93,D
49.88286,-121.17461,208.0,0.75,0.77,2026-08-08,2222,N,VIIRS,l,2.0NRT,298.76,180.42,D
49.88392,-121.50282,342.09,0.73,0.76,2026-08-08,2222,N,VIIRS,n,2.0NRT,290.26,19.58,D
49.8842,-121.51478,367.0,0.73,0.76,2026-08-08,2222,N,VIIRS,h,2.0NRT,294.57,19.58,D
49.88674,-121.04836,330.08,0.76,0.77,2026-08-08,2222,N,VIIRS,n,2.0NRT,285.1,12.08,D
49.88714,-121.06303,342.89,0.76,0.77,2026-08-08,2222,N,VIIRS,n,2.0NRT,285.2,12.08,D
49.88762,-121.08133,336.04,0.76,0.77,2026-08-08,2222,N,VIIRS,n,2.0NRT,287.17,14.52,D
49.93563,-121.26217,335.07,0.75,0.77,2026-08-08,2222,N,VIIRS,n,2.0NRT,292.66,9.26,D
49.93729,-121.26617,337.29,0.75,0.77,2026-08-08,2222,N,VIIRS,n,2.0NRT,292.8,7.64,D
50.04912,-121.42316,340.9,0.73,0.76,2026-08-08,2222,N,VIIRS,n,2.0NRT,294.7,28.8,D
50.04937,-121.43359,367.0,0.73,0.76,2026-08-08,2222,N,VIIRS,h,2.0NRT,302.8,22.06,D
50.04951,-121.43999,329.9,0.73,0.76,2026-08-08,2222,N,VIIRS,n,2.0NRT,295.92,22.06,D
50.0507,-121.42265,343.65,0.73,0.76,2026-08-08,2222,N,VIIRS,n,2.0NRT,294.79,14.64,D
50.05084,-121.42786,328.38,0.73,0.76,2026-08-08,2222,N,VIIRS,n,2.0NRT,294.75,51.18,D
50.05098,-121.43308,356.21,0.73,0.76,2026-08-08,2222,N,VIIRS,n,2.0NRT,311.06,51.18,D
50.05114,-121.43941,341.01,0.73,0.76,2026-08-08,2222,N,VIIRS,n,2.0NRT,297.13,37.7,D
50.05639,-121.4269,327.5,0.73,0.76,2026-08-08,2222,N,VIIRS,n,2.0NRT,293.27,37.81,D
50.05651,-121.43239,367.0,0.73,0.76,2026-08-08,2222,N,VIIRS,h,2.0NRT,302.1,63.13,D
50.05812,-121.43192,367.0,0.73,0.76,2026-08-08,2222,N,VIIRS,h,2.0NRT,294.25,23.65,D
50.09512,-121.19633,341.35,0.75,0.77,2026-08-08,2222,N,VIIRS,n,2.0NRT,290.57,12.64,D
50.09666,-121.20735,330.52,0.75,0.77,2026-08-08,2222,N,VIIRS,n,2.0NRT,290.8,8.06,D
50.11842,-121.25913,336.25,0.75,0.77,2026-08-08,2222,N,VIIRS,n,2.0NRT,294.25,7.25,D
50.12664,-121.24297,331.1,0.75,0.77,2026-08-08,2222,N,VIIRS,n,2.0NRT,293.93,8.32,D
50.13044,-121.16308,367.0,0.75,0.77,2026-08-08,2222,N,VIIRS,h,2.0NRT,295.92,52.55,D
50.13064,-121.17113,354.69,0.75,0.77,2026-08-08,2222,N,VIIRS,n,2.0NRT,296.6,37.47,D
50.13141,-121.15909,367.0,0.76,0.77,2026-08-08,2222,N,VIIRS,h,2.0NRT,292.82,50.26,D
50.13169,-121.16869,355.31,0.75,0.77,2026-08-08,2222,N,VIIRS,n,2.0NRT,302.98,50.26,D
50.13192,-121.17616,339.53,0.75,0.77,2026-08-08,2222,N,VIIRS,n,2.0NRT,292.46,21.73,D
50.1325,-121.24565,339.73,0.75,0.77,2026-08-08,2222,N,VIIRS,n,2.0NRT,290.75,9.35,D
50.13755,-121.15778,355.85,0.75,0.77,2026-08-08,2222,N,VIIRS,n,2.0NRT,291.2,44.89,D
50.13779,-121.16706,367.0,0.75,0.77,2026-08-08,2222,N,VIIRS,h,2.0NRT,296.53,19.37,D
50.138,-121.17577,346.05,0.75,0.77,2026-08-08,2222,N,VIIRS,n,2.0NRT,292.11,19.37,D
50.13881,-121.16438,367.0,0.75,0.77,2026-08-08,2222,N,VIIRS,h,2.0NRT,294.96,35.16,D
50.13906,-121.17273,345.0,0.75,0.77,2026-08-08,2222,N,VIIRS,n,2.0NRT,292.42,19.07,D
50.1449,-121.16201,337.57,0.75,0.77,2026-08-08,2222,N,VIIRS,n,2.0NRT,290.46,19.37,D
49.72514,-121.31894,331.02,0.42,0.37,2026-08-09,1036,N,VIIRS,n,2.0NRT,287.5,3.22,N
49.72626,-121.32487,331.88,0.42,0.37,2026-08-09,1036,N,VIIRS,n,2.0NRT,290.55,3.55,N
49.72741,-121.33088,325.74,0.42,0.37,2026-08-09,1036,N,VIIRS,n,2.0NRT,289.42,3.55,N
49.72837,-121.31689,326.47,0.42,0.37,2026-08-09,1036,N,VIIRS,n,2.0NRT,289.84,1.85,N
49.72852,-121.33672,310.73,0.42,0.37,2026-08-09,1036,N,VIIRS,n,2.0NRT,286.1,2.58,N
49.72948,-121.32276,329.82,0.42,0.37,2026-08-09,1036,N,VIIRS,n,2.0NRT,292.02,3.89,N
49.72958,-121.3423,323.34,0.42,0.37,2026-08-09,1036,N,VIIRS,n,2.0NRT,285.85,2.58,N
49.73054,-121.34743,339.53,0.42,0.37,2026-08-09,1036,N,VIIRS,n,2.0NRT,288.04,10.47,N
49.73061,-121.32868,321.67,0.42,0.37,2026-08-09,1036,N,VIIRS,n,2.0NRT,290.92,3.89,N
49.73166,-121.31513,305.74,0.42,0.37,2026-08-09,1036,N,VIIRS,n,2.0NRT,286.04,1.85,N
49.73177,-121.33477,316.96,0.42,0.37,2026-08-09,1036,N,VIIRS,n,2.0NRT,288.58,2.0,N
49.73273,-121.32081,349.24,0.42,0.37,2026-08-09,1036,N,VIIRS,n,2.0NRT,292.22,3.89,N
49.73286,-121.34054,328.27,0.42,0.37,2026-08-09,1036,N,VIIRS,n,2.0NRT,291.57,2.0,N
49.73383,-121.32656,325.61,0.42,0.37,2026-08-09,1036,N,VIIRS,n,2.0NRT,290.7,3.89,N
49.73388,-121.34589,345.24,0.42,0.37,2026-08-09,1036,N,VIIRS,n,2.0NRT,299.07,11.87,N
49.73496,-121.33253,313.5,0.42,0.37,2026-08-09,1036,N,VIIRS,n,2.0NRT,288.88,2.0,N
49.73501,-121.3137,326.67,0.42,0.37,2026-08-09,1036,N,VIIRS,n,2.0NRT,288.44,3.82,N
49.73602,-121.31902,327.57,0.42,0.37,2026-08-09,1036,N,VIIRS,n,2.0NRT,290.35,2.32,N
49.7361,-121.33853,308.05,0.42,0.37,2026-08-09,1036,N,VIIRS,n,2.0NRT,287.97,2.0,N
49.73654,-121.37928,337.25,0.42,0.37,2026-08-09,1036,N,VIIRS,n,2.0NRT,291.05,5.14,N
49.73709,-121.32466,329.15,0.42,0.37,2026-08-09,1036,N,VIIRS,n,2.0NRT,291.41,2.32,N
49.73719,-121.34425,345.97,0.42,0.37,2026-08-09,1036,N,VIIRS,n,2.0NRT,294.57,11.87,N
49.73768,-121.38531,322.97,0.42,0.37,2026-08-09,1036,N,VIIRS,n,2.0NRT,288.51,5.14,N
49.73776,-121.36655,317.69,0.42,0.37,2026-08-09,1036,N,VIIRS,n,2.0NRT,286.6,4.66,N
49.73816,-121.33033,311.27,0.42,0.37,2026-08-09,1036,N,VIIRS,n,2.0NRT,288.93,1.99,N
49.73821,-121.34969,313.01,0.42,0.37,2026-08-09,1036,N,VIIRS,n,2.0NRT,286.75,11.87,N
49.73842,-121.31249,338.95,0.42,0.37,2026-08-09,1036,N,VIIRS,n,2.0NRT,291.51,3.82,N
49.73921,-121.355,328.38,0.42,0.37,2026-08-09,1036,N,VIIRS,n,2.0NRT,289.43,7.38,N
49.73943,-121.31783,317.15,0.42,0.37,2026-08-09,1036,N,VIIRS,n,2.0NRT,290.35,2.32,N
49.73983,-121.37757,329.36,0.42,0.37,2026-08-09,1036,N,VIIRS,n,2.0NRT,288.53,1.83,N
49.74019,-121.36019,355.36,0.42,0.37,2026-08-09,1036,N,VIIRS,n,2.0NRT,294.66,7.38,N
49.74045,-121.34239,319.57,0.42,0.37,2026-08-09,1036,N,VIIRS,n,2.0NRT,288.74,1.55,N
49.74046,-121.3233,311.89,0.42,0.37,2026-08-09,1036,N,VIIRS,n,2.0NRT,289.66,2.32,N
49.74085,-121.30618,346.55,0.42,0.37,2026-08-09,1036,N,VIIRS,n,2.0NRT,290.36,3.08,N
49.74097,-121.38354,318.3,0.42,0.37,2026-08-09,1036,N,VIIRS,n,2.0NRT,290.92,1.83,N
49.74115,-121.36532,338.0,0.42,0.37,2026-08-09,1036,N,VIIRS,n,2.0NRT,291.83,4.66,N
49.74149,-121.32879,310.97,0.42,0.37,2026-08-09,1036,N,VIIRS,n,2.0NRT,289.9,1.99,N
49.74155,-121.34818,309.72,0.42,0.37,2026-08-09,1036,N,VIIRS,n,2.0NRT,288.68,1.55,N
49.74187,-121.31156,327.45,0.42,0.37,2026-08-09,1036,N,VIIRS,n,2.0NRT,290.63,3.08,N
49.74213,-121.38966,337.01,0.42,0.37,2026-08-09,1036,N,VIIRS,n,2.0NRT,290.9,3.1,N
49.74261,-121.35384,301.2,0.42,0.37,2026-08-09,1036,N,VIIRS,n,2.0NRT,287.45,0.52,N
49.74288,-121.31689,301.72,0.42,0.37,2026-08-09,1036,N,VIIRS,n,2.0NRT,287.93,0.7,N
49.74326,-121.3956,322.84,0.42,0.37,2026-08-09,1036,N,VIIRS,n,2.0NRT,286.73,3.1,N
49.7436,-121.35908,298.45,0.42,0.37,2026-08-09,1036,N,VIIRS,n,2.0NRT,287.63,0.52,N
49.74387,-121.32215,300.57,0.42,0.37,2026-08-09,1036,N,VIIRS,n,2.0NRT,287.91,0.7,N
49.74424,-121.38172,306.69,0.42,0.37,2026-08-09,1036,N,VIIRS,n,2.0NRT,288.77,1.83,N
49.7443,-121.3052,330.97,0.42,0.37,2026-08-09,1036,N,VIIRS,n,2.0NRT,289.78,3.08,N
49.74532,-121.31059,307.16,0.42,0.37,2026-08-09,1036,N,VIIRS,n,2.0NRT,286.39,3.08,N
49.74543,-121.38795,312.28,0.42,0.37,2026-08-09,1036,N,VIIRS,n,2.0NRT,289.87,3.1,N
49.74632,-121.31588,302.88,0.42,0.37,2026-08-09,1036,N,VIIRS,n,2.0NRT,286.58,0.7,N
49.74657,-121.39397,338.77,0.42,0.37,2026-08-09,1036,N,VIIRS,n,2.0NRT,290.31,3.1,N
49.74664,-121.29836,306.12,0.42,0.37,2026-08-09,1036,N,VIIRS,n,2.0NRT,283.6,1.11,N
49.74696,-121.33852,299.65,0.42,0.37,2026-08-09,1036,N,VIIRS,n,2.0NRT,287.09,0.51,N
49.7477,-121.30399,341.12,0.42,0.37,2026-08-09,1036,N,VIIRS,n,2.0NRT,289.19,4.19,N
49.74871,-121.30936,315.8,0.42,0.37,2026-08-09,1036,N,VIIRS,n,2.0NRT,286.91,4.19,N
49.74872,-121.38625,304.25,0.42,0.37,2026-08-09,1036,N,VIIRS,n,2.0NRT,288.79,1.93,N
49.74971,-121.31462,320.52,0.42,0.37,2026-08-09,1036,N,VIIRS,n,2.0NRT,289.1,1.76,N
49.74987,-121.39233,326.26,0.42,0.37,2026-08-09,1036,N,VIIRS,n,2.0NRT,290.8,1.93,N
49.75068,-121.31983,299.18,0.42,0.37,2026-08-09,1036,N,VIIRS,n,2.0NRT,286.75,1.76,N
49.75095,-121.39806,334.87,0.41,0.37,2026-08-09,1036,N,VIIRS,n,2.0NRT,287.93,6.54,N
49.75105,-121.30256,351.2,0.42,0.37,2026-08-09,1036,N,VIIRS,n,2.0NRT,293.91,4.19,N
49.75208,-121.30797,314.91,0.42,0.37,2026-08-09,1036,N,VIIRS,n,2.0NRT,288.14,4.19,N
49.75307,-121.31327,321.68,0.42,0.37,2026-08-09,1036,N,VIIRS,n,2.0NRT,289.62,1.76,N
49.75334,-121.29546,315.47,0.42,0.37,2026-08-09,1036,N,VIIRS,n,2.0NRT,285.06,4.47,N
49.75428,-121.39649,349.8,0.41,0.37,2026-08-09,1036,N,VIIRS,n,2.0NRT,293.27,6.54,N
49.7544,-121.30112,330.05,0.42,0.37,2026-08-09,1036,N,VIIRS,n,2.0NRT,288.92,3.73,N
49.75544,-121.30656,319.04,0.42,0.37,2026-08-09,1036,N,VIIRS,n,2.0NRT,287.25,3.73,N
49.75643,-121.31187,331.74,0.42,0.37,2026-08-09,1036,N,VIIRS,n,2.0NRT,289.47,2.67,N
49.7567,-121.29407,335.09,0.42,0.37,2026-08-09,1036,N,VIIRS,n,2.0NRT,289.39,4.47,N
49.75742,-121.31712,303.9,0.42,0.37,2026-08-09,1036,N,VIIRS,n,2.0NRT,286.44,2.67,N
49.7576,-121.39494,318.6,0.41,0.37,2026-08-09,1036,N,VIIRS,n,2.0NRT,287.29,1.11,N
49.75776,-121.29969,340.04,0.42,0.37,2026-08-09,1036,N,VIIRS,n,2.0NRT,291.48,3.73,N
49.75867,-121.40063,302.87,0.41,0.37,2026-08-09,1036,N,VIIRS,n,2.0NRT,286.08,1.11,N
49.75879,-121.30516,311.87,0.42,0.37,2026-08-09,1036,N,VIIRS,n,2.0NRT,285.56,3.73,N
49.75969,-121.40603,318.72,0.41,0.37,2026-08-09,1036,N,VIIRS,n,2.0NRT,286.8,1.85,N
49.75979,-121.31046,333.36,0.42,0.37,2026-08-09,1036,N,VIIRS,n,2.0NRT,292.17,2.67,N
49.76007,-121.2927,335.52,0.42,0.37,2026-08-09,1036,N,VIIRS,n,2.0NRT,288.65,2.23,N
49.76078,-121.31572,322.26,0.42,0.37,2026-08-09,1036,N,VIIRS,n,2.0NRT,289.5,2.67,N
49.76112,-121.29825,306.84,0.42,0.37,2026-08-09,1036,N,VIIRS,n,2.0NRT,285.57,1.01,N
49.76215,-121.30373,300.41,0.42,0.37,2026-08-09,1036,N,VIIRS,n,2.0NRT,284.35,1.01,N
49.76309,-121.40486,317.39,0.41,0.37,2026-08-09,1036,N,VIIRS,n,2.0NRT,287.69,1.85,N
49.76315,-121.30904,324.08,0.42,0.37,2026-08-09,1036,N,VIIRS,n,2.0NRT,289.83,1.48,N
49.76343,-121.29134,306.19,0.42,0.37,2026-08-09,1036,N,VIIRS,n,2.0NRT,283.73,2.23,N
49.76415,-121.31436,304.49,0.42,0.37,2026-08-09,1036,N,VIIRS,n,2.0NRT,285.79,1.48,N
49.76611,-121.42094,313.24,0.41,0.37,2026-08-09,1036,N,VIIRS,n,2.0NRT,286.61,0.97,N
49.76647,-121.40358,326.06,0.41,0.37,2026-08-09,1036,N,VIIRS,n,2.0NRT,290.57,1.4,N
49.76649,-121.30753,302.42,0.42,0.37,2026-08-09,1036,N,VIIRS,n,2.0NRT,286.41,1.48,N
49.76678,-121.28989,309.44,0.42,0.37,2026-08-09,1036,N,VIIRS,n,2.0NRT,285.58,1.03,N
49.76712,-121.42632,314.37,0.41,0.37,2026-08-09,1036,N,VIIRS,n,2.0NRT,287.74,1.76,N
49.76752,-121.40921,309.15,0.41,0.37,2026-08-09,1036,N,VIIRS,n,2.0NRT,285.39,1.4,N
49.7678,-121.29524,296.32,0.42,0.37,2026-08-09,1036,N,VIIRS,n,2.0NRT,284.13,0.88,N
49.76984,-121.40227,300.87,0.41,0.37,2026-08-09,1036,N,VIIRS,n,2.0NRT,287.23,1.4,N
49.77094,-121.40811,311.55,0.41,0.37,2026-08-09,1036,N,VIIRS,n,2.0NRT,285.93,1.4,N
49.77212,-121.29897,309.52,0.42,0.37,2026-08-09,1036,N,VIIRS,n,2.0NRT,286.64,0.88,N
49.77432,-121.40685,302.99,0.41,0.37,2026-08-09,1036,N,VIIRS,n,2.0NRT,285.01,0.29,N
49.77637,-121.41779,340.24,0.41,0.37,2026-08-09,1036,N,VIIRS,n,2.0NRT,287.4,3.06,N
49.77735,-121.42304,309.29,0.41,0.37,2026-08-09,1036,N,VIIRS,n,2.0NRT,287.27,1.96,N
49.77975,-121.41656,326.35,0.41,0.37,2026-08-09,1036,N,VIIRS,n,2.0NRT,289.77,3.06,N
49.78073,-121.42179,307.58,0.41,0.37,2026-08-09,1036,N,VIIRS,n,2.0NRT,288.16,1.96,N
49.78105,-121.40421,301.9,0.41,0.37,2026-08-09,1036,N,VIIRS,n,2.0NRT,283.71,0.73,N
49.78172,-121.42705,329.72,0.41,0.37,2026-08-09,1036,N,VIIRS,n,2.0NRT,288.69,1.96,N
49.78211,-121.40989,331.16,0.41,0.37,2026-08-09,1036,N,VIIRS,n,2.0NRT,286.88,1.51,N
49.78312,-121.41526,305.86,0.41,0.37,2026-08-09,1036,N,VIIRS,n,2.0NRT,287.15,1.51,N
49.7841,-121.4205,302.27,0.41,0.37,2026-08-09,1036,N,VIIRS,n,2.0NRT,287.09,1.13,N
49.7851,-121.42579,319.84,0.41,0.37,2026-08-09,1036,N,VIIRS,n,2.0NRT,288.34,1.13,N
49.78547,-121.4085,301.37,0.41,0.37,2026-08-09,1036,N,VIIRS,n,2.0NRT,285.11,1.51,N
49.78747,-121.4192,300.64,0.41,0.37,2026-08-09,1036,N,VIIRS,n,2.0NRT,286.53,1.13,N
49.78798,-121.26768,302.62,0.42,0.37,2026-08-09,1036,N,VIIRS,n,2.0NRT,283.8,0.71,N
49.78898,-121.27301,296.9,0.42,0.37,2026-08-09,1036,N,VIIRS,n,2.0NRT,282.52,0.57,N
49.78985,-121.4126,296.49,0.41,0.37,2026-08-09,1036,N,VIIRS,n,2.0NRT,284.79,0.42,N
49.79002,-121.27849,298.33,0.42,0.37,2026-08-09,1036,N,VIIRS,n,2.0NRT,283.92,0.57,N
49.79083,-121.41783,300.11,0.41,0.37,2026-08-09,1036,N,VIIRS,n,2.0NRT,286.45,0.63,N
49.79135,-121.26637,311.13,0.42,0.37,2026-08-09,1036,N,VIIRS,n,2.0NRT,284.81,0.94,N
49.79235,-121.27164,316.36,0.42,0.37,2026-08-09,1036,N,VIIRS,n,2.0NRT,286.85,1.56,N
49.79473,-121.26506,300.75,0.42,0.37,2026-08-09,1036,N,VIIRS,n,2.0NRT,284.48,0.94,N
49.79572,-121.27029,299.26,0.42,0.37,2026-08-09,1036,N,VIIRS,n,2.0NRT,284.59,1.56,N
49.7981,-121.26369,300.43,0.42,0.37,2026-08-09,1036,N,VIIRS,n,2.0NRT,284.14,1.06,N
49.80009,-121.27428,312.61,0.42,0.37,2026-08-09,1036,N,VIIRS,n,2.0NRT,285.68,1.34,N
49.80346,-121.27295,304.1,0.42,0.37,2026-08-09,1036,N,VIIRS,n,2.0NRT,285.56,1.34,N
49.80624,-121.2299,306.69,0.42,0.38,2026-08-09,1036,N,VIIRS,n,2.0NRT,283.56,2.63,N
49.80724,-121.23516,337.26,0.42,0.38,2026-08-09,1036,N,VIIRS,n,2.0NRT,287.14,2.63,N
49.80821,-121.22749,307.95,0.42,0.38,2026-08-09,1036,N,VIIRS,n,2.0NRT,283.55,1.43,N
49.80825,-121.24055,309.02,0.42,0.37,2026-08-09,1036,N,VIIRS,n,2.0NRT,282.81,2.1,N
49.80919,-121.2327,339.15,0.42,0.37,2026-08-09,1036,N,VIIRS,n,2.0NRT,290.93,2.53,N
49.80964,-121.22873,320.86,0.42,0.38,2026-08-09,1036,N,VIIRS,n,2.0NRT,285.96,2.63,N
49.8097,-121.5189,310.04,0.41,0.37,2026-08-09,1036,N,VIIRS,n,2.0NRT,283.55,1.2,N
49.81018,-121.23794,335.7,0.42,0.37,2026-08-09,1036,N,VIIRS,n,2.0NRT,290.09,2.53,N
49.81062,-121.2339,321.2,0.42,0.38,2026-08-09,1036,N,VIIRS,n,2.0NRT,288.45,2.63,N
49.81119,-121.24325,312.21,0.42,0.37,2026-08-09,1036,N,VIIRS,n,2.0NRT,283.45,1.25,N
49.81161,-121.23912,328.36,0.42,0.37,2026-08-09,1036,N,VIIRS,n,2.0NRT,289.62,2.1,N
49.81222,-121.49374,302.87,0.41,0.37,2026-08-09,1036,N,VIIRS,n,2.0NRT,285.06,1.27,N
49.8126,-121.2315,308.87,0.42,0.37,2026-08-09,1036,N,VIIRS,n,2.0NRT,284.98,2.53,N
49.81261,-121.24446,313.67,0.42,0.37,2026-08-09,1036,N,VIIRS,n,2.0NRT,283.22,2.1,N
49.81303,-121.5174,313.34,0.41,0.37,2026-08-09,1036,N,VIIRS,n,2.0NRT,285.8,1.2,N
49.81321,-121.49907,309.23,0.41,0.37,2026-08-09,1036,N,VIIRS,n,2.0NRT,285.88,1.27,N
49.81358,-121.23669,298.64,0.42,0.37,2026-08-09,1036,N,VIIRS,n,2.0NRT,284.9,2.53,N
49.81457,-121.24192,304.59,0.42,0.37,2026-08-09,1036,N,VIIRS,n,2.0NRT,285.09,1.25,N
49.81559,-121.24732,306.92,0.42,0.37,2026-08-09,1036,N,VIIRS,n,2.0NRT,284.64,1.25,N
49.81648,-121.49722,319.47,0.41,0.37,2026-08-09,1036,N,VIIRS,n,2.0NRT,286.87,1.27,N
49.81789,-121.34988,297.96,0.42,0.37,2026-08-09,1036,N,VIIRS,n,2.0NRT,285.56,0.65,N
49.81974,-121.49536,296.09,0.41,0.37,2026-08-09,1036,N,VIIRS,n,2.0NRT,284.85,0.35,N
49.82204,-121.12843,303.22,0.42,0.38,2026-08-09,1036,N,VIIRS,n,2.0NRT,282.53,2.02,N
49.82316,-121.15339,308.51,0.42,0.38,2026-08-09,1036,N,VIIRS,n,2.0NRT,283.01,10.8,N
49.82316,-121.13428,320.81,0.42,0.38,2026-08-09,1036,N,VIIRS,n,2.0NRT,283.25,2.02,N
49.82405,-121.5186,297.9,0.41,0.37,2026-08-09,1036,N,VIIRS,n,2.0NRT,284.91,0.38,N
49.82426,-121.15913,343.3,0.42,0.38,2026-08-09,1036,N,VIIRS,n,2.0NRT,288.67,10.8,N
49.82428,-121.14014,308.14,0.42,0.38,2026-08-09,1036,N,VIIRS,n,2.0NRT,282.92,3.4,N
49.82536,-121.16492,323.97,0.42,0.38,2026-08-09,1036,N,VIIRS,n,2.0NRT,284.14,5.18,N
49.82538,-121.14597,337.03,0.42,0.38,2026-08-09,1036,N,VIIRS,n,2.0NRT,288.14,3.4,N
49.82538,-121.12685,326.12,0.42,0.38,2026-08-09,1036,N,VIIRS,n,2.0NRT,285.09,151.35,N
49.82593,-121.22527,327.0,0.42,0.37,2026-08-09,1036,N,VIIRS,n,2.0NRT,283.84,3.68,N
49.82646,-121.17072,296.05,0.42,0.38,2026-08-09,1036,N,VIIRS,n,2.0NRT,281.87,5.18,N
49.82647,-121.15166,367.0,0.42,0.38,2026-08-09,1036,N,VIIRS,h,2.0NRT,300.84,10.8,N
49.82648,-121.13265,367.0,0.42,0.38,2026-08-09,1036,N,VIIRS,h,2.0NRT,347.67,151.35,N
49.82755,-121.15734,367.0,0.42,0.38,2026-08-09,1036,N,VIIRS,h,2.0NRT,303.77,10.8,N
49.82759,-121.1385,335.96,0.42,0.38,2026-08-09,1036,N,VIIRS,n,2.0NRT,318.71,49.77,N
49.82864,-121.1631,367.0,0.42,0.38,2026-08-09,1036,N,VIIRS,h,2.0NRT,297.72,5.18,N
49.8287,-121.14426,352.56,0.42,0.38,2026-08-09,1036,N,VIIRS,n,2.0NRT,299.14,49.77,N
49.82871,-121.12527,324.13,0.42,0.38,2026-08-09,1036,N,VIIRS,n,2.0NRT,285.26,151.35,N
49.82922,-121.22351,301.52,0.42,0.37,2026-08-09,1036,N,VIIRS,n,2.0NRT,284.33,1.18,N
49.82974,-121.16891,343.68,0.42,0.38,2026-08-09,1036,N,VIIRS,n,2.0NRT,290.33,5.18,N
49.82977,-121.14993,367.0,0.42,0.38,2026-08-09,1036,N,VIIRS,h,2.0NRT,307.26,5.74,N
49.83084,-121.15555,343.67,0.42,0.38,2026-08-09,1036,N,VIIRS,n,2.0NRT,296.48,5.74,N
49.83085,-121.17471,341.44,0.42,0.38,2026-08-09,1036,N,VIIRS,n,2.0NRT,287.23,3.2,N
49.83091,-121.13678,343.15,0.42,0.38,2026-08-09,1036,N,VIIRS,n,2.0NRT,293.23,49.77,N
49.83097,-121.11803,305.82,0.42,0.38,2026-08-09,1036,N,VIIRS,n,2.0NRT,280.86,1.5,N
49.83193,-121.18038,303.05,0.42,0.38,2026-08-09,1036,N,VIIRS,n,2.0NRT,281.04,3.2,N
49.83193,-121.16129,335.98,0.42,0.38,2026-08-09,1036,N,VIIRS,n,2.0NRT,292.6,4.89,N
49.83199,-121.1425,313.7,0.42,0.38,2026-08-09,1036,N,VIIRS,n,2.0NRT,285.12,49.77,N
49.83204,-121.12363,329.21,0.42,0.38,2026-08-09,1036,N,VIIRS,n,2.0NRT,282.89,1.73,N
49.83217,-121.10518,296.31,0.42,0.38,2026-08-09,1036,N,VIIRS,n,2.0NRT,280.31,0.94,N
49.83302,-121.16702,353.42,0.42,0.38,2026-08-09,1036,N,VIIRS,n,2.0NRT,299.42,4.89,N
49.83306,-121.14812,308.42,0.42,0.38,2026-08-09,1036,N,VIIRS,n,2.0NRT,286.84,5.74,N
49.83312,-121.1293,323.07,0.42,0.38,2026-08-09,1036,N,VIIRS,n,2.0NRT,283.25,1.73,N
49.83411,-121.17276,312.47,0.42,0.38,2026-08-09,1036,N,VIIRS,n,2.0NRT,285.8,1.61,N
49.83413,-121.15375,302.16,0.42,0.38,2026-08-09,1036,N,VIIRS,n,2.0NRT,286.48,5.74,N
49.8342,-121.13502,302.51,0.42,0.38,2026-08-09,1036,N,VIIRS,n,2.0NRT,283.0,1.13,N
49.83476,-121.21449,332.44,0.42,0.38,2026-08-09,1036,N,VIIRS,n,2.0NRT,286.2,2.01,N
49.83521,-121.17853,308.43,0.42,0.38,2026-08-09,1036,N,VIIRS,n,2.0NRT,283.01,1.61,N
49.83522,-121.15947,330.08,0.42,0.38,2026-08-09,1036,N,VIIRS,n,2.0NRT,291.23,4.89,N
49.83581,-121.21999,295.85,0.42,0.37,2026-08-09,1036,N,VIIRS,n,2.0NRT,283.01,1.34,N
49.83627,-121.18413,313.5,0.42,0.38,2026-08-09,1036,N,VIIRS,n,2.0NRT,283.34,2.02,N
49.8363,-121.16518,299.78,0.42,0.38,2026-08-09,1036,N,VIIRS,n,2.0NRT,285.44,4.89,N
49.83635,-121.14629,296.35,0.42,0.38,2026-08-09,1036,N,VIIRS,n,2.0NRT,284.62,17.35,N
49.83644,-121.12761,295.65,0.42,0.38,2026-08-09,1036,N,VIIRS,n,2.0NRT,281.99,1.73,N
49.83727,-121.1894,329.59,0.42,0.38,2026-08-09,1036,N,VIIRS,n,2.0NRT,287.44,2.02,N
49.83742,-121.15192,322.07,0.42,0.38,2026-08-09,1036,N,VIIRS,n,2.0NRT,292.18,17.35,N
49.83793,-121.23122,343.85,0.42,0.37,2026-08-09,1036,N,VIIRS,n,2.0NRT,284.29,5.47,N
49.83805,-121.21268,310.17,0.42,0.38,2026-08-09,1036,N,VIIRS,n,2.0NRT,285.7,2.01,N
49.83822,-121.19445,317.65,0.42,0.38,2026-08-09,1036,N,VIIRS,n,2.0NRT,286.15,2.72,N
49.83851,-121.15767,341.42,0.42,0.38,2026-08-09,1036,N,VIIRS,n,2.0NRT,292.31,21.14,N
49.83901,-121.23689,301.71,0.42,0.37,2026-08-09,1036,N,VIIRS,n,2.0NRT,283.93,5.47,N
49.83909,-121.21818,303.17,0.42,0.37,2026-08-09,1036,N,VIIRS,n,2.0NRT,285.26,1.34,N
49.83954,-121.18223,309.66,0.42,0.38,2026-08-09,1036,N,VIIRS,n,2.0NRT,286.4,2.02,N
49.84047,-121.32121,295.79,0.42,0.37,2026-08-09,1036,N,VIIRS,n,2.0NRT,283.77,0.49,N
49.84072,-121.15018,331.96,0.42,0.38,2026-08-09,1036,N,VIIRS,n,2.0NRT,308.06,17.35,N
49.8412,-121.22934,345.29,0.42,0.37,2026-08-09,1036,N,VIIRS,n,2.0NRT,289.96,5.47,N
49.84131,-121.21076,313.67,0.42,0.38,2026-08-09,1036,N,VIIRS,n,2.0NRT,285.43,1.8,N
49.8418,-121.15586,329.02,0.42,0.38,2026-08-09,1036,N,VIIRS,n,2.0NRT,286.69,21.14,N
49.84227,-121.235,338.06,0.42,0.37,2026-08-09,1036,N,VIIRS,n,2.0NRT,289.97,5.47,N
49.84237,-121.21634,298.12,0.42,0.37,2026-08-09,1036,N,VIIRS,n,2.0NRT,284.01,1.02,N
49.84255,-121.33224,301.41,0.42,0.37,2026-08-09,1036,N,VIIRS,n,2.0NRT,284.41,0.82,N
49.84279,-121.18024,300.37,0.42,0.38,2026-08-09,1036,N,VIIRS,n,2.0NRT,285.65,0.97,N
49.84341,-121.22184,310.93,0.42,0.37,2026-08-09,1036,N,VIIRS,n,2.0NRT,285.98,1.02,N
49.8444,-121.24622,295.18,0.42,0.37,2026-08-09,1036,N,VIIRS,n,2.0NRT,283.58,0.75,N
49.84458,-121.20886,315.7,0.42,0.38,2026-08-09,1036,N,VIIRS,n,2.0NRT,287.72,1.8,N
49.8451,-121.15411,301.89,0.42,0.38,2026-08-09,1036,N,VIIRS,n,2.0NRT,284.26,0.63,N
49.84554,-121.2331,297.96,0.42,0.37,2026-08-09,1036,N,VIIRS,n,2.0NRT,284.3,0.95,N
49.84605,-121.17832,311.28,0.42,0.38,2026-08-09,1036,N,VIIRS,n,2.0NRT,286.58,0.97,N
49.84617,-121.15977,299.8,0.42,0.38,2026-08-09,1036,N,VIIRS,n,2.0NRT,284.53,0.63,N
49.84669,-121.22,300.58,0.42,0.37,2026-08-09,1036,N,VIIRS,n,2.0NRT,285.61,1.02,N
49.84682,-121.20155,299.53,0.42,0.38,2026-08-09,1036,N,VIIRS,n,2.0NRT,285.35,1.92,N
49.8471,-121.18384,299.96,0.42,0.38,2026-08-09,1036,N,VIIRS,n,2.0NRT,285.11,0.97,N
49.84775,-121.22559,303.73,0.42,0.37,2026-08-09,1036,N,VIIRS,n,2.0NRT,285.86,0.95,N
49.84843,-121.15253,301.67,0.42,0.38,2026-08-09,1036,N,VIIRS,n,2.0NRT,284.84,0.63,N
49.84881,-121.2312,306.64,0.42,0.37,2026-08-09,1036,N,VIIRS,n,2.0NRT,286.37,0.95,N
49.84893,-121.21269,318.95,0.42,0.37,2026-08-09,1036,N,VIIRS,n,2.0NRT,288.9,2.43,N
49.84912,-121.19452,307.09,0.42,0.38,2026-08-09,1036,N,VIIRS,n,2.0NRT,286.78,1.62,N
49.8495,-121.15816,298.99,0.42,0.38,2026-08-09,1036,N,VIIRS,n,2.0NRT,284.61,0.63,N
49.84998,-121.21824,305.28,0.42,0.37,2026-08-09,1036,N,VIIRS,n,2.0NRT,286.86,2.43,N
49.85014,-121.19987,319.57,0.42,0.38,2026-08-09,1036,N,VIIRS,n,2.0NRT,289.09,1.92,N
49.85057,-121.16377,307.12,0.42,0.38,2026-08-09,1036,N,VIIRS,n,2.0NRT,285.07,1.73,N
49.85065,-121.31757,296.81,0.42,0.37,2026-08-09,1036,N,VIIRS,n,2.0NRT,282.93,0.4,N
49.85118,-121.20538,317.27,0.42,0.38,2026-08-09,1036,N,VIIRS,n,2.0NRT,289.02,1.92,N
49.85163,-121.32281,297.1,0.42,0.37,2026-08-09,1036,N,VIIRS,n,2.0NRT,283.73,0.84,N
49.85224,-121.21097,332.67,0.42,0.37,2026-08-09,1036,N,VIIRS,n,2.0NRT,289.25,2.43,N
49.85345,-121.19821,357.65,0.42,0.38,2026-08-09,1036,N,VIIRS,n,2.0NRT,302.55,9.63,N
49.85453,-121.2039,332.0,0.42,0.38,2026-08-09,1036,N,VIIRS,n,2.0NRT,290.32,9.63,N
49.85576,-121.19125,314.98,0.42,0.38,2026-08-09,1036,N,VIIRS,n,2.0NRT,287.88,2.02,N
49.85684,-121.19691,313.53,0.42,0.38,2026-08-09,1036,N,VIIRS,n,2.0NRT,287.49,9.63,N
49.85914,-121.18988,310.68,0.42,0.38,2026-08-09,1036,N,VIIRS,n,2.0NRT,287.66,1.3,N
49.86109,-121.48825,295.41,0.41,0.37,2026-08-09,1036,N,VIIRS,n,2.0NRT,283.39,0.5,N
49.86187,-121.14671,298.54,0.42,0.38,2026-08-09,1036,N,VIIRS,n,2.0NRT,283.94,0.4,N
49.86217,-121.49401,296.02,0.41,0.37,2026-08-09,1036,N,VIIRS,n,2.0NRT,282.45,0.5,N
49.86249,-121.1884,308.21,0.42,0.38,2026-08-09,1036,N,VIIRS,n,2.0NRT,287.83,1.3,N
49.86294,-121.15239,297.5,0.42,0.38,2026-08-09,1036,N,VIIRS,n,2.0NRT,283.22,0.4,N
49.8644,-121.10245,328.63,0.42,0.38,2026-08-09,1036,N,VIIRS,n,2.0NRT,283.86,10.34,N
49.86502,-121.16335,305.42,0.42,0.38,2026-08-09,1036,N,VIIRS,n,2.0NRT,286.97,1.46,N
49.86518,-121.14497,301.26,0.42,0.38,2026-08-09,1036,N,VIIRS,n,2.0NRT,285.46,2.22,N
49.86547,-121.10811,336.5,0.42,0.38,2026-08-09,1036,N,VIIRS,n,2.0NRT,289.24,7.17,N
49.86549,-121.49249,301.46,0.41,0.37,2026-08-09,1036,N,VIIRS,n,2.0NRT,283.42,0.59,N
49.86607,-121.16894,311.13,0.42,0.38,2026-08-09,1036,N,VIIRS,n,2.0NRT,287.0,2.18,N
49.86624,-121.15059,309.76,0.42,0.38,2026-08-09,1036,N,VIIRS,n,2.0NRT,287.32,2.22,N
49.86634,-121.1319,303.03,0.42,0.38,2026-08-09,1036,N,VIIRS,n,2.0NRT,285.8,1.14,N
49.86653,-121.11369,315.33,0.42,0.38,2026-08-09,1036,N,VIIRS,n,2.0NRT,283.15,7.17,N
49.86728,-121.1561,318.0,0.42,0.38,2026-08-09,1036,N,VIIRS,n,2.0NRT,288.92,3.61,N
49.8674,-121.13752,305.68,0.42,0.38,2026-08-09,1036,N,VIIRS,n,2.0NRT,286.74,1.14,N
49.86758,-121.11922,335.63,0.42,0.38,2026-08-09,1036,N,VIIRS,n,2.0NRT,289.96,2.26,N
49.86776,-121.10101,345.88,0.42,0.38,2026-08-09,1036,N,VIIRS,n,2.0NRT,292.28,10.34,N
49.86832,-121.16161,329.86,0.42,0.38,2026-08-09,1036,N,VIIRS,n,2.0NRT,292.02,3.61,N
49.86847,-121.1432,321.47,0.42,0.38,2026-08-09,1036,N,VIIRS,n,2.0NRT,290.02,2.22,N
49.86862,-121.12474,297.07,0.42,0.38,2026-08-09,1036,N,VIIRS,n,2.0NRT,284.78,2.26,N
49.86884,-121.10667,316.41,0.42,0.38,2026-08-09,1036,N,VIIRS,n,2.0NRT,286.36,7.17,N
49.86939,-121.16727,301.12,0.42,0.38,2026-08-09,1036,N,VIIRS,n,2.0NRT,286.45,0.74,N
49.86953,-121.14876,333.48,0.42,0.38,2026-08-09,1036,N,VIIRS,n,2.0NRT,292.67,2.22,N
49.86989,-121.11223,309.09,0.42,0.38,2026-08-09,1036,N,VIIRS,n,2.0NRT,285.3,7.17,N
49.87059,-121.15437,339.63,0.42,0.38,2026-08-09,1036,N,VIIRS,n,2.0NRT,293.32,3.61,N
49.87073,-121.13588,310.08,0.42,0.38,2026-08-09,1036,N,VIIRS,n,2.0NRT,287.86,3.51,N
49.87093,-121.11772,298.52,0.42,0.38,2026-08-09,1036,N,VIIRS,n,2.0NRT,285.31,2.26,N
49.87112,-121.09953,308.2,0.42,0.38,2026-08-09,1036,N,VIIRS,n,2.0NRT,284.87,2.16,N
49.8718,-121.14156,337.8,0.42,0.38,2026-08-09,1036,N,VIIRS,n,2.0NRT,293.16,4.58,N
49.87199,-121.50796,302.36,0.41,0.37,2026-08-09,1036,N,VIIRS,n,2.0NRT,283.13,0.97,N
49.87218,-121.10513,301.9,0.42,0.38,2026-08-09,1036,N,VIIRS,n,2.0NRT,283.95,2.45,N
49.87288,-121.14725,338.99,0.42,0.38,2026-08-09,1036,N,VIIRS,n,2.0NRT,292.03,4.58,N
49.87296,-121.51316,303.35,0.41,0.37,2026-08-09,1036,N,VIIRS,n,2.0NRT,283.72,0.97,N
49.87301,-121.12872,334.95,0.42,0.38,2026-08-09,1036,N,VIIRS,n,2.0NRT,290.91,3.51,N
49.87322,-121.11062,310.0,0.42,0.38,2026-08-09,1036,N,VIIRS,n,2.0NRT,286.78,2.45,N
49.87337,-121.09221,314.57,0.42,0.38,2026-08-09,1036,N,VIIRS,n,2.0NRT,285.63,2.16,N
49.87408,-121.13438,329.77,0.42,0.38,2026-08-09,1036,N,VIIRS,n,2.0NRT,289.52,3.51,N
49.87425,-121.11604,300.06,0.42,0.38,2026-08-09,1036,N,VIIRS,n,2.0NRT,286.05,11.05,N
49.87446,-121.09795,330.51,0.42,0.38,2026-08-09,1036,N,VIIRS,n,2.0NRT,285.8,2.16,N
49.87513,-121.39008,296.75,0.41,0.37,2026-08-09,1036,N,VIIRS,n,2.0NRT,285.32,0.61,N
49.87529,-121.12152,308.77,0.42,0.38,2026-08-09,1036,N,VIIRS,n,2.0NRT,287.36,11.05,N
49.87537,-121.50676,299.67,0.41,0.37,2026-08-09,1036,N,VIIRS,n,2.0NRT,282.83,0.77,N
49.87551,-121.10352,319.46,0.42,0.38,2026-08-09,1036,N,VIIRS,n,2.0NRT,286.03,2.45,N
49.87561,-121.08482,336.85,0.42,0.38,2026-08-09,1036,N,VIIRS,n,2.0NRT,285.35,3.61,N
49.87605,-121.1833,322.58,0.42,0.38,2026-08-09,1036,N,VIIRS,n,2.0NRT,287.77,2.89,N
49.87635,-121.12714,300.67,0.42,0.38,2026-08-09,1036,N,VIIRS,n,2.0NRT,286.05,0.82,N
49.87654,-121.10891,328.13,0.42,0.38,2026-08-09,1036,N,VIIRS,n,2.0NRT,290.25,2.45,N
49.87672,-121.09066,305.45,0.42,0.38,2026-08-09,1036,N,VIIRS,n,2.0NRT,283.33,1.65,N
49.87677,-121.07166,320.22,0.42,0.38,2026-08-09,1036,N,VIIRS,n,2.0NRT,284.26,2.39,N
49.87712,-121.18903,296.79,0.42,0.38,2026-08-09,1036,N,VIIRS,n,2.0NRT,283.46,0.95,N
49.87732,-121.51725,305.31,0.41,0.37,2026-08-09,1036,N,VIIRS,n,2.0NRT,283.53,1.25,N
49.87756,-121.11432,345.48,0.42,0.38,2026-08-09,1036,N,VIIRS,n,2.0NRT,296.61,11.05,N
49.87786,-121.07742,333.5,0.42,0.38,2026-08-09,1036,N,VIIRS,n,2.0NRT,289.95,3.61,N
49.87828,-121.5224,318.02,0.41,0.37,2026-08-09,1036,N,VIIRS,n,2.0NRT,285.45,1.25,N
49.87837,-121.17638,316.53,0.42,0.38,2026-08-09,1036,N,VIIRS,n,2.0NRT,286.77,2.92,N
49.87885,-121.10193,309.35,0.42,0.38,2026-08-09,1036,N,VIIRS,n,2.0NRT,286.37,17.16,N
49.87896,-121.08323,324.63,0.42,0.38,2026-08-09,1036,N,VIIRS,n,2.0NRT,287.89,3.61,N
49.87898,-121.06406,329.24,0.42,0.38,2026-08-09,1036,N,VIIRS,n,2.0NRT,286.5,6.43,N
49.87943,-121.18199,337.66,0.42,0.38,2026-08-09,1036,N,VIIRS,n,2.0NRT,291.52,2.92,N
49.87987,-121.10728,348.75,0.42,0.38,2026-08-09,1036,N,VIIRS,n,2.0NRT,295.11,17.16,N
49.88006,-121.08908,309.74,0.42,0.38,2026-08-09,1036,N,VIIRS,n,2.0NRT,285.26,1.65,N
49.8801,-121.07004,347.33,0.42,0.38,2026-08-09,1036,N,VIIRS,n,2.0NRT,296.38,6.43,N
49.88074,-121.51625,298.12,0.41,0.37,2026-08-09,1036,N,VIIRS,n,2.0NRT,281.64,1.25,N
49.88089,-121.11269,341.87,0.42,0.38,2026-08-09,1036,N,VIIRS,n,2.0NRT,291.02,6.98,N
49.88115,-121.09488,302.71,0.42,0.38,2026-08-09,1036,N,VIIRS,n,2.0NRT,282.71,1.65,N
49.88121,-121.07588,316.38,0.42,0.38,2026-08-09,1036,N,VIIRS,n,2.0NRT,287.15,1.65,N
49.88171,-121.52143,318.96,0.41,0.37,2026-08-09,1036,N,VIIRS,n,2.0NRT,284.52,1.25,N
49.88173,-121.17495,310.68,0.42,0.38,2026-08-09,1036,N,VIIRS,n,2.0NRT,284.86,2.92,N
49.88219,-121.10037,342.77,0.42,0.38,2026-08-09,1036,N,VIIRS,n,2.0NRT,293.99,17.16,N
49.88231,-121.08171,314.34,0.42,0.38,2026-08-09,1036,N,VIIRS,n,2.0NRT,286.5,1.65,N
49.88231,-121.06239,344.84,0.42,0.38,2026-08-09,1036,N,VIIRS,n,2.0NRT,295.18,6.43,N
49.88279,-121.18057,338.41,0.42,0.38,2026-08-09,1036,N,VIIRS,n,2.0NRT,291.07,2.92,N
49.88321,-121.10571,348.38,0.42,0.38,2026-08-09,1036,N,VIIRS,n,2.0NRT,302.66,17.16,N
49.88341,-121.08755,298.68,0.42,0.38,2026-08-09,1036,N,VIIRS,n,2.0NRT,283.46,4.23,N
49.88344,-121.0684,329.03,0.42,0.38,2026-08-09,1036,N,VIIRS,n,2.0NRT,290.66,6.43,N
49.88385,-121.18622,303.76,0.42,0.38,2026-08-09,1036,N,VIIRS,n,2.0NRT,284.52,2.56,N
49.88414,-121.51513,299.59,0.41,0.37,2026-08-09,1036,N,VIIRS,n,2.0NRT,280.64,0.78,N
49.88423,-121.1111,297.69,0.42,0.38,2026-08-09,1036,N,VIIRS,n,2.0NRT,284.81,6.98,N
49.88449,-121.0933,338.54,0.42,0.38,2026-08-09,1036,N,VIIRS,n,2.0NRT,290.87,4.23,N
49.88456,-121.07434,304.6,0.42,0.38,2026-08-09,1036,N,VIIRS,n,2.0NRT,285.76,1.65,N
49.88507,-121.17342,320.19,0.42,0.38,2026-08-09,1036,N,VIIRS,n,2.0NRT,286.9,4.02,N
49.88513,-121.52045,318.28,0.41,0.37,2026-08-09,1036,N,VIIRS,n,2.0NRT,283.12,0.78,N
49.88553,-121.0988,355.47,0.42,0.38,2026-08-09,1036,N,VIIRS,n,2.0NRT,296.74,6.35,N
49.88564,-121.06075,340.19,0.42,0.38,2026-08-09,1036,N,VIIRS,n,2.0NRT,289.14,13.12,N
49.88566,-121.08022,308.18,0.42,0.38,2026-08-09,1036,N,VIIRS,n,2.0NRT,285.54,1.65,N
49.88614,-121.17907,340.12,0.42,0.38,2026-08-09,1036,N,VIIRS,n,2.0NRT,290.26,4.02,N
49.88655,-121.10416,331.57,0.42,0.38,2026-08-09,1036,N,VIIRS,n,2.0NRT,289.16,6.35,N
49.88676,-121.08603,304.01,0.42,0.38,2026-08-09,1036,N,VIIRS,n,2.0NRT,284.14,4.23,N
49.88676,-121.06673,332.51,0.42,0.38,2026-08-09,1036,N,VIIRS,n,2.0NRT,289.93,13.12,N
49.88693,-121.0595,348.48,0.42,0.38,2026-08-09,1036,N,VIIRS,n,2.0NRT,288.11,17.65,N
49.88735,-121.16623,331.99,0.42,0.38,2026-08-09,1036,N,VIIRS,n,2.0NRT,288.49,4.17,N
49.88784,-121.09171,346.26,0.42,0.38,2026-08-09,1036,N,VIIRS,n,2.0NRT,291.16,4.23,N
49.88808,-121.06546,335.02,0.42,0.38,2026-08-09,1036,N,VIIRS,n,2.0NRT,291.59,9.76,N
49.88841,-121.17188,351.11,0.42,0.38,2026-08-09,1036,N,VIIRS,n,2.0NRT,291.81,4.02,N
49.88852,-121.51933,296.28,0.41,0.37,2026-08-09,1036,N,VIIRS,n,2.0NRT,280.06,0.78,N
49.88888,-121.09724,301.07,0.42,0.38,2026-08-09,1036,N,VIIRS,n,2.0NRT,283.15,6.35,N
49.88899,-121.05919,351.99,0.42,0.38,2026-08-09,1036,N,VIIRS,n,2.0NRT,298.21,13.12,N
49.88901,-121.07867,295.51,0.42,0.38,2026-08-09,1036,N,VIIRS,n,2.0NRT,284.15,1.68,N
49.88904,-121.34865,306.0,0.41,0.37,2026-08-09,1036,N,VIIRS,n,2.0NRT,283.47,1.92,N
49.88947,-121.17756,319.08,0.42,0.38,2026-08-09,1036,N,VIIRS,n,2.0NRT,284.77,4.02,N
49.88961,-121.15897,328.82,0.42,0.38,2026-08-09,1036,N,VIIRS,n,2.0NRT,288.05,6.0,N
49.8901,-121.08446,322.51,0.42,0.38,2026-08-09,1036,N,VIIRS,n,2.0NRT,286.68,2.46,N
49.8901,-121.0651,303.41,0.42,0.38,2026-08-09,1036,N,VIIRS,n,2.0NRT,284.77,13.12,N
49.89029,-121.05801,353.95,0.42,0.38,2026-08-09,1036,N,VIIRS,n,2.0NRT,292.52,17.65,N
49.89036,-121.07734,296.66,0.42,0.38,2026-08-09,1036,N,VIIRS,n,2.0NRT,284.36,3.61,N
49.89038,-121.33653,340.86,0.41,0.37,2026-08-09,1036,N,VIIRS,n,2.0NRT,284.69,11.0,N
49.89067,-121.16459,345.85,0.42,0.38,2026-08-09,1036,N,VIIRS,n,2.0NRT,292.29,6.0,N
49.89083,-121.1462,330.13,0.42,0.38,2026-08-09,1036,N,VIIRS,n,2.0NRT,284.93,6.44,N
49.89117,-121.09016,311.87,0.42,0.38,2026-08-09,1036,N,VIIRS,n,2.0NRT,283.69,2.46,N
49.8914,-121.342,306.33,0.41,0.37,2026-08-09,1036,N,VIIRS,n,2.0NRT,284.05,1.92,N
49.89148,-121.08316,317.37,0.42,0.38,2026-08-09,1036,N,VIIRS,n,2.0NRT,286.25,3.61,N
49.89174,-121.17029,313.55,0.42,0.38,2026-08-09,1036,N,VIIRS,n,2.0NRT,284.94,1.87,N
49.89188,-121.15178,355.0,0.42,0.38,2026-08-09,1036,N,VIIRS,n,2.0NRT,294.17,6.44,N
49.89233,-121.07697,318.62,0.42,0.38,2026-08-09,1036,N,VIIRS,n,2.0NRT,286.9,1.68,N
49.89293,-121.15731,343.86,0.42,0.38,2026-08-09,1036,N,VIIRS,n,2.0NRT,292.31,6.0,N
49.89343,-121.08283,327.4,0.42,0.38,2026-08-09,1036,N,VIIRS,n,2.0NRT,286.63,2.46,N
49.89368,-121.07568,310.89,0.42,0.38,2026-08-09,1036,N,VIIRS,n,2.0NRT,285.68,3.61,N
49.89376,-121.33533,337.76,0.41,0.37,2026-08-09,1036,N,VIIRS,n,2.0NRT,286.55,4.43,N
49.89398,-121.16293,340.98,0.42,0.38,2026-08-09,1036,N,VIIRS,n,2.0NRT,292.43,6.0,N
49.89416,-121.14461,353.1,0.42,0.38,2026-08-09,1036,N,VIIRS,n,2.0NRT,298.4,21.69,N
49.89479,-121.34081,296.73,0.41,0.37,2026-08-09,1036,N,VIIRS,n,2.0NRT,282.4,1.0,N
49.89481,-121.08154,344.69,0.42,0.38,2026-08-09,1036,N,VIIRS,n,2.0NRT,290.82,3.61,N
49.89521,-121.15018,356.95,0.42,0.38,2026-08-09,1036,N,VIIRS,n,2.0NRT,302.55,21.69,N
49.89625,-121.15567,329.31,0.42,0.38,2026-08-09,1036,N,VIIRS,n,2.0NRT,289.32,10.39,N
49.89748,-121.14294,349.25,0.42,0.38,2026-08-09,1036,N,VIIRS,n,2.0NRT,297.86,21.69,N
49.89815,-121.07996,298.9,0.42,0.38,2026-08-09,1036,N,VIIRS,n,2.0NRT,283.53,0.9,N
49.89853,-121.14853,351.94,0.42,0.38,2026-08-09,1036,N,VIIRS,n,2.0NRT,298.15,21.69,N
49.89972,-121.13548,343.61,0.42,0.38,2026-08-09,1036,N,VIIRS,n,2.0NRT,287.94,11.68,N
49.90079,-121.14119,367.0,0.42,0.38,2026-08-09,1036,N,VIIRS,h,2.0NRT,304.43,16.94,N
49.90121,-121.13407,347.78,0.42,0.38,2026-08-09,1036,N,VIIRS,n,2.0NRT,298.72,12.08,N
49.90184,-121.14674,304.29,0.42,0.38,2026-08-09,1036,N,VIIRS,n,2.0NRT,285.3,16.94,N
49.90193,-121.12793,311.89,0.42,0.38,2026-08-09,1036,N,VIIRS,n,2.0NRT,283.33,11.68,N
49.90231,-121.1398,332.98,0.42,0.38,2026-08-09,1036,N,VIIRS,n,2.0NRT,287.3,12.08,N
49.90303,-121.1338,353.85,0.42,0.38,2026-08-09,1036,N,VIIRS,n,2.0NRT,298.01,11.68,N
49.9034,-121.12652,300.75,0.42,0.38,2026-08-09,1036,N,VIIRS,n,2.0NRT,282.4,1.47,N
49.90381,-121.33109,295.7,0.41,0.37,2026-08-09,1036,N,VIIRS,n,2.0NRT,281.58,0.67,N
49.90453,-121.13241,341.9,0.42,0.38,2026-08-09,1036,N,VIIRS,n,2.0NRT,287.29,12.08,N
49.91755,-121.36593,298.23,0.41,0.37,2026-08-09,1036,N,VIIRS,n,2.0NRT,284.02,0.92,N
49.9209,-121.36456,295.23,0.41,0.37,2026-08-09,1036,N,VIIRS,n,2.0NRT,284.12,0.61,N
49.9238,-121.32208,310.58,0.41,0.37,2026-08-09,1036,N,VIIRS,n,2.0NRT,282.48,0.63,N
49.93723,-121.26618,306.77,0.42,0.37,2026-08-09,1036,N,VIIRS,n,2.0NRT,281.7,2.15,N
49.93833,-121.272,329.14,0.42,0.37,2026-08-09,1036,N,VIIRS,n,2.0NRT,283.99,2.15,N
49.94014,-121.33219,295.84,0.41,0.37,2026-08-09,1036,N,VIIRS,n,2.0NRT,281.73,0.73,N
49.94055,-121.26464,300.22,0.42,0.37,2026-08-09,1036,N,VIIRS,n,2.0NRT,282.67,0.86,N
49.94165,-121.27045,310.62,0.42,0.37,2026-08-09,1036,N,VIIRS,n,2.0NRT,282.4,0.86,N
49.94355,-121.29962,299.28,0.41,0.37,2026-08-09,1036,N,VIIRS,n,2.0NRT,281.8,0.6,N
49.94788,-121.30346,301.19,0.41,0.37,2026-08-09,1036,N,VIIRS,n,2.0NRT,281.65,1.22,N
49.95365,-121.29566,296.9,0.41,0.37,2026-08-09,1036,N,VIIRS,n,2.0NRT,280.11,0.88,N
50.00596,-121.36275,298.03,0.41,0.37,2026-08-09,1036,N,VIIRS,n,2.0NRT,281.22,0.7,N
50.04322,-121.44671,303.52,0.41,0.37,2026-08-09,1036,N,VIIRS,n,2.0NRT,286.38,1.24,N
50.04653,-121.44514,309.37,0.41,0.37,2026-08-09,1036,N,VIIRS,n,2.0NRT,285.82,3.02,N
50.04759,-121.45089,328.8,0.41,0.37,2026-08-09,1036,N,VIIRS,n,2.0NRT,287.87,3.02,N
50.05219,-121.43684,296.01,0.41,0.37,2026-08-09,1036,N,VIIRS,n,2.0NRT,285.61,1.1,N
50.0527,-121.42026,296.59,0.41,0.37,2026-08-09,1036,N,VIIRS,n,2.0NRT,282.08,0.84,N
50.09169,-121.20732,330.18,0.42,0.37,2026-08-09,1036,N,VIIRS,n,2.0NRT,285.48,3.6,N
50.09276,-121.21304,324.65,0.42,0.37,2026-08-09,1036,N,VIIRS,n,2.0NRT,284.99,2.91,N
50.09332,-121.2738,302.2,0.41,0.37,2026-08-09,1036,N,VIIRS,n,2.0NRT,283.1,0.67,N
50.09505,-121.20601,330.71,0.42,0.37,2026-08-09,1036,N,VIIRS,n,2.0NRT,287.04,3.6,N
50.09841,-121.20461,333.08,0.42,0.37,2026-08-09,1036,N,VIIRS,n,2.0NRT,284.93,3.58,N
50.09888,-121.26492,327.9,0.41,0.37,2026-08-09,1036,N,VIIRS,n,2.0NRT,283.46,3.24,N
50.11604,-121.22153,296.13,0.41,0.37,2026-08-09,1036,N,VIIRS,n,2.0NRT,278.58,1.57,N
50.11707,-121.22706,309.95,0.41,0.37,2026-08-09,1036,N,VIIRS,n,2.0NRT,281.72,3.66,N
50.11938,-121.22009,327.34,0.41,0.37,2026-08-09,1036,N,VIIRS,n,2.0NRT,282.51,1.57,N
50.11991,-121.26154,308.69,0.41,0.37,2026-08-09,1036,N,VIIRS,n,2.0NRT,282.13,1.05,N
50.12022,-121.2439,295.29,0.41,0.37,2026-08-09,1036,N,VIIRS,n,2.0NRT,283.09,0.84,N
50.12123,-121.24934,297.1,0.41,0.37,2026-08-09,1036,N,VIIRS,n,2.0NRT,282.28,1.61,N
50.1305,-121.20222,301.99,0.42,0.37,2026-08-09,1036,N,VIIRS,n,2.0NRT,284.27,1.16,N
50.13161,-121.20818,304.51,0.41,0.37,2026-08-09,1036,N,VIIRS,n,2.0NRT,284.18,1.34,N
50.13164,-121.1889,309.12,0.42,0.37,2026-08-09,1036,N,VIIRS,n,2.0NRT,284.86,2.37,N
50.13168,-121.15793,296.47,0.42,0.37,2026-08-09,1036,N,VIIRS,n,2.0NRT,284.32,1.17,N
50.13183,-121.17056,328.3,0.42,0.37,2026-08-09,1036,N,VIIRS,n,2.0NRT,285.06,3.7,N
50.13232,-121.25071,313.59,0.41,0.37,2026-08-09,1036,N,VIIRS,n,2.0NRT,284.52,2.19,N
50.1325,-121.18142,304.92,0.42,0.37,2026-08-09,1036,N,VIIRS,n,2.0NRT,285.24,4.91,N
50.13273,-121.19478,318.42,0.42,0.37,2026-08-09,1036,N,VIIRS,n,2.0NRT,286.34,1.69,N
50.13275,-121.16355,337.21,0.42,0.37,2026-08-09,1036,N,VIIRS,n,2.0NRT,286.71,7.06,N
50.13362,-121.18728,331.06,0.42,0.37,2026-08-09,1036,N,VIIRS,n,2.0NRT,288.62,1.78,N
50.13376,-121.16894,350.81,0.42,0.37,2026-08-09,1036,N,VIIRS,n,2.0NRT,292.36,7.06,N
50.13387,-121.18145,328.3,0.42,0.37,2026-08-09,1036,N,VIIRS,n,2.0NRT,287.53,2.37,N
50.13473,-121.19314,299.16,0.42,0.37,2026-08-09,1036,N,VIIRS,n,2.0NRT,283.04,1.78,N
50.13476,-121.17423,348.01,0.42,0.37,2026-08-09,1036,N,VIIRS,n,2.0NRT,287.79,4.91,N
50.13496,-121.15615,345.52,0.42,0.37,2026-08-09,1036,N,VIIRS,n,2.0NRT,290.93,6.48,N
50.13497,-121.18736,321.2,0.42,0.37,2026-08-09,1036,N,VIIRS,n,2.0NRT,288.59,2.37,N
50.1358,-121.17977,333.39,0.42,0.37,2026-08-09,1036,N,VIIRS,n,2.0NRT,288.79,4.91,N
50.13585,-121.19903,297.08,0.41,0.37,2026-08-09,1036,N,VIIRS,n,2.0NRT,283.04,1.18,N
50.13604,-121.16184,322.87,0.42,0.37,2026-08-09,1036,N,VIIRS,n,2.0NRT,288.01,1.72,N
50.13693,-121.18567,314.97,0.42,0.37,2026-08-09,1036,N,VIIRS,n,2.0NRT,287.79,1.78,N
50.13706,-121.16724,308.95,0.42,0.37,2026-08-09,1036,N,VIIRS,n,2.0NRT,286.31,1.72,N
50.13716,-121.19914,297.93,0.42,0.37,2026-08-09,1036,N,VIIRS,n,2.0NRT,284.35,1.69,N
50.13805,-121.19158,303.11,0.42,0.37,2026-08-09,1036,N,VIIRS,n,2.0NRT,284.84,1.78,N
50.13807,-121.17258,337.59,0.42,0.37,2026-08-09,1036,N,VIIRS,n,2.0NRT,291.23,3.82,N
50.13825,-121.15443,338.05,0.42,0.37,2026-08-09,1036,N,VIIRS,n,2.0NRT,291.78,6.48,N
50.13912,-121.17815,326.4,0.42,0.37,2026-08-09,1036,N,VIIRS,n,2.0NRT,289.34,3.82,N
50.13932,-121.1601,302.99,0.42,0.37,2026-08-09,1036,N,VIIRS,n,2.0NRT,285.48,1.72,N
50.14024,-121.18406,319.94,0.42,0.37,2026-08-09,1036,N,VIIRS,n,2.0NRT,288.82,2.94,N
50.14035,-121.1655,302.51,0.42,0.37,2026-08-09,1036,N,VIIRS,n,2.0NRT,286.34,1.72,N
50.14046,-121.14696,298.47,0.42,0.37,2026-08-09,1036,N,VIIRS,n,2.0NRT,284.99,5.68,N
50.14136,-121.17086,318.14,0.42,0.37,2026-08-09,1036,N,VIIRS,n,2.0NRT,288.8,3.82,N
50.14137,-121.18997,319.63,0.42,0.37,2026-08-09,1036,N,VIIRS,n,2.0NRT,288.15,2.94,N
50.14156,-121.15275,344.03,0.42,0.37,2026-08-09,1036,N,VIIRS,n,2.0NRT,292.33,5.68,N
50.14244,-121.17656,332.4,0.42,0.37,2026-08-09,1036,N,VIIRS,n,2.0NRT,292.61,3.82,N
50.14261,-121.15833,305.28,0.42,0.37,2026-08-09,1036,N,VIIRS,n,2.0NRT,285.87,1.54,N
50.14355,-121.18243,342.6,0.42,0.37,2026-08-09,1036,N,VIIRS,n,2.0NRT,294.45,2.94,N
50.14363,-121.16373,309.8,0.42,0.37,2026-08-09,1036,N,VIIRS,n,2.0NRT,288.33,1.54,N
50.14376,-121.14528,333.6,0.42,0.37,2026-08-09,1036,N,VIIRS,n,2.0NRT,289.86,5.68,N
50.14465,-121.16914,348.92,0.42,0.37,2026-08-09,1036,N,VIIRS,n,2.0NRT,295.82,6.54,N
50.14467,-121.18833,295.89,0.42,0.37,2026-08-09,1036,N,VIIRS,n,2.0NRT,284.84,2.94,N
50.14486,-121.15108,334.94,0.42,0.37,2026-08-09,1036,N,VIIRS,n,2.0NRT,293.98,5.68,N
50.14574,-121.17487,325.86,0.42,0.37,2026-08-09,1036,N,VIIRS,n,2.0NRT,291.45,6.54,N
50.14592,-121.15668,321.92,0.42,0.37,2026-08-09,1036,N,VIIRS,n,2.0NRT,288.87,1.54,N
50.14687,-121.18085,352.1,0.42,0.37,2026-08-09,1036,N,VIIRS,n,2.0NRT,294.46,8.75,N
50.14692,-121.16197,301.24,0.42,0.37,2026-08-09,1036,N,VIIRS,n,2.0NRT,287.05,1.54,N
50.14706,-121.14359,316.93,0.42,0.37,2026-08-09,1036,N,VIIRS,n,2.0NRT,287.84,2.65,N
50.14795,-121.16743,336.17,0.42,0.37,2026-08-09,1036,N,VIIRS,n,2.0NRT,294.7,6.54,N
50.14816,-121.14939,319.34,0.42,0.37,2026-08-09,1036,N,VIIRS,n,2.0NRT,289.98,2.65,N
50.14904,-121.17319,341.43,0.42,0.37,2026-08-09,1036,N,VIIRS,n,2.0NRT,296.54,6.54,N
50.14922,-121.15498,338.99,0.42,0.37,2026-08-09,1036,N,VIIRS,n,2.0NRT,295.33,4.13,N
50.15018,-121.17918,332.23,0.42,0.37,2026-08-09,1036,N,VIIRS,n,2.0NRT,287.51,8.75,N
50.15022,-121.16028,308.78,0.42,0.37,2026-08-09,1036,N,VIIRS,n,2.0NRT,287.41,4.13,N
50.15037,-121.14189,327.7,0.42,0.37,2026-08-09,1036,N,VIIRS,n,2.0NRT,288.29,2.65,N
50.15125,-121.16573,329.39,0.42,0.37,2026-08-09,1036,N,VIIRS,n,2.0NRT,292.87,4.34,N
50.15147,-121.14771,325.56,0.42,0.37,2026-08-09,1036,N,VIIRS,n,2.0NRT,291.53,2.65,N
50.15234,-121.17152,337.75,0.42,0.37,2026-08-09,1036,N,VIIRS,n,2.0NRT,291.2,4.34,N
50.15253,-121.15332,346.38,0.42,0.37,2026-08-09,1036,N,VIIRS,n,2.0NRT,296.12,4.13,N
50.15353,-121.15861,320.72,0.42,0.37,2026-08-09,1036,N,VIIRS,n,2.0NRT,290.18,4.13,N
50.15366,-121.14017,319.53,0.42,0.37,2026-08-09,1036,N,VIIRS,n,2.0NRT,288.05,4.96,N
50.15455,-121.16406,337.94,0.42,0.37,2026-08-09,1036,N,VIIRS,n,2.0NRT,293.52,4.34,N
50.15477,-121.14601,343.08,0.42,0.37,2026-08-09,1036,N,VIIRS,n,2.0NRT,296.48,4.96,N
50.15582,-121.15159,350.36,0.42,0.37,2026-08-09,1036,N,VIIRS,n,2.0NRT,299.45,8.36,N
50.15683,-121.15695,307.97,0.42,0.37,2026-08-09,1036,N,VIIRS,n,2.0NRT,287.84,8.36,N
50.15695,-121.1384,300.66,0.42,0.37,2026-08-09,1036,N,VIIRS,n,2.0NRT,285.98,4.96,N
50.15785,-121.16235,321.23,0.42,0.37,2026-08-09,1036,N,VIIRS,n,2.0NRT,288.39,2.65,N
50.15806,-121.14426,367.0,0.42,0.37,2026-08-09,1036,N,VIIRS,h,2.0NRT,299.48,4.96,N
50.15911,-121.14986,347.36,0.42,0.37,2026-08-09,1036,N,VIIRS,n,2.0NRT,297.45,8.36,N
50.15916,-121.13092,304.62,0.42,0.37,2026-08-09,1036,N,VIIRS,n,2.0NRT,286.23,0.72,N
50.16135,-121.14252,307.56,0.42,0.37,2026-08-09,1036,N,VIIRS,n,2.0NRT,286.18,1.72,N
49.72366,-121.31318,329.33,0.43,0.46,2026-08-09,2021,N,VIIRS,n,2.0NRT,269.13,3.35,D
49.72481,-121.30845,336.71,0.43,0.46,2026-08-09,2021,N,VIIRS,n,2.0NRT,269.5,7.07,D
49.72638,-121.32081,326.2,0.43,0.46,2026-08-09,2021,N,VIIRS,n,2.0NRT,266.8,10.65,D
49.72747,-121.31633,356.66,0.43,0.46,2026-08-09,2021,N,VIIRS,l,2.0NRT,273.71,10.65,D
49.72867,-121.31142,351.63,0.43,0.46,2026-08-09,2021,N,VIIRS,n,2.0NRT,278.08,90.96,D
49.73001,-121.30589,354.41,0.43,0.46,2026-08-09,2021,N,VIIRS,n,2.0NRT,282.63,90.96,D
49.73428,-121.30717,208.0,0.43,0.46,2026-08-09,2021,N,VIIRS,l,2.0NRT,289.83,90.96,D
49.73452,-121.38172,338.72,0.44,0.46,2026-08-09,2021,N,VIIRS,n,2.0NRT,293.64,13.03,D
49.73566,-121.37704,367.0,0.44,0.46,2026-08-09,2021,N,VIIRS,h,2.0NRT,300.88,13.03,D
49.73612,-121.29957,349.45,0.43,0.46,2026-08-09,2021,N,VIIRS,n,2.0NRT,286.46,163.62,D
49.73692,-121.37183,341.6,0.44,0.46,2026-08-09,2021,N,VIIRS,n,2.0NRT,295.25,8.41,D
49.73833,-121.34708,347.65,0.43,0.46,2026-08-09,2021,N,VIIRS,n,2.0NRT,288.6,9.92,D
49.73852,-121.38414,328.75,0.44,0.46,2026-08-09,2021,N,VIIRS,n,2.0NRT,293.46,9.19,D
49.73863,-121.3648,343.24,0.44,0.46,2026-08-09,2021,N,VIIRS,n,2.0NRT,293.74,8.41,D
49.7415,-121.39079,355.01,0.44,0.46,2026-08-09,2021,N,VIIRS,n,2.0NRT,297.35,12.37,D
49.74555,-121.39301,342.56,0.44,0.46,2026-08-09,2021,N,VIIRS,n,2.0NRT,296.91,5.72,D
49.7496,-121.39523,332.25,0.44,0.46,2026-08-09,2021,N,VIIRS,n,2.0NRT,292.41,5.72,D
49.75356,-121.39787,332.81,0.44,0.46,2026-08-09,2021,N,VIIRS,n,2.0NRT,294.11,3.09,D
49.75759,-121.40019,331.61,0.44,0.46,2026-08-09,2021,N,VIIRS,n,2.0NRT,283.11,3.09,D
49.76867,-121.40548,341.14,0.44,0.46,2026-08-09,2021,N,VIIRS,n,2.0NRT,290.54,5.64,D
49.77012,-121.40526,338.49,0.44,0.46,2026-08-09,2021,N,VIIRS,n,2.0NRT,288.25,5.28,D
49.81005,-121.51841,328.73,0.44,0.46,2026-08-09,2021,N,VIIRS,n,2.0NRT,287.99,6.12,D
49.82512,-121.11852,341.27,0.42,0.45,2026-08-09,2021,N,VIIRS,n,2.0NRT,285.53,7.19,D
49.82528,-121.13682,345.38,0.42,0.46,2026-08-09,2021,N,VIIRS,n,2.0NRT,292.43,17.73,D
49.82536,-121.15559,325.55,0.43,0.46,2026-08-09,2021,N,VIIRS,n,2.0NRT,288.94,3.73,D
49.82548,-121.15492,326.1,0.43,0.46,2026-08-09,2021,N,VIIRS,n,2.0NRT,288.79,4.39,D
49.8265,-121.13168,356.77,0.42,0.46,2026-08-09,2021,N,VIIRS,n,2.0NRT,298.04,17.73,D
49.82663,-121.15033,334.1,0.42,0.46,2026-08-09,2021,N,VIIRS,n,2.0NRT,291.79,3.73,D
49.82674,-121.14962,333.74,0.43,0.46,2026-08-09,2021,N,VIIRS,n,2.0NRT,291.1,4.78,D
49.82776,-121.1264,350.99,0.42,0.46,2026-08-09,2021,N,VIIRS,n,2.0NRT,290.53,73.34,D
49.82792,-121.14506,334.66,0.42,0.46,2026-08-09,2021,N,VIIRS,n,2.0NRT,291.25,4.92,D
49.828,-121.16335,326.54,0.43,0.46,2026-08-09,2021,N,VIIRS,n,2.0NRT,289.71,5.42,D
49.82801,-121.14433,333.07,0.42,0.46,2026-08-09,2021,N,VIIRS,n,2.0NRT,290.35,4.78,D
49.82814,-121.16273,327.15,0.43,0.46,2026-08-09,2021,N,VIIRS,n,2.0NRT,289.91,4.83,D
49.82906,-121.10197,339.67,0.42,0.45,2026-08-09,2021,N,VIIRS,n,2.0NRT,285.24,6.1,D
49.82917,-121.13989,326.41,0.42,0.46,2026-08-09,2021,N,VIIRS,n,2.0NRT,285.56,4.92,D
49.82921,-121.15838,332.9,0.43,0.46,2026-08-09,2021,N,VIIRS,n,2.0NRT,290.33,3.73,D
49.82924,-121.13917,328.9,0.42,0.46,2026-08-09,2021,N,VIIRS,n,2.0NRT,285.65,17.73,D
49.82934,-121.15774,333.49,0.43,0.46,2026-08-09,2021,N,VIIRS,n,2.0NRT,290.81,4.83,D
49.8304,-121.13484,342.08,0.42,0.46,2026-08-09,2021,N,VIIRS,n,2.0NRT,287.32,35.11,D
49.83045,-121.1341,345.02,0.42,0.46,2026-08-09,2021,N,VIIRS,n,2.0NRT,291.05,17.73,D
49.83046,-121.15325,329.22,0.42,0.46,2026-08-09,2021,N,VIIRS,n,2.0NRT,288.14,3.73,D
49.83057,-121.15257,329.39,0.43,0.46,2026-08-09,2021,N,VIIRS,n,2.0NRT,288.76,8.04,D
49.83165,-121.1297,354.14,0.42,0.45,2026-08-09,2021,N,VIIRS,n,2.0NRT,296.89,35.11,D
49.83168,-121.12892,354.85,0.42,0.46,2026-08-09,2021,N,VIIRS,n,2.0NRT,298.57,73.34,D
49.83176,-121.10962,346.57,0.42,0.45,2026-08-09,2021,N,VIIRS,n,2.0NRT,289.3,95.23,D
49.83186,-121.16616,331.31,0.43,0.46,2026-08-09,2021,N,VIIRS,n,2.0NRT,290.88,6.96,D
49.832,-121.16556,331.28,0.43,0.46,2026-08-09,2021,N,VIIRS,n,2.0NRT,291.12,4.83,D
49.83295,-121.12434,341.54,0.42,0.45,2026-08-09,2021,N,VIIRS,n,2.0NRT,297.93,50.38,D
49.83297,-121.12351,340.23,0.42,0.45,2026-08-09,2021,N,VIIRS,n,2.0NRT,301.31,73.34,D
49.83332,-121.17881,326.32,0.43,0.46,2026-08-09,2021,N,VIIRS,n,2.0NRT,276.91,2.69,D
49.83429,-121.11881,352.94,0.42,0.45,2026-08-09,2021,N,VIIRS,n,2.0NRT,286.81,50.38,D
49.83429,-121.11796,356.91,0.42,0.45,2026-08-09,2021,N,VIIRS,l,2.0NRT,287.31,95.23,D
49.83563,-121.11234,325.35,0.42,0.45,2026-08-09,2021,N,VIIRS,n,2.0NRT,284.28,95.23,D
49.83867,-121.23155,367.0,0.43,0.46,2026-08-09,2021,N,VIIRS,h,2.0NRT,290.98,13.6,D
49.83934,-121.15396,367.0,0.42,0.46,2026-08-09,2021,N,VIIRS,h,2.0NRT,293.84,12.16,D
49.84062,-121.1487,337.56,0.42,0.46,2026-08-09,2021,N,VIIRS,n,2.0NRT,285.85,12.16,D
49.84243,-121.23474,329.24,0.43,0.46,2026-08-09,2021,N,VIIRS,n,2.0NRT,283.66,2.62,D
49.85545,-121.19975,335.27,0.43,0.46,2026-08-09,2021,N,VIIRS,n,2.0NRT,287.39,19.4,D
49.8569,-121.19379,367.0,0.43,0.46,2026-08-09,2021,N,VIIRS,h,2.0NRT,290.29,21.88,D
49.85833,-121.18788,331.68,0.43,0.46,2026-08-09,2021,N,VIIRS,n,2.0NRT,280.5,21.88,D
49.8598,-121.20055,342.25,0.43,0.46,2026-08-09,2021,N,VIIRS,n,2.0NRT,288.1,11.21,D
49.86115,-121.195,334.7,0.43,0.46,2026-08-09,2021,N,VIIRS,n,2.0NRT,286.12,9.95,D
49.86239,-121.52591,350.74,0.44,0.46,2026-08-09,2021,N,VIIRS,n,2.0NRT,289.58,7.66,D
49.86339,-121.11079,340.16,0.42,0.45,2026-08-09,2021,N,VIIRS,n,2.0NRT,277.08,5.59,D
49.8648,-121.10497,356.9,0.42,0.45,2026-08-09,2021,N,VIIRS,l,2.0NRT,286.55,20.81,D
49.8659,-121.11909,341.31,0.42,0.45,2026-08-09,2021,N,VIIRS,n,2.0NRT,279.9,5.59,D
49.86736,-121.11308,337.13,0.42,0.45,2026-08-09,2021,N,VIIRS,n,2.0NRT,278.88,5.59,D
49.88211,-121.52071,367.0,0.44,0.46,2026-08-09,2021,N,VIIRS,h,2.0NRT,298.05,17.48,D
49.88315,-121.10378,356.22,0.42,0.45,2026-08-09,2021,N,VIIRS,n,2.0NRT,292.53,10.1,D
49.88469,-121.09742,330.27,0.42,0.45,2026-08-09,2021,N,VIIRS,n,2.0NRT,281.03,10.1,D
49.88649,-121.52163,335.29,0.44,0.46,2026-08-09,2021,N,VIIRS,n,2.0NRT,289.97,4.68,D
49.89054,-121.33724,335.44,0.43,0.46,2026-08-09,2021,N,VIIRS,n,2.0NRT,289.12,13.21,D
49.89218,-121.33039,339.62,0.43,0.46,2026-08-09,2021,N,VIIRS,n,2.0NRT,285.95,13.21,D
49.89524,-121.14745,346.11,0.42,0.45,2026-08-09,2021,N,VIIRS,n,2.0NRT,278.7,9.35,D
49.91886,-121.53979,341.11,0.44,0.46,2026-08-09,2021,N,VIIRS,n,2.0NRT,285.18,3.68,D
50.09042,-121.20553,338.36,0.42,0.45,2026-08-09,2021,N,VIIRS,n,2.0NRT,275.8,4.07,D
50.09456,-121.20706,331.83,0.42,0.45,2026-08-09,2021,N,VIIRS,n,2.0NRT,279.5,5.1,D
50.09587,-121.20157,342.02,0.42,0.45,2026-08-09,2021,N,VIIRS,n,2.0NRT,279.38,11.11,D
50.10687,-121.21209,340.32,0.42,0.45,2026-08-09,2023,N,VIIRS,n,2.0NRT,278.37,10.28,D
50.1317,-121.16476,343.22,0.42,0.45,2026-08-09,2023,N,VIIRS,n,2.0NRT,275.04,24.12,D
50.13298,-121.15937,353.72,0.42,0.45,2026-08-09,2023,N,VIIRS,n,2.0NRT,288.43,27.27,D
50.13337,-121.21432,338.53,0.42,0.45,2026-08-09,2023,N,VIIRS,n,2.0NRT,282.21,4.21,D
50.13417,-121.15437,329.49,0.42,0.45,2026-08-09,2023,N,VIIRS,n,2.0NRT,274.98,27.27,D
50.13925,-121.15194,326.4,0.42,0.45,2026-08-09,2023,N,VIIRS,n,2.0NRT,275.62,3.24,D
50.14046,-121.14684,325.4,0.42,0.45,2026-08-09,2023,N,VIIRS,n,2.0NRT,274.95,3.24,D
50.14437,-121.14929,329.26,0.42,0.45,2026-08-09,2023,N,VIIRS,n,2.0NRT,278.52,6.11,D
50.15066,-121.14172,344.35,0.42,0.45,2026-08-09,2023,N,VIIRS,n,2.0NRT,279.55,12.67,D
50.15842,-121.14686,334.18,0.42,0.45,2026-08-09,2023,N,VIIRS,n,2.0NRT,282.09,8.84,D
49.72383,-121.32274,307.46,0.39,0.36,2026-08-10,1015,N,VIIRS,n,2.0NRT,279.89,1.01,N
49.72564,-121.31136,303.49,0.39,0.36,2026-08-10,1015,N,VIIRS,n,2.0NRT,284.1,3.63,N
49.72641,-121.31664,314.46,0.39,0.36,2026-08-10,1015,N,VIIRS,n,2.0NRT,284.51,2.5,N
49.72739,-121.29958,297.71,0.39,0.36,2026-08-10,1015,N,VIIRS,n,2.0NRT,280.65,0.95,N
49.72818,-121.30499,346.82,0.39,0.36,2026-08-10,1015,N,VIIRS,n,2.0NRT,284.1,3.63,N
49.72867,-121.33224,297.22,0.39,0.36,2026-08-10,1015,N,VIIRS,n,2.0NRT,279.8,0.98,N
49.72896,-121.31036,305.68,0.39,0.36,2026-08-10,1015,N,VIIRS,n,2.0NRT,284.94,3.63,N
49.73022,-121.34291,314.58,0.39,0.36,2026-08-10,1015,N,VIIRS,n,2.0NRT,279.85,1.76,N
49.73067,-121.29834,348.52,0.39,0.36,2026-08-10,1015,N,VIIRS,n,2.0NRT,288.95,23.64,N
49.73104,-121.34856,301.77,0.39,0.36,2026-08-10,1015,N,VIIRS,n,2.0NRT,280.54,1.6,N
49.73147,-121.30379,331.79,0.39,0.36,2026-08-10,1015,N,VIIRS,n,2.0NRT,299.42,15.62,N
49.73176,-121.37738,305.87,0.39,0.36,2026-08-10,1015,N,VIIRS,n,2.0NRT,278.48,0.61,N
49.73225,-121.30917,307.58,0.39,0.36,2026-08-10,1015,N,VIIRS,n,2.0NRT,284.39,15.62,N
49.73251,-121.38258,295.63,0.39,0.36,2026-08-10,1015,N,VIIRS,n,2.0NRT,278.78,0.29,N
49.73316,-121.29167,328.45,0.39,0.36,2026-08-10,1015,N,VIIRS,n,2.0NRT,285.25,23.64,N
49.73393,-121.29697,355.2,0.39,0.36,2026-08-10,1015,N,VIIRS,n,2.0NRT,294.32,23.64,N
49.73473,-121.30241,316.03,0.39,0.36,2026-08-10,1015,N,VIIRS,n,2.0NRT,278.18,15.62,N
49.73509,-121.3764,301.03,0.39,0.36,2026-08-10,1015,N,VIIRS,n,2.0NRT,281.97,0.92,N
49.73516,-121.35305,321.36,0.39,0.36,2026-08-10,1015,N,VIIRS,n,2.0NRT,280.59,1.6,N
49.73553,-121.30789,302.98,0.39,0.36,2026-08-10,1015,N,VIIRS,n,2.0NRT,281.47,15.62,N
49.73584,-121.3816,309.67,0.39,0.36,2026-08-10,1015,N,VIIRS,n,2.0NRT,282.71,0.81,N
49.73599,-121.35872,367.0,0.39,0.36,2026-08-10,1015,N,VIIRS,h,2.0NRT,283.76,8.33,N
49.73644,-121.29039,338.8,0.39,0.36,2026-08-10,1015,N,VIIRS,n,2.0NRT,288.42,18.31,N
49.73659,-121.38678,304.51,0.39,0.36,2026-08-10,1015,N,VIIRS,n,2.0NRT,280.36,0.81,N
49.73681,-121.36437,343.79,0.39,0.36,2026-08-10,1015,N,VIIRS,n,2.0NRT,281.75,8.33,N
49.73719,-121.29559,349.55,0.39,0.36,2026-08-10,1015,N,VIIRS,n,2.0NRT,296.79,18.31,N
49.73733,-121.39193,335.49,0.39,0.36,2026-08-10,1015,N,VIIRS,n,2.0NRT,282.76,2.31,N
49.73763,-121.37,309.31,0.39,0.36,2026-08-10,1015,N,VIIRS,n,2.0NRT,279.43,0.92,N
49.73765,-121.34633,305.72,0.39,0.36,2026-08-10,1015,N,VIIRS,n,2.0NRT,279.53,1.18,N
49.73798,-121.301,324.27,0.39,0.36,2026-08-10,1015,N,VIIRS,n,2.0NRT,277.62,1.52,N
49.7381,-121.39722,305.52,0.39,0.36,2026-08-10,1015,N,VIIRS,n,2.0NRT,281.64,2.31,N
49.7384,-121.37531,298.65,0.39,0.36,2026-08-10,1015,N,VIIRS,n,2.0NRT,281.69,0.92,N
49.73845,-121.35184,313.51,0.39,0.36,2026-08-10,1015,N,VIIRS,n,2.0NRT,281.55,1.18,N
49.73879,-121.30653,297.52,0.39,0.36,2026-08-10,1015,N,VIIRS,n,2.0NRT,278.58,1.52,N
49.73917,-121.38063,295.07,0.39,0.36,2026-08-10,1015,N,VIIRS,n,2.0NRT,282.05,0.81,N
49.73926,-121.35741,306.07,0.39,0.36,2026-08-10,1015,N,VIIRS,n,2.0NRT,280.77,1.44,N
49.73972,-121.28916,303.99,0.39,0.36,2026-08-10,1015,N,VIIRS,n,2.0NRT,274.73,18.31,N
49.73991,-121.38577,306.43,0.39,0.36,2026-08-10,1015,N,VIIRS,n,2.0NRT,282.56,0.81,N
49.74047,-121.29431,337.0,0.39,0.36,2026-08-10,1015,N,VIIRS,n,2.0NRT,274.92,18.31,N
49.74065,-121.39091,329.87,0.39,0.36,2026-08-10,1015,N,VIIRS,n,2.0NRT,285.34,2.31,N
49.74125,-121.29968,315.11,0.39,0.36,2026-08-10,1015,N,VIIRS,n,2.0NRT,278.33,1.52,N
49.74141,-121.39615,317.03,0.39,0.36,2026-08-10,1015,N,VIIRS,n,2.0NRT,284.32,2.31,N
49.74204,-121.3051,299.18,0.39,0.36,2026-08-10,1015,N,VIIRS,n,2.0NRT,277.86,1.52,N
49.74472,-121.39507,302.46,0.39,0.36,2026-08-10,1015,N,VIIRS,n,2.0NRT,283.31,0.67,N
49.7453,-121.30375,319.14,0.39,0.36,2026-08-10,1015,N,VIIRS,n,2.0NRT,276.84,1.69,N
49.74804,-121.39403,297.88,0.39,0.36,2026-08-10,1015,N,VIIRS,n,2.0NRT,282.89,0.67,N
49.74858,-121.30254,314.58,0.39,0.36,2026-08-10,1015,N,VIIRS,n,2.0NRT,277.55,1.69,N
49.75187,-121.30136,310.83,0.39,0.36,2026-08-10,1015,N,VIIRS,n,2.0NRT,276.06,0.67,N
49.75212,-121.39828,302.96,0.39,0.36,2026-08-10,1015,N,VIIRS,n,2.0NRT,283.67,1.68,N
49.75348,-121.31236,297.7,0.39,0.36,2026-08-10,1015,N,VIIRS,n,2.0NRT,279.43,1.13,N
49.75438,-121.29485,296.7,0.39,0.36,2026-08-10,1015,N,VIIRS,n,2.0NRT,268.93,0.67,N
49.75517,-121.30021,296.64,0.39,0.36,2026-08-10,1015,N,VIIRS,n,2.0NRT,271.74,0.67,N
49.75543,-121.39717,311.02,0.39,0.36,2026-08-10,1015,N,VIIRS,n,2.0NRT,285.53,1.68,N
49.756,-121.29301,310.98,0.39,0.36,2026-08-10,1015,N,VIIRS,n,2.0NRT,268.97,0.74,N
49.75621,-121.40258,333.05,0.39,0.36,2026-08-10,1015,N,VIIRS,n,2.0NRT,285.78,1.68,N
49.75677,-121.31116,309.79,0.39,0.36,2026-08-10,1015,N,VIIRS,n,2.0NRT,280.32,1.13,N
49.75677,-121.29836,305.16,0.39,0.36,2026-08-10,1015,N,VIIRS,n,2.0NRT,272.85,1.96,N
49.75835,-121.30933,305.59,0.39,0.36,2026-08-10,1015,N,VIIRS,n,2.0NRT,277.65,1.17,N
49.75914,-121.31488,313.79,0.39,0.36,2026-08-10,1015,N,VIIRS,n,2.0NRT,280.56,1.17,N
49.75928,-121.29179,308.35,0.39,0.36,2026-08-10,1015,N,VIIRS,n,2.0NRT,272.03,0.74,N
49.75951,-121.40141,302.63,0.39,0.36,2026-08-10,1015,N,VIIRS,n,2.0NRT,285.36,0.93,N
49.76031,-121.40694,321.96,0.39,0.36,2026-08-10,1015,N,VIIRS,n,2.0NRT,285.15,1.19,N
49.76243,-121.3137,298.83,0.39,0.36,2026-08-10,1015,N,VIIRS,n,2.0NRT,276.66,1.17,N
49.76359,-121.4056,302.86,0.39,0.36,2026-08-10,1015,N,VIIRS,n,2.0NRT,284.95,1.19,N
49.76601,-121.42226,344.3,0.39,0.36,2026-08-10,1015,N,VIIRS,n,2.0NRT,286.97,4.69,N
49.7668,-121.42773,305.36,0.39,0.36,2026-08-10,1015,N,VIIRS,n,2.0NRT,285.99,1.65,N
49.76686,-121.40434,298.55,0.39,0.36,2026-08-10,1015,N,VIIRS,n,2.0NRT,284.77,0.88,N
49.76925,-121.42076,342.39,0.39,0.36,2026-08-10,1015,N,VIIRS,n,2.0NRT,290.28,6.4,N
49.77075,-121.29932,298.58,0.39,0.36,2026-08-10,1015,N,VIIRS,n,2.0NRT,273.4,0.78,N
49.77171,-121.41383,342.04,0.39,0.36,2026-08-10,1015,N,VIIRS,n,2.0NRT,287.61,6.4,N
49.77251,-121.41937,327.22,0.39,0.36,2026-08-10,1015,N,VIIRS,n,2.0NRT,288.16,6.4,N
49.77311,-121.41203,326.05,0.39,0.36,2026-08-10,1015,N,VIIRS,n,2.0NRT,285.52,2.33,N
49.77389,-121.41758,323.9,0.39,0.36,2026-08-10,1015,N,VIIRS,n,2.0NRT,287.35,2.83,N
49.77468,-121.42317,325.5,0.39,0.36,2026-08-10,1015,N,VIIRS,n,2.0NRT,286.97,2.83,N
49.77639,-121.41075,308.63,0.39,0.36,2026-08-10,1015,N,VIIRS,n,2.0NRT,283.55,2.33,N
49.77718,-121.41627,309.4,0.39,0.36,2026-08-10,1015,N,VIIRS,n,2.0NRT,285.76,2.83,N
49.77797,-121.4219,329.69,0.39,0.36,2026-08-10,1015,N,VIIRS,n,2.0NRT,287.62,2.83,N
49.78206,-121.42624,299.05,0.39,0.36,2026-08-10,1015,N,VIIRS,n,2.0NRT,285.22,0.45,N
49.78376,-121.4138,297.67,0.39,0.36,2026-08-10,1015,N,VIIRS,n,2.0NRT,283.3,1.21,N
49.78535,-121.42497,302.45,0.39,0.36,2026-08-10,1015,N,VIIRS,n,2.0NRT,285.57,0.45,N
49.78741,-121.27097,301.9,0.39,0.36,2026-08-10,1015,N,VIIRS,n,2.0NRT,272.51,1.1,N
49.7907,-121.26976,308.03,0.39,0.36,2026-08-10,1015,N,VIIRS,n,2.0NRT,275.08,1.1,N
49.80912,-121.51834,295.53,0.39,0.36,2026-08-10,1015,N,VIIRS,n,2.0NRT,282.68,1.06,N
49.81343,-121.49994,313.76,0.39,0.36,2026-08-10,1015,N,VIIRS,n,2.0NRT,284.72,1.03,N
49.81499,-121.51091,295.53,0.39,0.36,2026-08-10,1015,N,VIIRS,n,2.0NRT,282.93,0.53,N
49.81676,-121.499,299.11,0.39,0.36,2026-08-10,1015,N,VIIRS,n,2.0NRT,283.58,1.03,N
49.82075,-121.19099,325.32,0.39,0.36,2026-08-10,1015,N,VIIRS,n,2.0NRT,260.95,1.61,N
49.82159,-121.19673,298.14,0.39,0.36,2026-08-10,1015,N,VIIRS,n,2.0NRT,260.01,0.87,N
49.82403,-121.18977,351.38,0.39,0.36,2026-08-10,1015,N,VIIRS,n,2.0NRT,268.56,3.87,N
49.82512,-121.15002,296.96,0.39,0.36,2026-08-10,1015,N,VIIRS,n,2.0NRT,270.07,1.31,N
49.8259,-121.15536,304.5,0.39,0.36,2026-08-10,1015,N,VIIRS,n,2.0NRT,266.73,1.31,N
49.82609,-121.13303,348.74,0.39,0.36,2026-08-10,1015,N,VIIRS,n,2.0NRT,287.98,11.58,N
49.82649,-121.18302,300.85,0.39,0.36,2026-08-10,1015,N,VIIRS,n,2.0NRT,263.69,3.87,N
49.82668,-121.16067,298.55,0.39,0.36,2026-08-10,1015,N,VIIRS,n,2.0NRT,268.2,1.12,N
49.82686,-121.1383,334.56,0.39,0.36,2026-08-10,1015,N,VIIRS,n,2.0NRT,284.81,6.2,N
49.82703,-121.11588,336.55,0.39,0.36,2026-08-10,1015,N,VIIRS,n,2.0NRT,285.59,12.51,N
49.82731,-121.18855,321.8,0.39,0.36,2026-08-10,1015,N,VIIRS,n,2.0NRT,266.85,3.87,N
49.82746,-121.16597,296.96,0.39,0.36,2026-08-10,1015,N,VIIRS,n,2.0NRT,266.8,1.12,N
49.82764,-121.14359,315.56,0.39,0.36,2026-08-10,1015,N,VIIRS,n,2.0NRT,279.3,6.2,N
49.82782,-121.12125,355.15,0.39,0.36,2026-08-10,1015,N,VIIRS,n,2.0NRT,285.46,12.51,N
49.82798,-121.09883,319.59,0.39,0.36,2026-08-10,1015,N,VIIRS,n,2.0NRT,278.76,3.41,N
49.82842,-121.14893,314.51,0.39,0.36,2026-08-10,1015,N,VIIRS,n,2.0NRT,277.53,1.31,N
49.82861,-121.12659,311.16,0.39,0.36,2026-08-10,1015,N,VIIRS,n,2.0NRT,280.53,2.76,N
49.82874,-121.10405,349.14,0.39,0.36,2026-08-10,1015,N,VIIRS,n,2.0NRT,284.38,7.14,N
49.82921,-121.1543,318.17,0.39,0.36,2026-08-10,1015,N,VIIRS,n,2.0NRT,277.67,1.31,N
49.82938,-121.13191,311.87,0.39,0.36,2026-08-10,1015,N,VIIRS,n,2.0NRT,281.87,2.76,N
49.82952,-121.10936,304.99,0.39,0.36,2026-08-10,1015,N,VIIRS,n,2.0NRT,280.28,7.14,N
49.82973,-121.08719,296.29,0.39,0.36,2026-08-10,1015,N,VIIRS,n,2.0NRT,270.54,2.4,N
49.82999,-121.15963,311.09,0.39,0.36,2026-08-10,1015,N,VIIRS,n,2.0NRT,275.08,1.12,N
49.83032,-121.11473,348.95,0.39,0.36,2026-08-10,1015,N,VIIRS,n,2.0NRT,290.34,12.51,N
49.83076,-121.16493,316.37,0.39,0.36,2026-08-10,1015,N,VIIRS,n,2.0NRT,273.28,1.12,N
49.83111,-121.12012,355.72,0.39,0.36,2026-08-10,1015,N,VIIRS,n,2.0NRT,297.91,12.51,N
49.83126,-121.09763,330.78,0.39,0.36,2026-08-10,1015,N,VIIRS,n,2.0NRT,277.08,3.5,N
49.83147,-121.0755,296.44,0.39,0.36,2026-08-10,1015,N,VIIRS,n,2.0NRT,266.25,0.48,N
49.83155,-121.17026,305.71,0.39,0.36,2026-08-10,1015,N,VIIRS,n,2.0NRT,270.25,1.27,N
49.83173,-121.1479,308.93,0.39,0.36,2026-08-10,1015,N,VIIRS,n,2.0NRT,281.27,2.19,N
49.8319,-121.1255,331.27,0.39,0.36,2026-08-10,1015,N,VIIRS,n,2.0NRT,285.08,2.76,N
49.83204,-121.10291,329.62,0.39,0.36,2026-08-10,1015,N,VIIRS,n,2.0NRT,280.68,2.88,N
49.83224,-121.08076,316.2,0.39,0.36,2026-08-10,1015,N,VIIRS,n,2.0NRT,264.26,2.4,N
49.83282,-121.10825,315.49,0.39,0.36,2026-08-10,1015,N,VIIRS,n,2.0NRT,279.58,2.88,N
49.83289,-121.07405,299.77,0.39,0.36,2026-08-10,1015,N,VIIRS,n,2.0NRT,265.67,14.91,N
49.83301,-121.08598,340.36,0.39,0.36,2026-08-10,1015,N,VIIRS,n,2.0NRT,261.67,2.4,N
49.8333,-121.15861,307.29,0.39,0.36,2026-08-10,1015,N,VIIRS,n,2.0NRT,278.4,1.35,N
49.83361,-121.11364,325.36,0.39,0.36,2026-08-10,1015,N,VIIRS,n,2.0NRT,284.2,4.04,N
49.83367,-121.0793,329.01,0.39,0.36,2026-08-10,1015,N,VIIRS,n,2.0NRT,267.0,14.91,N
49.83377,-121.09121,341.81,0.39,0.36,2026-08-10,1015,N,VIIRS,n,2.0NRT,262.24,3.5,N
49.83408,-121.16393,300.18,0.39,0.36,2026-08-10,1015,N,VIIRS,n,2.0NRT,272.49,1.35,N
49.83441,-121.11902,317.44,0.39,0.36,2026-08-10,1015,N,VIIRS,n,2.0NRT,282.67,4.04,N
49.83444,-121.08451,352.67,0.39,0.36,2026-08-10,1015,N,VIIRS,n,2.0NRT,274.05,39.67,N
49.83455,-121.09645,320.27,0.39,0.36,2026-08-10,1015,N,VIIRS,n,2.0NRT,265.34,3.5,N
49.83473,-121.19196,297.52,0.39,0.36,2026-08-10,1015,N,VIIRS,n,2.0NRT,265.92,0.88,N
49.83521,-121.08972,354.23,0.39,0.36,2026-08-10,1015,N,VIIRS,n,2.0NRT,269.23,39.67,N
49.83532,-121.10177,319.52,0.39,0.36,2026-08-10,1015,N,VIIRS,n,2.0NRT,268.36,2.88,N
49.83598,-121.09499,327.28,0.39,0.36,2026-08-10,1015,N,VIIRS,n,2.0NRT,261.84,3.09,N
49.83612,-121.10715,337.65,0.39,0.36,2026-08-10,1015,N,VIIRS,n,2.0NRT,274.03,2.88,N
49.83619,-121.07291,314.47,0.39,0.36,2026-08-10,1015,N,VIIRS,n,2.0NRT,269.92,14.91,N
49.83676,-121.10032,319.84,0.39,0.36,2026-08-10,1015,N,VIIRS,n,2.0NRT,263.35,3.09,N
49.83691,-121.11253,347.89,0.39,0.36,2026-08-10,1015,N,VIIRS,n,2.0NRT,274.7,4.04,N
49.83695,-121.07812,330.99,0.39,0.36,2026-08-10,1015,N,VIIRS,n,2.0NRT,284.37,14.91,N
49.83754,-121.10569,338.71,0.39,0.36,2026-08-10,1015,N,VIIRS,n,2.0NRT,267.94,3.16,N
49.83772,-121.08333,333.29,0.39,0.36,2026-08-10,1015,N,VIIRS,n,2.0NRT,300.3,39.67,N
49.83833,-121.11107,345.07,0.39,0.36,2026-08-10,1015,N,VIIRS,n,2.0NRT,268.27,3.16,N
49.83835,-121.14585,311.68,0.39,0.36,2026-08-10,1015,N,VIIRS,n,2.0NRT,276.6,1.92,N
49.83849,-121.08855,351.14,0.39,0.36,2026-08-10,1015,N,VIIRS,n,2.0NRT,271.26,39.67,N
49.83886,-121.19652,314.74,0.39,0.36,2026-08-10,1015,N,VIIRS,n,2.0NRT,264.84,1.55,N
49.83914,-121.15121,312.06,0.39,0.36,2026-08-10,1015,N,VIIRS,n,2.0NRT,278.62,1.92,N
49.83926,-121.09383,337.14,0.39,0.36,2026-08-10,1015,N,VIIRS,n,2.0NRT,267.95,3.09,N
49.83947,-121.07172,314.24,0.39,0.36,2026-08-10,1015,N,VIIRS,n,2.0NRT,271.31,11.69,N
49.83992,-121.15655,331.64,0.39,0.36,2026-08-10,1015,N,VIIRS,n,2.0NRT,280.44,4.45,N
49.84005,-121.09918,327.37,0.39,0.36,2026-08-10,1015,N,VIIRS,n,2.0NRT,262.97,3.09,N
49.84024,-121.07696,346.38,0.39,0.36,2026-08-10,1015,N,VIIRS,n,2.0NRT,291.65,11.69,N
49.84029,-121.22994,296.11,0.39,0.36,2026-08-10,1015,N,VIIRS,n,2.0NRT,263.57,0.55,N
49.84083,-121.10455,299.31,0.39,0.36,2026-08-10,1015,N,VIIRS,n,2.0NRT,259.63,3.16,N
49.84086,-121.13937,303.64,0.39,0.36,2026-08-10,1015,N,VIIRS,n,2.0NRT,271.28,1.89,N
49.84101,-121.08218,353.41,0.39,0.36,2026-08-10,1015,N,VIIRS,n,2.0NRT,278.79,8.87,N
49.84107,-121.2353,297.42,0.39,0.36,2026-08-10,1015,N,VIIRS,n,2.0NRT,266.06,0.7,N
49.84161,-121.10994,299.45,0.39,0.36,2026-08-10,1015,N,VIIRS,n,2.0NRT,260.71,3.16,N
49.84178,-121.08745,321.68,0.39,0.36,2026-08-10,1015,N,VIIRS,n,2.0NRT,271.5,8.87,N
49.84256,-121.09275,316.72,0.39,0.36,2026-08-10,1015,N,VIIRS,n,2.0NRT,265.47,2.11,N
49.84275,-121.07056,321.33,0.39,0.36,2026-08-10,1015,N,VIIRS,n,2.0NRT,271.64,11.69,N
49.84353,-121.07578,336.49,0.39,0.36,2026-08-10,1015,N,VIIRS,n,2.0NRT,277.32,11.69,N
49.8443,-121.08105,350.47,0.39,0.36,2026-08-10,1015,N,VIIRS,n,2.0NRT,283.63,8.87,N
49.84508,-121.08633,319.45,0.39,0.36,2026-08-10,1015,N,VIIRS,n,2.0NRT,270.81,8.87,N
49.84604,-121.06937,331.22,0.39,0.36,2026-08-10,1015,N,VIIRS,n,2.0NRT,277.73,6.0,N
49.84681,-121.0746,352.2,0.39,0.36,2026-08-10,1015,N,VIIRS,n,2.0NRT,279.65,6.0,N
49.84758,-121.07986,350.05,0.39,0.36,2026-08-10,1015,N,VIIRS,n,2.0NRT,275.48,3.59,N
49.84836,-121.08517,305.28,0.39,0.36,2026-08-10,1015,N,VIIRS,n,2.0NRT,269.01,3.59,N
49.84868,-121.2162,300.21,0.39,0.36,2026-08-10,1015,N,VIIRS,n,2.0NRT,263.73,0.76,N
49.8488,-121.1934,301.61,0.39,0.36,2026-08-10,1015,N,VIIRS,n,2.0NRT,263.48,0.64,N
49.84933,-121.06818,324.26,0.39,0.36,2026-08-10,1015,N,VIIRS,n,2.0NRT,275.7,6.0,N
49.84961,-121.19889,319.09,0.39,0.36,2026-08-10,1015,N,VIIRS,n,2.0NRT,264.54,2.57,N
49.85009,-121.07339,345.72,0.39,0.36,2026-08-10,1015,N,VIIRS,n,2.0NRT,278.06,6.0,N
49.85029,-121.32241,295.06,0.39,0.36,2026-08-10,1015,N,VIIRS,n,2.0NRT,270.01,0.56,N
49.85088,-121.19756,330.71,0.39,0.36,2026-08-10,1015,N,VIIRS,n,2.0NRT,268.5,1.77,N
49.8512,-121.20975,304.36,0.39,0.36,2026-08-10,1015,N,VIIRS,n,2.0NRT,261.14,0.76,N
49.85167,-121.203,299.39,0.39,0.36,2026-08-10,1015,N,VIIRS,n,2.0NRT,263.54,1.37,N
49.852,-121.21516,295.03,0.39,0.36,2026-08-10,1015,N,VIIRS,n,2.0NRT,260.04,0.76,N
49.85245,-121.2084,310.82,0.39,0.36,2026-08-10,1015,N,VIIRS,n,2.0NRT,261.1,1.37,N
49.85323,-121.21384,299.39,0.39,0.36,2026-08-10,1015,N,VIIRS,n,2.0NRT,261.9,0.66,N
49.85418,-121.19646,299.69,0.39,0.36,2026-08-10,1015,N,VIIRS,n,2.0NRT,265.11,1.77,N
49.85746,-121.19521,299.43,0.39,0.36,2026-08-10,1015,N,VIIRS,n,2.0NRT,265.85,0.73,N
49.86214,-121.10846,317.15,0.39,0.36,2026-08-10,1015,N,VIIRS,n,2.0NRT,269.38,2.21,N
49.86266,-121.5286,298.9,0.39,0.37,2026-08-10,1015,N,VIIRS,n,2.0NRT,281.96,0.53,N
49.86371,-121.11926,299.51,0.39,0.36,2026-08-10,1015,N,VIIRS,n,2.0NRT,268.95,0.75,N
49.86464,-121.10192,298.2,0.39,0.36,2026-08-10,1015,N,VIIRS,n,2.0NRT,271.55,0.58,N
49.86543,-121.10728,331.87,0.39,0.36,2026-08-10,1015,N,VIIRS,n,2.0NRT,274.55,2.44,N
49.866,-121.52767,298.42,0.39,0.37,2026-08-10,1015,N,VIIRS,n,2.0NRT,282.92,0.64,N
49.86622,-121.11268,315.41,0.39,0.36,2026-08-10,1015,N,VIIRS,n,2.0NRT,272.01,2.44,N
49.867,-121.1181,308.92,0.39,0.36,2026-08-10,1015,N,VIIRS,n,2.0NRT,272.97,1.55,N
49.86843,-121.15157,296.76,0.39,0.36,2026-08-10,1015,N,VIIRS,n,2.0NRT,269.93,1.35,N
49.87016,-121.13973,297.43,0.39,0.36,2026-08-10,1015,N,VIIRS,n,2.0NRT,271.95,1.22,N
49.87173,-121.15047,297.63,0.39,0.36,2026-08-10,1015,N,VIIRS,n,2.0NRT,270.85,0.57,N
49.87372,-121.09308,300.15,0.39,0.36,2026-08-10,1015,N,VIIRS,n,2.0NRT,275.69,1.05,N
49.87624,-121.08665,314.62,0.39,0.36,2026-08-10,1015,N,VIIRS,n,2.0NRT,279.59,1.23,N
49.87642,-121.06431,302.0,0.39,0.36,2026-08-10,1015,N,VIIRS,n,2.0NRT,279.12,0.84,N
49.87719,-121.06956,309.03,0.39,0.36,2026-08-10,1015,N,VIIRS,n,2.0NRT,281.04,1.13,N
49.87797,-121.07487,303.15,0.39,0.36,2026-08-10,1015,N,VIIRS,n,2.0NRT,281.12,1.13,N
49.87875,-121.0802,303.27,0.39,0.36,2026-08-10,1015,N,VIIRS,n,2.0NRT,280.87,1.23,N
49.8792,-121.52287,320.22,0.39,0.37,2026-08-10,1015,N,VIIRS,n,2.0NRT,283.36,1.47,N
49.87939,-121.10822,308.17,0.39,0.36,2026-08-10,1015,N,VIIRS,n,2.0NRT,278.45,1.05,N
49.87952,-121.08549,306.99,0.39,0.36,2026-08-10,1015,N,VIIRS,n,2.0NRT,279.72,1.23,N
49.87971,-121.0632,319.67,0.39,0.36,2026-08-10,1015,N,VIIRS,n,2.0NRT,284.09,2.95,N
49.8802,-121.11371,308.48,0.39,0.36,2026-08-10,1015,N,VIIRS,n,2.0NRT,277.89,1.15,N
49.88109,-121.09612,299.35,0.39,0.36,2026-08-10,1015,N,VIIRS,n,2.0NRT,276.55,1.18,N
49.88188,-121.1016,300.88,0.39,0.36,2026-08-10,1015,N,VIIRS,n,2.0NRT,277.68,1.05,N
49.88203,-121.07903,304.84,0.39,0.36,2026-08-10,1015,N,VIIRS,n,2.0NRT,281.45,1.98,N
49.88223,-121.05682,342.64,0.39,0.36,2026-08-10,1015,N,VIIRS,n,2.0NRT,282.93,2.95,N
49.88245,-121.52139,301.23,0.39,0.37,2026-08-10,1015,N,VIIRS,n,2.0NRT,280.97,1.47,N
49.88269,-121.10709,304.5,0.39,0.36,2026-08-10,1015,N,VIIRS,n,2.0NRT,278.41,1.05,N
49.883,-121.06208,320.13,0.39,0.36,2026-08-10,1015,N,VIIRS,n,2.0NRT,284.72,2.95,N
49.88438,-121.09499,301.97,0.39,0.36,2026-08-10,1015,N,VIIRS,n,2.0NRT,278.96,2.29,N
49.88518,-121.10047,338.7,0.39,0.36,2026-08-10,1015,N,VIIRS,n,2.0NRT,284.61,4.08,N
49.88552,-121.05568,354.42,0.39,0.36,2026-08-10,1015,N,VIIRS,n,2.0NRT,292.6,4.43,N
49.88571,-121.51995,300.79,0.39,0.37,2026-08-10,1015,N,VIIRS,n,2.0NRT,278.75,0.41,N
49.88598,-121.10596,323.97,0.39,0.36,2026-08-10,1015,N,VIIRS,n,2.0NRT,281.25,4.08,N
49.8863,-121.06097,339.88,0.39,0.36,2026-08-10,1015,N,VIIRS,n,2.0NRT,291.42,4.43,N
49.88652,-121.52557,313.71,0.39,0.37,2026-08-10,1015,N,VIIRS,n,2.0NRT,279.91,1.18,N
49.88707,-121.06621,297.73,0.39,0.36,2026-08-10,1015,N,VIIRS,n,2.0NRT,282.16,1.14,N
49.88767,-121.09387,334.46,0.39,0.36,2026-08-10,1015,N,VIIRS,n,2.0NRT,282.98,2.29,N
49.88797,-121.16694,299.34,0.39,0.36,2026-08-10,1015,N,VIIRS,n,2.0NRT,271.4,0.85,N
49.88847,-121.09932,339.98,0.39,0.36,2026-08-10,1015,N,VIIRS,n,2.0NRT,284.6,4.08,N
49.88876,-121.17233,310.15,0.39,0.36,2026-08-10,1015,N,VIIRS,n,2.0NRT,272.06,0.85,N
49.88881,-121.0545,322.92,0.39,0.36,2026-08-10,1015,N,VIIRS,n,2.0NRT,286.39,4.43,N
49.88959,-121.0598,326.68,0.39,0.36,2026-08-10,1015,N,VIIRS,n,2.0NRT,287.28,4.43,N
49.89017,-121.08736,323.62,0.39,0.36,2026-08-10,1015,N,VIIRS,n,2.0NRT,281.02,2.14,N
49.89127,-121.16586,302.72,0.39,0.36,2026-08-10,1015,N,VIIRS,n,2.0NRT,272.4,0.85,N
49.89131,-121.04803,299.74,0.39,0.36,2026-08-10,1015,N,VIIRS,n,2.0NRT,281.47,0.59,N
49.89209,-121.0533,310.27,0.39,0.36,2026-08-10,1015,N,VIIRS,n,2.0NRT,284.22,1.55,N
49.89221,-121.14854,308.58,0.39,0.36,2026-08-10,1015,N,VIIRS,n,2.0NRT,277.89,1.88,N
49.89269,-121.08091,300.57,0.39,0.36,2026-08-10,1015,N,VIIRS,n,2.0NRT,281.76,1.99,N
49.893,-121.15396,310.62,0.39,0.36,2026-08-10,1015,N,VIIRS,n,2.0NRT,277.63,6.79,N
49.89472,-121.14205,305.12,0.39,0.36,2026-08-10,1015,N,VIIRS,n,2.0NRT,278.96,1.88,N
49.8955,-121.14743,335.2,0.39,0.36,2026-08-10,1015,N,VIIRS,n,2.0NRT,282.57,1.88,N
49.89598,-121.07979,298.45,0.39,0.36,2026-08-10,1015,N,VIIRS,n,2.0NRT,282.13,0.97,N
49.8963,-121.15287,350.87,0.39,0.36,2026-08-10,1015,N,VIIRS,n,2.0NRT,285.29,6.79,N
49.89802,-121.14098,308.38,0.39,0.36,2026-08-10,1015,N,VIIRS,n,2.0NRT,279.97,3.54,N
49.8988,-121.14634,328.37,0.39,0.36,2026-08-10,1015,N,VIIRS,n,2.0NRT,283.0,3.54,N
49.8996,-121.15179,345.56,0.39,0.36,2026-08-10,1015,N,VIIRS,n,2.0NRT,281.89,6.56,N
49.89977,-121.12928,313.75,0.39,0.36,2026-08-10,1015,N,VIIRS,n,2.0NRT,279.37,1.77,N
49.90054,-121.13457,313.63,0.39,0.36,2026-08-10,1015,N,VIIRS,n,2.0NRT,281.81,1.77,N
49.90132,-121.13989,339.46,0.39,0.36,2026-08-10,1015,N,VIIRS,n,2.0NRT,286.28,3.54,N
49.90212,-121.14533,341.85,0.39,0.36,2026-08-10,1015,N,VIIRS,n,2.0NRT,283.4,3.54,N
49.90307,-121.12819,338.43,0.39,0.36,2026-08-10,1015,N,VIIRS,n,2.0NRT,286.25,7.03,N
49.90385,-121.13346,324.0,0.39,0.36,2026-08-10,1015,N,VIIRS,n,2.0NRT,284.24,7.03,N
49.90462,-121.13882,306.36,0.39,0.36,2026-08-10,1015,N,VIIRS,n,2.0NRT,280.94,1.31,N
49.9056,-121.12181,324.7,0.39,0.36,2026-08-10,1015,N,VIIRS,n,2.0NRT,282.94,5.23,N
49.90637,-121.12709,367.0,0.39,0.36,2026-08-10,1015,N,VIIRS,h,2.0NRT,293.22,7.03,N
49.90714,-121.13239,304.37,0.39,0.36,2026-08-10,1015,N,VIIRS,n,2.0NRT,280.8,7.03,N
50.04444,-121.44687,302.33,0.39,0.37,2026-08-10,1015,N,VIIRS,n,2.0NRT,276.24,1.4,N
50.04521,-121.45232,317.59,0.39,0.37,2026-08-10,1015,N,VIIRS,n,2.0NRT,277.41,1.4,N
50.07446,-121.26964,297.05,0.39,0.36,2026-08-10,1015,N,VIIRS,n,2.0NRT,271.21,0.65,N
50.08621,-121.27031,297.61,0.39,0.36,2026-08-10,1015,N,VIIRS,n,2.0NRT,282.05,0.76,N
50.09081,-121.2059,316.12,0.39,0.36,2026-08-10,1015,N,VIIRS,n,2.0NRT,283.44,1.61,N
50.09158,-121.2113,305.85,0.39,0.36,2026-08-10,1015,N,VIIRS,n,2.0NRT,283.0,1.61,N
50.09332,-121.19932,319.79,0.39,0.36,2026-08-10,1015,N,VIIRS,n,2.0NRT,284.88,2.43,N
50.09409,-121.20464,312.26,0.39,0.36,2026-08-10,1015,N,VIIRS,n,2.0NRT,284.62,1.61,N
50.09661,-121.19811,337.94,0.39,0.36,2026-08-10,1015,N,VIIRS,n,2.0NRT,287.53,4.91,N
50.09738,-121.20345,308.94,0.39,0.36,2026-08-10,1015,N,VIIRS,n,2.0NRT,283.19,3.28,N
50.0999,-121.19692,336.71,0.39,0.36,2026-08-10,1015,N,VIIRS,n,2.0NRT,288.69,4.91,N
50.10067,-121.20226,322.53,0.39,0.36,2026-08-10,1015,N,VIIRS,n,2.0NRT,286.49,3.28,N
50.1032,-121.19576,306.37,0.39,0.36,2026-08-10,1015,N,VIIRS,n,2.0NRT,283.19,0.88,N
50.10397,-121.20105,296.48,0.39,0.36,2026-08-10,1015,N,VIIRS,n,2.0NRT,282.49,1.17,N
50.12861,-121.20383,320.66,0.39,0.36,2026-08-10,1015,N,VIIRS,n,2.0NRT,282.5,2.34,N
50.13037,-121.19208,302.47,0.39,0.36,2026-08-10,1015,N,VIIRS,n,2.0NRT,283.42,1.14,N
50.13051,-121.16917,331.68,0.39,0.36,2026-08-10,1015,N,VIIRS,n,2.0NRT,284.23,4.02,N
50.13132,-121.17475,333.39,0.39,0.36,2026-08-10,1015,N,VIIRS,n,2.0NRT,286.14,4.02,N
50.1319,-121.20269,308.0,0.39,0.36,2026-08-10,1015,N,VIIRS,n,2.0NRT,283.2,1.58,N
50.13224,-121.15719,333.71,0.39,0.36,2026-08-10,1015,N,VIIRS,n,2.0NRT,287.73,3.2,N
50.1329,-121.1856,312.41,0.39,0.36,2026-08-10,1015,N,VIIRS,n,2.0NRT,286.59,1.78,N
50.13302,-121.16257,333.36,0.39,0.36,2026-08-10,1015,N,VIIRS,n,2.0NRT,288.03,3.2,N
50.13367,-121.19093,303.84,0.39,0.36,2026-08-10,1015,N,VIIRS,n,2.0NRT,284.23,1.14,N
50.13382,-121.16811,328.04,0.39,0.36,2026-08-10,1015,N,VIIRS,n,2.0NRT,285.75,1.85,N
50.13464,-121.17371,318.03,0.39,0.36,2026-08-10,1015,N,VIIRS,n,2.0NRT,287.36,1.85,N
50.13477,-121.15078,315.66,0.39,0.36,2026-08-10,1015,N,VIIRS,n,2.0NRT,282.91,1.2,N
50.13543,-121.17918,310.13,0.39,0.36,2026-08-10,1015,N,VIIRS,n,2.0NRT,285.22,1.04,N
50.13555,-121.15614,321.07,0.39,0.36,2026-08-10,1015,N,VIIRS,n,2.0NRT,286.38,3.2,N
50.1362,-121.18451,298.68,0.39,0.36,2026-08-10,1015,N,VIIRS,n,2.0NRT,284.32,1.04,N
50.13773,-121.1951,300.74,0.39,0.36,2026-08-10,1015,N,VIIRS,n,2.0NRT,282.93,1.59,N
50.13794,-121.17262,307.8,0.39,0.36,2026-08-10,1015,N,VIIRS,n,2.0NRT,286.38,1.85,N
50.13808,-121.14973,336.25,0.39,0.36,2026-08-10,1015,N,VIIRS,n,2.0NRT,289.88,4.58,N
50.13874,-121.17809,298.81,0.39,0.36,2026-08-10,1015,N,VIIRS,n,2.0NRT,285.16,1.04,N
50.13886,-121.15507,314.54,0.39,0.36,2026-08-10,1015,N,VIIRS,n,2.0NRT,285.9,3.92,N
50.14027,-121.18866,326.33,0.39,0.36,2026-08-10,1015,N,VIIRS,n,2.0NRT,285.66,1.59,N
50.14104,-121.19398,302.82,0.39,0.36,2026-08-10,1015,N,VIIRS,n,2.0NRT,282.85,1.59,N
50.14126,-121.17157,297.71,0.39,0.36,2026-08-10,1015,N,VIIRS,n,2.0NRT,285.46,0.76,N
50.14139,-121.14864,331.15,0.39,0.36,2026-08-10,1015,N,VIIRS,n,2.0NRT,289.04,4.58,N
50.14204,-121.17697,296.28,0.39,0.36,2026-08-10,1015,N,VIIRS,n,2.0NRT,284.94,1.99,N
50.14281,-121.18227,300.41,0.39,0.36,2026-08-10,1015,N,VIIRS,n,2.0NRT,284.71,1.99,N
50.14357,-121.18755,345.25,0.39,0.36,2026-08-10,1015,N,VIIRS,n,2.0NRT,295.9,7.9,N
50.14434,-121.19289,327.81,0.39,0.36,2026-08-10,1015,N,VIIRS,n,2.0NRT,284.55,7.9,N
50.14457,-121.17052,298.59,0.39,0.36,2026-08-10,1015,N,VIIRS,n,2.0NRT,285.35,0.76,N
50.1447,-121.14754,309.22,0.39,0.36,2026-08-10,1015,N,VIIRS,n,2.0NRT,285.76,1.19,N
50.14611,-121.18114,334.74,0.39,0.36,2026-08-10,1015,N,VIIRS,n,2.0NRT,288.12,1.99,N
50.14688,-121.18645,327.95,0.39,0.36,2026-08-10,1015,N,VIIRS,n,2.0NRT,285.35,7.9,N
50.14723,-121.14114,314.36,0.39,0.36,2026-08-10,1015,N,VIIRS,n,2.0NRT,285.24,1.19,N
50.148,-121.14646,302.93,0.39,0.36,2026-08-10,1015,N,VIIRS,n,2.0NRT,283.64,1.19,N
50.14865,-121.17477,309.28,0.39,0.36,2026-08-10,1015,N,VIIRS,n,2.0NRT,285.51,1.52,N
50.14941,-121.18003,315.58,0.39,0.36,2026-08-10,1015,N,VIIRS,n,2.0NRT,286.08,1.52,N
50.15054,-121.14006,340.29,0.39,0.36,2026-08-10,1015,N,VIIRS,n,2.0NRT,287.35,1.85,N
50.15131,-121.14537,302.36,0.39,0.36,2026-08-10,1015,N,VIIRS,n,2.0NRT,283.94,1.85,N
50.15196,-121.17368,314.02,0.39,0.36,2026-08-10,1015,N,VIIRS,n,2.0NRT,286.03,1.52,N
50.15289,-121.15627,299.45,0.39,0.36,2026-08-10,1015,N,VIIRS,n,2.0NRT,285.01,0.83,N
50.15385,-121.13899,304.4,0.39,0.36,2026-08-10,1015,N,VIIRS,n,2.0NRT,285.27,1.85,N
50.1545,-121.1673,326.07,0.39,0.36,2026-08-10,1015,N,VIIRS,n,2.0NRT,286.44,2.26,N
50.15462,-121.1443,309.11,0.39,0.36,2026-08-10,1015,N,VIIRS,n,2.0NRT,284.8,1.85,N
50.15527,-121.17258,339.31,0.39,0.36,2026-08-10,1015,N,VIIRS,n,2.0NRT,290.44,7.63,N
50.1554,-121.1497,298.08,0.39,0.36,2026-08-10,1015,N,VIIRS,n,2.0NRT,283.91,0.83,N
50.15558,-121.12709,309.11,0.39,0.36,2026-08-10,1015,N,VIIRS,n,2.0NRT,285.35,2.51,N
50.15638,-121.13255,317.8,0.39,0.36,2026-08-10,1015,N,VIIRS,n,2.0NRT,285.95,2.51,N
50.15703,-121.1608,297.73,0.39,0.36,2026-08-10,1015,N,VIIRS,n,2.0NRT,285.56,2.26,N
50.15716,-121.13794,346.04,0.39,0.36,2026-08-10,1015,N,VIIRS,n,2.0NRT,290.51,8.33,N
50.15793,-121.14324,321.25,0.39,0.36,2026-08-10,1015,N,VIIRS,n,2.0NRT,288.35,8.33,N
50.15811,-121.12066,310.25,0.39,0.36,2026-08-10,1015,N,VIIRS,n,2.0NRT,285.69,1.2,N
50.15872,-121.14865,307.42,0.39,0.36,2026-08-10,1015,N,VIIRS,n,2.0NRT,285.63,1.2,N
50.1589,-121.1261,318.31,0.39,0.36,2026-08-10,1015,N,VIIRS,n,2.0NRT,289.12,2.51,N
50.15952,-121.15418,310.62,0.39,0.36,2026-08-10,1015,N,VIIRS,n,2.0NRT,286.48,1.2,N
50.15969,-121.13151,339.87,0.39,0.36,2026-08-10,1015,N,VIIRS,n,2.0NRT,289.42,2.51,N
50.16047,-121.13687,356.48,0.39,0.36,2026-08-10,1015,N,VIIRS,n,2.0NRT,294.45,8.33,N
50.16064,-121.11423,308.88,0.39,0.36,2026-08-10,1015,N,VIIRS,n,2.0NRT,284.89,1.68,N
50.16124,-121.14219,332.43,0.39,0.36,2026-08-10,1015,N,VIIRS,n,2.0NRT,290.14,8.33,N
50.16143,-121.11964,322.49,0.39,0.36,2026-08-10,1015,N,VIIRS,n,2.0NRT,288.11,1.68,N
50.16203,-121.1476,311.49,0.39,0.36,2026-08-10,1015,N,VIIRS,n,2.0NRT,286.88,1.2,N
50.16222,-121.12507,328.46,0.39,0.36,2026-08-10,1015,N,VIIRS,n,2.0NRT,288.83,2.27,N
50.16284,-121.15313,308.01,0.39,0.36,2026-08-10,1015,N,VIIRS,n,2.0NRT,285.63,1.2,N
50.16301,-121.13048,298.78,0.39,0.36,2026-08-10,1015,N,VIIRS,n,2.0NRT,285.93,2.27,N
50.16379,-121.13583,326.94,0.39,0.36,2026-08-10,1015,N,VIIRS,n,2.0NRT,286.71,1.68,N
50.16396,-121.1132,295.79,0.39,0.36,2026-08-10,1015,N,VIIRS,n,2.0NRT,285.27,1.68,N
50.16456,-121.14117,305.34,0.39,0.36,2026-08-10,1015,N,VIIRS,n,2.0NRT,285.08,1.68,N
50.16475,-121.1186,332.86,0.39,0.36,2026-08-10,1015,N,VIIRS,n,2.0NRT,289.02,1.68,N
50.16553,-121.12401,322.27,0.39,0.36,2026-08-10,1015,N,VIIRS,n,2.0NRT,287.74,2.27,N
50.16625,-121.11684,309.14,0.39,0.36,2026-08-10,1015,N,VIIRS,n,2.0NRT,285.2,1.17,N
50.16703,-121.12225,313.32,0.39,0.36,2026-08-10,1015,N,VIIRS,n,2.0NRT,285.46,1.17,N
50.13706,-121.17238,296.89,0.79,0.78,2026-08-10,1155,N,VIIRS,n,2.0NRT,281.06,4.48,N
50.14095,-121.18182,300.74,0.79,0.78,2026-08-10,1155,N,VIIRS,n,2.0NRT,280.9,4.27,N
50.1582,-121.13889,298.15,0.79,0.78,2026-08-10,1155,N,VIIRS,n,2.0NRT,281.77,2.68,N
50.15839,-121.15373,298.93,0.79,0.78,2026-08-10,1155,N,VIIRS,n,2.0NRT,281.42,2.97,N
50.15948,-121.13526,302.44,0.79,0.78,2026-08-10,1155,N,VIIRS,n,2.0NRT,282.22,2.97,N
50.16125,-121.16061,300.76,0.79,0.78,2026-08-10,1155,N,VIIRS,n,2.0NRT,281.26,3.3,N
50.16209,-121.14838,300.66,0.79,0.78,2026-08-10,1155,N,VIIRS,n,2.0NRT,282.09,2.82,N
50.16245,-121.12794,300.96,0.79,0.78,2026-08-10,1155,N,VIIRS,n,2.0NRT,282.13,1.95,N
50.164,-121.12507,303.12,0.79,0.78,2026-08-10,1155,N,VIIRS,n,2.0NRT,282.25,3.66,N
50.16557,-121.15686,298.01,0.79,0.78,2026-08-10,1155,N,VIIRS,n,2.0NRT,281.43,2.82,N
50.16747,-121.1189,295.48,0.79,0.78,2026-08-10,1155,N,VIIRS,n,2.0NRT,281.89,1.95,N
49.73497,-121.3915,367.0,0.34,0.56,2026-08-10,2004,N,VIIRS,h,2.0NRT,299.54,20.21,D
49.73585,-121.38849,367.0,0.34,0.56,2026-08-10,2004,N,VIIRS,h,2.0NRT,293.45,20.21,D
49.73804,-121.39442,337.77,0.34,0.56,2026-08-10,2004,N,VIIRS,n,2.0NRT,302.55,40.33,D
49.73859,-121.39869,345.53,0.34,0.56,2026-08-10,2004,N,VIIRS,n,2.0NRT,289.42,18.85,D
49.73893,-121.39136,367.0,0.34,0.56,2026-08-10,2004,N,VIIRS,h,2.0NRT,297.09,40.33,D
49.73903,-121.3713,352.4,0.34,0.56,2026-08-10,2004,N,VIIRS,n,2.0NRT,294.53,4.24,D
49.73979,-121.39468,367.0,0.34,0.56,2026-08-10,2004,N,VIIRS,h,2.0NRT,292.0,20.21,D
49.73983,-121.38825,328.0,0.34,0.56,2026-08-10,2004,N,VIIRS,n,2.0NRT,291.36,11.77,D
49.74073,-121.39148,335.89,0.34,0.56,2026-08-10,2004,N,VIIRS,n,2.0NRT,291.43,20.21,D
49.7472,-121.30361,327.66,0.34,0.56,2026-08-10,2004,N,VIIRS,n,2.0NRT,294.32,4.1,D
49.75461,-121.40289,367.0,0.34,0.56,2026-08-10,2004,N,VIIRS,h,2.0NRT,296.87,9.65,D
49.75474,-121.29733,329.27,0.34,0.56,2026-08-10,2004,N,VIIRS,n,2.0NRT,293.22,8.48,D
49.75601,-121.29293,367.0,0.34,0.56,2026-08-10,2004,N,VIIRS,h,2.0NRT,298.32,15.71,D
49.75623,-121.39743,325.38,0.34,0.56,2026-08-10,2004,N,VIIRS,n,2.0NRT,292.49,6.21,D
49.77358,-121.41659,337.86,0.34,0.56,2026-08-10,2004,N,VIIRS,n,2.0NRT,291.83,3.58,D
49.82361,-121.13715,350.77,0.33,0.55,2026-08-10,2004,N,VIIRS,n,2.0NRT,291.43,8.1,D
49.82467,-121.13345,367.0,0.33,0.55,2026-08-10,2004,N,VIIRS,h,2.0NRT,298.84,8.1,D
49.82637,-121.10049,351.33,0.33,0.55,2026-08-10,2004,N,VIIRS,n,2.0NRT,292.74,5.9,D
49.82652,-121.11936,367.0,0.33,0.55,2026-08-10,2004,N,VIIRS,h,2.0NRT,294.85,5.33,D
49.82667,-121.13823,367.0,0.33,0.55,2026-08-10,2004,N,VIIRS,h,2.0NRT,296.09,10.58,D
49.82698,-121.10567,335.04,0.33,0.55,2026-08-10,2004,N,VIIRS,n,2.0NRT,288.74,12.56,D
49.82773,-121.13461,352.35,0.33,0.55,2026-08-10,2004,N,VIIRS,n,2.0NRT,295.59,10.58,D
49.82779,-121.11501,330.04,0.33,0.55,2026-08-10,2004,N,VIIRS,n,2.0NRT,291.32,5.33,D
49.82808,-121.12156,353.27,0.33,0.55,2026-08-10,2004,N,VIIRS,n,2.0NRT,293.29,8.32,D
49.82808,-121.10188,354.83,0.33,0.55,2026-08-10,2004,N,VIIRS,n,2.0NRT,294.72,13.22,D
49.82913,-121.09819,367.0,0.33,0.55,2026-08-10,2004,N,VIIRS,h,2.0NRT,297.87,13.22,D
49.8293,-121.1173,367.0,0.33,0.55,2026-08-10,2004,N,VIIRS,h,2.0NRT,300.75,8.32,D
49.83024,-121.10661,352.47,0.33,0.55,2026-08-10,2004,N,VIIRS,n,2.0NRT,293.25,9.78,D
49.83112,-121.12299,354.22,0.33,0.55,2026-08-10,2004,N,VIIRS,n,2.0NRT,296.48,5.33,D
49.83139,-121.1027,354.02,0.33,0.55,2026-08-10,2004,N,VIIRS,n,2.0NRT,294.9,11.41,D
49.83231,-121.0871,357.21,0.33,0.55,2026-08-10,2004,N,VIIRS,n,2.0NRT,292.82,12.03,D
49.83234,-121.11881,341.43,0.33,0.55,2026-08-10,2004,N,VIIRS,n,2.0NRT,294.46,5.33,D
49.83252,-121.09882,367.0,0.33,0.55,2026-08-10,2004,N,VIIRS,h,2.0NRT,295.04,11.41,D
49.83339,-121.08334,367.0,0.33,0.55,2026-08-10,2004,N,VIIRS,h,2.0NRT,294.86,12.03,D
49.83408,-121.10062,327.84,0.33,0.55,2026-08-10,2004,N,VIIRS,n,2.0NRT,291.75,13.22,D
49.83444,-121.07969,367.0,0.33,0.55,2026-08-10,2004,N,VIIRS,h,2.0NRT,302.78,11.61,D
49.8348,-121.1104,367.0,0.33,0.55,2026-08-10,2004,N,VIIRS,h,2.0NRT,295.93,9.78,D
49.8348,-121.09102,367.0,0.33,0.55,2026-08-10,2004,N,VIIRS,h,2.0NRT,295.3,8.65,D
49.83547,-121.07609,338.15,0.33,0.55,2026-08-10,2004,N,VIIRS,n,2.0NRT,291.16,11.61,D
49.83588,-121.08732,367.0,0.33,0.55,2026-08-10,2004,N,VIIRS,h,2.0NRT,296.1,19.63,D
49.83603,-121.10616,337.06,0.33,0.55,2026-08-10,2004,N,VIIRS,n,2.0NRT,293.63,11.41,D
49.83638,-121.09258,351.3,0.33,0.55,2026-08-10,2004,N,VIIRS,n,2.0NRT,293.42,21.74,D
49.83692,-121.08375,352.74,0.33,0.55,2026-08-10,2004,N,VIIRS,n,2.0NRT,294.35,19.63,D
49.8373,-121.10184,342.25,0.33,0.55,2026-08-10,2004,N,VIIRS,n,2.0NRT,292.68,11.41,D
49.83747,-121.08879,340.45,0.33,0.55,2026-08-10,2004,N,VIIRS,n,2.0NRT,292.32,12.03,D
49.83792,-121.08028,367.0,0.33,0.55,2026-08-10,2004,N,VIIRS,h,2.0NRT,298.25,14.69,D
49.83851,-121.09769,354.26,0.33,0.55,2026-08-10,2004,N,VIIRS,n,2.0NRT,295.11,8.65,D
49.8387,-121.23319,352.53,0.33,0.55,2026-08-10,2004,N,VIIRS,n,2.0NRT,300.91,14.99,D
49.8389,-121.15458,350.63,0.33,0.55,2026-08-10,2004,N,VIIRS,n,2.0NRT,292.09,3.66,D
49.83895,-121.07678,367.0,0.33,0.55,2026-08-10,2004,N,VIIRS,h,2.0NRT,294.3,14.69,D
49.83934,-121.11421,347.07,0.33,0.55,2026-08-10,2004,N,VIIRS,n,2.0NRT,287.85,9.24,D
49.83949,-121.08173,332.38,0.33,0.55,2026-08-10,2004,N,VIIRS,n,2.0NRT,289.97,11.61,D
49.83967,-121.0937,331.83,0.33,0.55,2026-08-10,2004,N,VIIRS,n,2.0NRT,291.57,8.65,D
49.83973,-121.22967,348.53,0.33,0.55,2026-08-10,2004,N,VIIRS,n,2.0NRT,293.48,14.99,D
49.83998,-121.15086,326.66,0.33,0.55,2026-08-10,2004,N,VIIRS,n,2.0NRT,291.7,4.79,D
49.84,-121.07317,326.41,0.33,0.55,2026-08-10,2004,N,VIIRS,n,2.0NRT,288.32,9.85,D
49.84049,-121.07823,340.61,0.33,0.55,2026-08-10,2004,N,VIIRS,n,2.0NRT,290.96,11.61,D
49.84061,-121.10987,367.0,0.33,0.55,2026-08-10,2004,N,VIIRS,h,2.0NRT,294.61,19.04,D
49.84151,-121.07465,344.52,0.33,0.55,2026-08-10,2004,N,VIIRS,n,2.0NRT,290.02,9.73,D
49.84287,-121.08271,331.16,0.33,0.55,2026-08-10,2004,N,VIIRS,n,2.0NRT,290.09,14.69,D
49.84771,-121.08549,367.0,0.33,0.55,2026-08-10,2004,N,VIIRS,h,2.0NRT,290.12,9.3,D
49.84891,-121.0814,337.66,0.33,0.55,2026-08-10,2004,N,VIIRS,n,2.0NRT,287.09,9.3,D
49.85007,-121.0774,353.25,0.33,0.55,2026-08-10,2004,N,VIIRS,n,2.0NRT,292.23,17.73,D
49.8512,-121.07353,356.91,0.33,0.55,2026-08-10,2004,N,VIIRS,l,2.0NRT,287.58,17.73,D
49.85839,-121.20454,330.22,0.33,0.55,2026-08-10,2004,N,VIIRS,n,2.0NRT,295.0,4.82,D
49.86105,-121.19537,326.14,0.33,0.55,2026-08-10,2004,N,VIIRS,n,2.0NRT,296.51,9.99,D
49.86214,-121.19163,367.0,0.33,0.55,2026-08-10,2004,N,VIIRS,h,2.0NRT,305.02,20.09,D
49.8629,-121.11098,346.7,0.33,0.55,2026-08-10,2004,N,VIIRS,n,2.0NRT,290.26,4.89,D
49.86421,-121.10647,347.81,0.33,0.55,2026-08-10,2004,N,VIIRS,n,2.0NRT,294.33,8.77,D
49.8662,-121.11907,348.32,0.33,0.55,2026-08-10,2004,N,VIIRS,n,2.0NRT,292.03,4.89,D
49.87684,-121.06294,333.86,0.33,0.55,2026-08-10,2004,N,VIIRS,n,2.0NRT,288.37,4.83,D
49.88246,-121.51946,330.69,0.34,0.56,2026-08-10,2004,N,VIIRS,n,2.0NRT,295.51,3.92,D
49.88889,-121.09923,342.12,0.33,0.55,2026-08-10,2004,N,VIIRS,n,2.0NRT,292.51,5.07,D
49.89005,-121.3375,326.47,0.33,0.56,2026-08-10,2004,N,VIIRS,n,2.0NRT,291.89,2.73,D
49.89033,-121.09425,331.52,0.33,0.55,2026-08-10,2004,N,VIIRS,n,2.0NRT,290.28,5.81,D
49.90258,-121.12997,356.41,0.33,0.55,2026-08-10,2004,N,VIIRS,n,2.0NRT,298.91,11.07,D
49.90359,-121.12648,367.0,0.33,0.55,2026-08-10,2004,N,VIIRS,h,2.0NRT,302.39,8.75,D
49.90462,-121.12292,341.82,0.33,0.55,2026-08-10,2004,N,VIIRS,n,2.0NRT,292.91,8.75,D
49.90831,-121.12969,342.11,0.33,0.55,2026-08-10,2004,N,VIIRS,n,2.0NRT,291.97,8.75,D
50.09815,-121.19952,367.0,0.33,0.55,2026-08-10,2004,N,VIIRS,h,2.0NRT,295.15,4.87,D
50.09926,-121.19566,334.17,0.32,0.55,2026-08-10,2004,N,VIIRS,n,2.0NRT,289.92,4.87,D
50.13365,-121.15424,325.72,0.32,0.55,2026-08-10,2004,N,VIIRS,n,2.0NRT,284.08,1.23,D
50.13468,-121.15066,329.38,0.32,0.55,2026-08-10,2004,N,VIIRS,n,2.0NRT,285.3,1.23,D
50.15559,-121.13637,334.23,0.32,0.55,2026-08-10,2004,N,VIIRS,n,2.0NRT,278.31,2.8,D
50.15667,-121.13261,332.6,0.32,0.55,2026-08-10,2004,N,VIIRS,n,2.0NRT,277.02,2.8,D
50.15985,-121.12145,354.28,0.32,0.55,2026-08-10,2004,N,VIIRS,n,2.0NRT,284.39,31.09,D
50.16013,-121.14007,330.51,0.32,0.55,2026-08-10,2004,N,VIIRS,n,2.0NRT,270.26,2.8,D
50.16091,-121.11775,367.0,0.32,0.55,2026-08-10,2004,N,VIIRS,h,2.0NRT,300.62,31.09,D
50.16111,-121.13667,341.53,0.32,0.55,2026-08-10,2004,N,VIIRS,n,2.0NRT,265.46,2.8,D
50.16196,-121.11409,345.29,0.32,0.55,2026-08-10,2004,N,VIIRS,n,2.0NRT,286.88,22.72,D
49.71492,-121.27103,349.38,0.56,0.52,2026-08-10,2144,N,VIIRS,n,2.0NRT,298.91,212.83,D
49.71841,-121.29461,346.5,0.56,0.52,2026-08-10,2144,N,VIIRS,n,2.0NRT,296.34,31.38,D
49.7189,-121.28602,286.51,0.56,0.52,2026-08-10,2144,N,VIIRS,l,2.0NRT,321.56,341.99,D
49.71942,-121.277,367.0,0.56,0.52,2026-08-10,2144,N,VIIRS,l,2.0NRT,344.2,341.99,D
49.71989,-121.26888,367.0,0.56,0.52,2026-08-10,2144,N,VIIRS,h,2.0NRT,329.54,212.83,D
49.72034,-121.26093,367.0,0.56,0.52,2026-08-10,2144,N,VIIRS,h,2.0NRT,296.25,212.83,D
49.72079,-121.25303,344.89,0.56,0.52,2026-08-10,2144,N,VIIRS,n,2.0NRT,294.14,19.12,D
49.72164,-121.3221,334.06,0.56,0.51,2026-08-10,2144,N,VIIRS,n,2.0NRT,287.7,28.7,D
49.72233,-121.31036,331.89,0.56,0.51,2026-08-10,2144,N,VIIRS,n,2.0NRT,291.62,28.7,D
49.72285,-121.30138,367.0,0.56,0.52,2026-08-10,2144,N,VIIRS,h,2.0NRT,301.16,85.46,D
49.7233,-121.29371,353.06,0.56,0.52,2026-08-10,2144,N,VIIRS,n,2.0NRT,307.26,85.46,D
49.72379,-121.28505,367.0,0.56,0.52,2026-08-10,2144,N,VIIRS,l,2.0NRT,339.59,560.62,D
49.72427,-121.27682,367.0,0.56,0.52,2026-08-10,2144,N,VIIRS,l,2.0NRT,382.49,560.62,D
49.72469,-121.2695,367.0,0.56,0.52,2026-08-10,2144,N,VIIRS,l,2.0NRT,382.49,0.0,D
49.7251,-121.26224,367.0,0.56,0.52,2026-08-10,2144,N,VIIRS,h,2.0NRT,355.48,0.0,D
49.72555,-121.25445,353.64,0.56,0.52,2026-08-10,2144,N,VIIRS,n,2.0NRT,296.63,295.16,D
49.72597,-121.24717,357.12,0.56,0.52,2026-08-10,2144,N,VIIRS,l,2.0NRT,291.31,295.16,D
49.72633,-121.24067,357.12,0.56,0.52,2026-08-10,2144,N,VIIRS,l,2.0NRT,288.61,24.35,D
49.72668,-121.23463,340.02,0.56,0.52,2026-08-10,2144,N,VIIRS,n,2.0NRT,287.97,24.35,D
49.72702,-121.22868,327.07,0.57,0.52,2026-08-10,2144,N,VIIRS,n,2.0NRT,286.29,31.54,D
49.72725,-121.30883,347.63,0.56,0.51,2026-08-10,2144,N,VIIRS,n,2.0NRT,294.26,28.7,D
49.72771,-121.30088,367.0,0.56,0.52,2026-08-10,2144,N,VIIRS,l,2.0NRT,327.0,85.46,D
49.72815,-121.29348,367.0,0.56,0.52,2026-08-10,2144,N,VIIRS,l,2.0NRT,325.94,85.46,D
49.72862,-121.28517,367.0,0.56,0.52,2026-08-10,2144,N,VIIRS,h,2.0NRT,331.28,560.62,D
49.72907,-121.2774,367.0,0.56,0.52,2026-08-10,2144,N,VIIRS,l,2.0NRT,365.55,560.62,D
49.72945,-121.2708,367.0,0.56,0.52,2026-08-10,2144,N,VIIRS,l,2.0NRT,377.8,0.0,D
49.72983,-121.26421,367.0,0.56,0.52,2026-08-10,2144,N,VIIRS,l,2.0NRT,377.8,0.0,D
49.73069,-121.24926,367.0,0.56,0.52,2026-08-10,2144,N,VIIRS,h,2.0NRT,292.1,295.16,D
49.73092,-121.31761,349.69,0.56,0.51,2026-08-10,2144,N,VIIRS,n,2.0NRT,286.24,19.72,D
49.73106,-121.24261,356.89,0.56,0.52,2026-08-10,2144,N,VIIRS,l,2.0NRT,287.9,24.35,D
49.73136,-121.30935,367.0,0.56,0.52,2026-08-10,2144,N,VIIRS,h,2.0NRT,292.78,26.24,D
49.73142,-121.23632,351.64,0.56,0.52,2026-08-10,2144,N,VIIRS,n,2.0NRT,286.48,24.35,D
49.73159,-121.3173,350.96,0.56,0.51,2026-08-10,2144,N,VIIRS,n,2.0NRT,287.43,18.91,D
49.73174,-121.30222,350.39,0.56,0.52,2026-08-10,2144,N,VIIRS,n,2.0NRT,295.81,26.24,D
49.73205,-121.30939,354.2,0.56,0.51,2026-08-10,2144,N,VIIRS,n,2.0NRT,292.81,18.91,D
49.7321,-121.29542,367.0,0.56,0.52,2026-08-10,2144,N,VIIRS,h,2.0NRT,301.35,132.88,D
49.73241,-121.37973,355.16,0.56,0.51,2026-08-10,2144,N,VIIRS,n,2.0NRT,294.82,15.87,D
49.73278,-121.37918,354.94,0.56,0.51,2026-08-10,2144,N,VIIRS,n,2.0NRT,294.54,17.31,D
49.73284,-121.2957,353.63,0.56,0.52,2026-08-10,2144,N,VIIRS,n,2.0NRT,298.17,45.84,D
49.73299,-121.27855,367.0,0.56,0.52,2026-08-10,2144,N,VIIRS,l,2.0NRT,368.48,0.0,D
49.7336,-121.35764,355.86,0.56,0.51,2026-08-10,2144,N,VIIRS,n,2.0NRT,301.12,23.76,D
49.73375,-121.36297,332.94,0.56,0.51,2026-08-10,2144,N,VIIRS,n,2.0NRT,294.91,23.2,D
49.73385,-121.27847,367.0,0.56,0.52,2026-08-10,2144,N,VIIRS,l,2.0NRT,373.41,436.07,D
49.7339,-121.35217,342.21,0.56,0.51,2026-08-10,2144,N,VIIRS,n,2.0NRT,294.72,23.76,D
49.73404,-121.25893,367.0,0.56,0.52,2026-08-10,2144,N,VIIRS,l,2.0NRT,386.74,0.0,D
49.73406,-121.35749,354.19,0.56,0.51,2026-08-10,2144,N,VIIRS,n,2.0NRT,301.41,23.2,D
49.73438,-121.35197,342.73,0.56,0.51,2026-08-10,2144,N,VIIRS,n,2.0NRT,294.82,25.32,D
49.73443,-121.25146,350.44,0.56,0.52,2026-08-10,2144,N,VIIRS,n,2.0NRT,297.88,262.13,D
49.73481,-121.24434,356.64,0.56,0.52,2026-08-10,2144,N,VIIRS,l,2.0NRT,289.16,262.13,D
49.73495,-121.25916,367.0,0.56,0.52,2026-08-10,2144,N,VIIRS,l,2.0NRT,380.53,0.0,D
49.73538,-121.25175,347.55,0.56,0.52,2026-08-10,2144,N,VIIRS,n,2.0NRT,305.87,0.0,D
49.73576,-121.31741,340.01,0.56,0.51,2026-08-10,2144,N,VIIRS,n,2.0NRT,297.14,19.72,D
49.73579,-121.24461,357.11,0.56,0.52,2026-08-10,2144,N,VIIRS,l,2.0NRT,289.56,44.38,D
49.7362,-121.23746,357.11,0.56,0.52,2026-08-10,2144,N,VIIRS,l,2.0NRT,285.58,44.38,D
49.73677,-121.29849,339.98,0.56,0.52,2026-08-10,2144,N,VIIRS,n,2.0NRT,295.13,132.88,D
49.73722,-121.29003,367.0,0.56,0.52,2026-08-10,2144,N,VIIRS,h,2.0NRT,327.84,132.88,D
49.73776,-121.27987,367.0,0.56,0.52,2026-08-10,2144,N,VIIRS,l,2.0NRT,372.95,0.0,D
49.738,-121.2901,367.0,0.56,0.52,2026-08-10,2144,N,VIIRS,h,2.0NRT,326.5,436.07,D
49.73807,-121.36416,341.05,0.56,0.51,2026-08-10,2144,N,VIIRS,n,2.0NRT,300.61,8.64,D
49.73861,-121.27983,367.0,0.56,0.52,2026-08-10,2144,N,VIIRS,l,2.0NRT,369.19,436.07,D
49.73878,-121.2608,367.0,0.56,0.52,2026-08-10,2144,N,VIIRS,l,2.0NRT,382.6,0.0,D
49.73914,-121.25398,367.0,0.56,0.52,2026-08-10,2144,N,VIIRS,h,2.0NRT,343.11,262.13,D
49.73952,-121.24677,357.39,0.56,0.52,2026-08-10,2144,N,VIIRS,l,2.0NRT,288.41,262.13,D
49.73969,-121.26089,367.0,0.56,0.52,2026-08-10,2144,N,VIIRS,l,2.0NRT,375.91,0.0,D
49.73993,-121.23919,357.39,0.57,0.52,2026-08-10,2144,N,VIIRS,l,2.0NRT,284.43,75.52,D
49.74008,-121.25419,367.0,0.56,0.52,2026-08-10,2144,N,VIIRS,h,2.0NRT,340.76,0.0,D
49.74032,-121.23177,357.39,0.57,0.52,2026-08-10,2144,N,VIIRS,l,2.0NRT,280.93,75.52,D
49.74048,-121.24707,356.83,0.56,0.52,2026-08-10,2144,N,VIIRS,l,2.0NRT,288.16,44.38,D
49.74068,-121.22498,357.39,0.57,0.52,2026-08-10,2144,N,VIIRS,l,2.0NRT,274.87,134.45,D
49.74092,-121.23948,356.83,0.56,0.52,2026-08-10,2144,N,VIIRS,l,2.0NRT,284.42,44.38,D
49.74135,-121.23209,356.83,0.57,0.52,2026-08-10,2144,N,VIIRS,l,2.0NRT,281.14,187.25,D
49.74251,-121.2814,367.0,0.56,0.52,2026-08-10,2144,N,VIIRS,l,2.0NRT,364.83,0.0,D
49.74334,-121.2814,367.0,0.56,0.52,2026-08-10,2144,N,VIIRS,l,2.0NRT,361.23,0.0,D
49.74355,-121.26198,367.0,0.56,0.52,2026-08-10,2144,N,VIIRS,l,2.0NRT,385.18,0.0,D
49.74388,-121.25591,367.0,0.56,0.52,2026-08-10,2144,N,VIIRS,h,2.0NRT,349.09,762.94,D
49.74424,-121.24921,356.97,0.56,0.52,2026-08-10,2144,N,VIIRS,l,2.0NRT,289.77,762.94,D
49.74446,-121.26196,367.0,0.56,0.52,2026-08-10,2144,N,VIIRS,l,2.0NRT,379.41,0.0,D
49.74464,-121.24168,344.8,0.57,0.52,2026-08-10,2144,N,VIIRS,n,2.0NRT,284.88,24.18,D
49.74481,-121.25595,367.0,0.56,0.52,2026-08-10,2144,N,VIIRS,h,2.0NRT,353.23,0.0,D
49.74505,-121.23395,342.47,0.57,0.52,2026-08-10,2144,N,VIIRS,n,2.0NRT,282.91,24.18,D
49.74564,-121.24162,351.42,0.56,0.52,2026-08-10,2144,N,VIIRS,n,2.0NRT,285.56,174.45,D
49.74619,-121.30309,352.43,0.56,0.52,2026-08-10,2144,N,VIIRS,n,2.0NRT,300.83,225.86,D
49.74662,-121.29502,302.52,0.56,0.52,2026-08-10,2144,N,VIIRS,l,2.0NRT,318.05,225.86,D
49.74689,-121.30311,353.61,0.56,0.52,2026-08-10,2144,N,VIIRS,n,2.0NRT,302.11,72.71,D
49.74738,-121.29485,208.0,0.56,0.52,2026-08-10,2144,N,VIIRS,l,2.0NRT,322.5,0.0,D
49.74837,-121.26243,367.0,0.56,0.52,2026-08-10,2144,N,VIIRS,l,2.0NRT,380.87,0.0,D
49.74869,-121.2565,367.0,0.56,0.52,2026-08-10,2144,N,VIIRS,h,2.0NRT,343.85,762.94,D
49.74929,-121.26222,367.0,0.56,0.52,2026-08-10,2144,N,VIIRS,l,2.0NRT,376.29,0.0,D
49.74946,-121.2421,356.39,0.57,0.52,2026-08-10,2144,N,VIIRS,l,2.0NRT,284.52,24.18,D
49.74964,-121.25623,314.79,0.56,0.52,2026-08-10,2144,N,VIIRS,l,2.0NRT,322.58,0.0,D
49.74984,-121.23479,356.39,0.57,0.52,2026-08-10,2144,N,VIIRS,l,2.0NRT,279.97,24.18,D
49.75023,-121.22761,356.39,0.57,0.52,2026-08-10,2144,N,VIIRS,l,2.0NRT,276.87,144.53,D
49.75048,-121.24173,357.01,0.56,0.52,2026-08-10,2144,N,VIIRS,l,2.0NRT,284.2,174.45,D
49.75056,-121.39992,329.66,0.56,0.51,2026-08-10,2144,N,VIIRS,n,2.0NRT,294.57,3.06,D
49.75082,-121.39957,333.18,0.55,0.51,2026-08-10,2144,N,VIIRS,n,2.0NRT,295.02,5.53,D
49.75089,-121.23463,357.01,0.57,0.52,2026-08-10,2144,N,VIIRS,l,2.0NRT,279.2,107.35,D
49.75097,-121.30397,343.49,0.56,0.52,2026-08-10,2144,N,VIIRS,n,2.0NRT,301.57,149.21,D
49.75167,-121.30382,345.87,0.56,0.52,2026-08-10,2144,N,VIIRS,n,2.0NRT,299.68,49.48,D
49.75191,-121.28662,208.0,0.56,0.52,2026-08-10,2144,N,VIIRS,l,2.0NRT,319.41,0.0,D
49.75245,-121.27647,208.0,0.56,0.52,2026-08-10,2144,N,VIIRS,l,2.0NRT,315.84,0.0,D
49.75269,-121.28667,208.0,0.56,0.52,2026-08-10,2144,N,VIIRS,l,2.0NRT,311.2,483.15,D
49.75287,-121.2686,208.0,0.56,0.52,2026-08-10,2144,N,VIIRS,l,2.0NRT,298.55,400.61,D
49.7533,-121.27655,208.0,0.56,0.52,2026-08-10,2144,N,VIIRS,l,2.0NRT,323.48,454.3,D
49.75353,-121.2564,352.49,0.56,0.52,2026-08-10,2144,N,VIIRS,n,2.0NRT,293.74,71.75,D
49.75377,-121.26846,208.0,0.56,0.52,2026-08-10,2144,N,VIIRS,l,2.0NRT,297.15,454.3,D
49.75394,-121.24886,356.06,0.56,0.52,2026-08-10,2144,N,VIIRS,n,2.0NRT,286.76,71.75,D
49.7545,-121.25593,353.62,0.56,0.52,2026-08-10,2144,N,VIIRS,n,2.0NRT,292.57,144.42,D
49.75493,-121.24854,356.59,0.56,0.52,2026-08-10,2144,N,VIIRS,n,2.0NRT,286.3,74.37,D
49.75534,-121.40035,355.89,0.56,0.51,2026-08-10,2144,N,VIIRS,n,2.0NRT,298.67,13.49,D
49.75616,-121.2973,340.83,0.56,0.52,2026-08-10,2144,N,VIIRS,n,2.0NRT,299.94,149.21,D
49.75661,-121.28902,334.59,0.56,0.52,2026-08-10,2144,N,VIIRS,n,2.0NRT,303.74,0.0,D
49.75739,-121.28902,353.78,0.56,0.52,2026-08-10,2144,N,VIIRS,n,2.0NRT,304.17,483.15,D
49.75764,-121.26998,356.14,0.56,0.52,2026-08-10,2144,N,VIIRS,n,2.0NRT,296.67,400.61,D
49.75795,-121.27964,348.64,0.56,0.52,2026-08-10,2144,N,VIIRS,n,2.0NRT,293.31,454.3,D
49.75805,-121.26228,357.86,0.56,0.52,2026-08-10,2144,N,VIIRS,l,2.0NRT,295.47,400.61,D
49.75843,-121.25533,357.86,0.56,0.52,2026-08-10,2144,N,VIIRS,l,2.0NRT,288.69,71.75,D
49.75852,-121.26998,367.0,0.56,0.52,2026-08-10,2144,N,VIIRS,h,2.0NRT,294.89,454.3,D
49.7588,-121.24828,357.86,0.56,0.52,2026-08-10,2144,N,VIIRS,l,2.0NRT,283.78,71.75,D
49.759,-121.26196,357.16,0.56,0.52,2026-08-10,2144,N,VIIRS,l,2.0NRT,294.05,144.42,D
49.75916,-121.24187,357.86,0.57,0.52,2026-08-10,2144,N,VIIRS,l,2.0NRT,276.84,184.95,D
49.75941,-121.25488,357.16,0.56,0.52,2026-08-10,2144,N,VIIRS,l,2.0NRT,287.84,144.42,D
49.75981,-121.24791,357.16,0.56,0.52,2026-08-10,2144,N,VIIRS,l,2.0NRT,283.64,74.37,D
49.76018,-121.24161,357.16,0.56,0.52,2026-08-10,2144,N,VIIRS,l,2.0NRT,276.77,74.37,D
49.76134,-121.29086,332.15,0.56,0.52,2026-08-10,2144,N,VIIRS,n,2.0NRT,290.87,9.32,D
49.76287,-121.26277,335.13,0.56,0.52,2026-08-10,2144,N,VIIRS,n,2.0NRT,287.2,11.09,D
49.7633,-121.25479,338.96,0.56,0.52,2026-08-10,2144,N,VIIRS,n,2.0NRT,285.96,11.7,D
49.76347,-121.42709,341.35,0.55,0.51,2026-08-10,2144,N,VIIRS,n,2.0NRT,300.52,14.93,D
49.76366,-121.24818,344.72,0.56,0.52,2026-08-10,2144,N,VIIRS,n,2.0NRT,282.65,11.7,D
49.7638,-121.42122,333.5,0.55,0.51,2026-08-10,2144,N,VIIRS,n,2.0NRT,295.51,6.56,D
49.764,-121.24168,348.99,0.57,0.52,2026-08-10,2144,N,VIIRS,n,2.0NRT,277.91,25.96,D
49.76844,-121.42423,326.47,0.55,0.51,2026-08-10,2144,N,VIIRS,n,2.0NRT,294.95,6.56,D
49.76878,-121.41821,338.79,0.55,0.51,2026-08-10,2144,N,VIIRS,n,2.0NRT,295.98,6.56,D
49.76912,-121.41213,326.45,0.55,0.51,2026-08-10,2144,N,VIIRS,n,2.0NRT,294.55,3.7,D
49.7706,-121.29832,341.23,0.56,0.52,2026-08-10,2144,N,VIIRS,n,2.0NRT,297.11,73.86,D
49.77381,-121.41415,328.37,0.55,0.51,2026-08-10,2144,N,VIIRS,n,2.0NRT,296.46,5.16,D
49.78674,-121.2686,337.79,0.56,0.52,2026-08-10,2144,N,VIIRS,n,2.0NRT,292.05,4.6,D
49.80324,-121.23311,327.57,0.57,0.52,2026-08-10,2144,N,VIIRS,n,2.0NRT,286.95,3.14,D
49.80803,-121.23411,335.92,0.57,0.52,2026-08-10,2144,N,VIIRS,n,2.0NRT,291.86,3.14,D
49.8202,-121.18974,356.15,0.57,0.52,2026-08-10,2144,N,VIIRS,n,2.0NRT,300.51,53.04,D
49.82051,-121.18407,354.54,0.57,0.52,2026-08-10,2144,N,VIIRS,n,2.0NRT,298.46,53.04,D
49.82504,-121.19008,354.45,0.57,0.52,2026-08-10,2144,N,VIIRS,n,2.0NRT,301.9,69.98,D
49.82536,-121.1844,334.28,0.57,0.52,2026-08-10,2144,N,VIIRS,n,2.0NRT,296.24,69.98,D
49.82576,-121.17716,346.79,0.57,0.52,2026-08-10,2144,N,VIIRS,n,2.0NRT,306.62,164.42,D
49.82882,-121.12234,342.38,0.57,0.52,2026-08-10,2144,N,VIIRS,n,2.0NRT,291.65,12.8,D
49.82926,-121.11435,340.33,0.57,0.52,2026-08-10,2144,N,VIIRS,n,2.0NRT,288.39,12.8,D
49.82972,-121.10609,331.32,0.57,0.52,2026-08-10,2144,N,VIIRS,n,2.0NRT,286.04,10.48,D
49.82988,-121.19026,333.85,0.57,0.52,2026-08-10,2144,N,VIIRS,n,2.0NRT,288.38,69.98,D
49.83023,-121.18414,332.91,0.57,0.52,2026-08-10,2144,N,VIIRS,n,2.0NRT,307.6,69.98,D
49.83025,-121.0966,341.54,0.57,0.52,2026-08-10,2144,N,VIIRS,n,2.0NRT,287.58,10.48,D
49.83068,-121.17616,345.81,0.57,0.52,2026-08-10,2144,N,VIIRS,n,2.0NRT,304.79,164.42,D
49.83445,-121.19566,351.04,0.57,0.52,2026-08-10,2144,N,VIIRS,n,2.0NRT,298.68,34.83,D
49.83556,-121.08876,339.61,0.57,0.52,2026-08-10,2144,N,VIIRS,n,2.0NRT,286.29,12.71,D
49.83698,-121.23653,337.5,0.57,0.52,2026-08-10,2144,N,VIIRS,n,2.0NRT,290.7,8.31,D
49.83749,-121.22755,338.77,0.57,0.52,2026-08-10,2144,N,VIIRS,n,2.0NRT,291.09,8.31,D
49.83933,-121.19527,355.14,0.57,0.52,2026-08-10,2144,N,VIIRS,n,2.0NRT,298.01,34.83,D
49.83945,-121.10649,351.83,0.57,0.52,2026-08-10,2144,N,VIIRS,n,2.0NRT,292.76,34.77,D
49.8399,-121.09842,356.59,0.57,0.52,2026-08-10,2144,N,VIIRS,n,2.0NRT,291.26,34.77,D
49.84631,-121.07101,345.24,0.58,0.52,2026-08-10,2144,N,VIIRS,n,2.0NRT,292.89,63.83,D
49.84853,-121.07234,350.76,0.58,0.52,2026-08-10,2144,N,VIIRS,n,2.0NRT,311.42,328.26,D
49.84878,-121.20023,342.59,0.57,0.52,2026-08-10,2144,N,VIIRS,n,2.0NRT,295.91,9.16,D
49.84904,-121.06232,337.57,0.58,0.52,2026-08-10,2144,N,VIIRS,n,2.0NRT,287.53,40.95,D
49.8511,-121.07278,344.77,0.58,0.52,2026-08-10,2144,N,VIIRS,n,2.0NRT,308.48,93.35,D
49.85168,-121.2003,344.44,0.57,0.52,2026-08-10,2144,N,VIIRS,n,2.0NRT,297.64,31.72,D
49.85168,-121.06247,340.68,0.58,0.52,2026-08-10,2144,N,VIIRS,n,2.0NRT,287.35,93.35,D
49.85321,-121.20755,351.17,0.57,0.52,2026-08-10,2144,N,VIIRS,n,2.0NRT,299.09,13.14,D
49.85365,-121.19986,344.96,0.57,0.52,2026-08-10,2144,N,VIIRS,n,2.0NRT,301.22,26.28,D
49.85606,-121.20936,348.93,0.57,0.52,2026-08-10,2144,N,VIIRS,n,2.0NRT,302.37,31.72,D
49.85647,-121.2016,343.94,0.57,0.52,2026-08-10,2144,N,VIIRS,n,2.0NRT,301.37,31.72,D
49.85793,-121.20997,342.88,0.57,0.52,2026-08-10,2144,N,VIIRS,n,2.0NRT,298.96,13.14,D
49.85837,-121.20231,342.06,0.57,0.52,2026-08-10,2144,N,VIIRS,n,2.0NRT,297.29,26.28,D
49.86132,-121.10861,367.0,0.57,0.52,2026-08-10,2144,N,VIIRS,h,2.0NRT,295.19,12.18,D
49.86329,-121.11613,356.64,0.57,0.52,2026-08-10,2144,N,VIIRS,n,2.0NRT,294.4,16.58,D
49.86373,-121.10842,355.33,0.57,0.52,2026-08-10,2144,N,VIIRS,n,2.0NRT,300.78,20.93,D
49.86417,-121.10058,332.21,0.57,0.52,2026-08-10,2144,N,VIIRS,n,2.0NRT,290.25,20.93,D
49.86576,-121.11691,356.98,0.57,0.52,2026-08-10,2144,N,VIIRS,n,2.0NRT,296.54,20.66,D
49.86616,-121.10936,367.0,0.57,0.52,2026-08-10,2144,N,VIIRS,h,2.0NRT,294.35,20.66,D
49.87204,-121.18266,337.28,0.57,0.52,2026-08-10,2144,N,VIIRS,n,2.0NRT,296.39,5.08,D
49.87734,-121.52468,325.06,0.55,0.51,2026-08-10,2144,N,VIIRS,n,2.0NRT,294.25,4.14,D
49.87766,-121.51916,346.32,0.55,0.51,2026-08-10,2144,N,VIIRS,n,2.0NRT,306.01,19.14,D
49.88201,-121.52682,330.95,0.55,0.51,2026-08-10,2144,N,VIIRS,n,2.0NRT,295.02,22.33,D
49.88232,-121.52137,348.02,0.55,0.51,2026-08-10,2144,N,VIIRS,n,2.0NRT,309.72,28.75,D
49.88604,-121.10219,351.62,0.57,0.52,2026-08-10,2144,N,VIIRS,n,2.0NRT,304.26,53.19,D
49.88641,-121.09518,350.8,0.58,0.52,2026-08-10,2144,N,VIIRS,n,2.0NRT,300.01,53.19,D
49.88698,-121.52365,367.0,0.55,0.51,2026-08-10,2144,N,VIIRS,h,2.0NRT,304.44,28.75,D
49.88732,-121.51763,328.44,0.55,0.51,2026-08-10,2144,N,VIIRS,n,2.0NRT,296.48,28.75,D
49.89169,-121.08751,367.0,0.58,0.52,2026-08-10,2144,N,VIIRS,h,2.0NRT,295.13,37.8,D
49.89789,-121.15413,367.0,0.57,0.52,2026-08-10,2144,N,VIIRS,h,2.0NRT,295.42,23.31,D
49.90322,-121.14558,341.77,0.57,0.52,2026-08-10,2144,N,VIIRS,n,2.0NRT,291.61,6.43,D
49.90416,-121.12824,354.92,0.57,0.52,2026-08-10,2144,N,VIIRS,n,2.0NRT,298.63,23.74,D
49.94004,-121.26971,326.62,0.57,0.52,2026-08-10,2144,N,VIIRS,n,2.0NRT,296.05,4.21,D
50.08731,-121.26665,339.18,0.57,0.52,2026-08-10,2144,N,VIIRS,n,2.0NRT,295.56,12.37,D
50.09593,-121.19628,354.26,0.57,0.52,2026-08-10,2144,N,VIIRS,n,2.0NRT,298.98,32.59,D
50.10072,-121.19758,332.31,0.57,0.52,2026-08-10,2144,N,VIIRS,n,2.0NRT,292.4,5.25,D
50.12663,-121.16859,367.0,0.57,0.52,2026-08-10,2144,N,VIIRS,h,2.0NRT,303.37,37.7,D
50.13117,-121.1749,350.31,0.57,0.52,2026-08-10,2144,N,VIIRS,n,2.0NRT,301.56,65.3,D
50.13153,-121.16811,276.13,0.57,0.52,2026-08-10,2144,N,VIIRS,l,2.0NRT,319.4,150.19,D
50.13195,-121.16042,349.89,0.57,0.52,2026-08-10,2144,N,VIIRS,n,2.0NRT,293.79,150.19,D
50.15801,-121.13051,326.53,0.58,0.52,2026-08-10,2144,N,VIIRS,n,2.0NRT,292.96,5.51,D
50.16296,-121.1294,345.23,0.58,0.52,2026-08-10,2144,N,VIIRS,n,2.0NRT,294.01,9.79,D
49.6864,-121.18354,295.24,0.51,0.41,2026-08-11,0958,N,VIIRS,n,2.0NRT,264.1,2.49,N
49.69346,-121.17699,302.53,0.51,0.41,2026-08-11,0958,N,VIIRS,n,2.0NRT,266.32,3.66,N
49.69417,-121.18375,311.22,0.51,0.41,2026-08-11,0958,N,VIIRS,n,2.0NRT,268.75,3.35,N
49.69483,-121.19001,312.14,0.51,0.41,2026-08-11,0958,N,VIIRS,n,2.0NRT,271.7,3.35,N
49.69551,-121.19646,297.45,0.51,0.41,2026-08-11,0958,N,VIIRS,n,2.0NRT,263.42,3.81,N
49.69639,-121.17702,305.06,0.51,0.41,2026-08-11,0958,N,VIIRS,n,2.0NRT,264.41,1.85,N
49.69709,-121.18396,307.73,0.51,0.41,2026-08-11,0958,N,VIIRS,n,2.0NRT,267.35,1.85,N
49.69724,-121.17618,306.56,0.51,0.41,2026-08-11,0958,N,VIIRS,n,2.0NRT,265.09,2.69,N
49.69777,-121.19052,314.71,0.51,0.41,2026-08-11,0958,N,VIIRS,n,2.0NRT,271.59,2.02,N
49.698,-121.1833,307.54,0.51,0.41,2026-08-11,0958,N,VIIRS,n,2.0NRT,267.36,2.24,N
49.69843,-121.19701,300.93,0.51,0.41,2026-08-11,0958,N,VIIRS,n,2.0NRT,265.11,2.02,N
49.69871,-121.19004,316.33,0.51,0.41,2026-08-11,0958,N,VIIRS,n,2.0NRT,272.32,2.24,N
49.69915,-121.20407,297.02,0.51,0.41,2026-08-11,0958,N,VIIRS,n,2.0NRT,264.65,1.59,N
49.6993,-121.16749,296.66,0.51,0.41,2026-08-11,0958,N,VIIRS,n,2.0NRT,263.76,2.81,N
49.6994,-121.19656,302.05,0.51,0.41,2026-08-11,0958,N,VIIRS,n,2.0NRT,265.12,1.51,N
49.70012,-121.17558,311.59,0.51,0.41,2026-08-11,0958,N,VIIRS,n,2.0NRT,270.6,1.85,N
49.70015,-121.20361,299.51,0.51,0.41,2026-08-11,0958,N,VIIRS,n,2.0NRT,265.49,1.51,N
49.70087,-121.1831,300.36,0.51,0.41,2026-08-11,0958,N,VIIRS,n,2.0NRT,263.56,1.85,N
49.70094,-121.17461,306.24,0.51,0.41,2026-08-11,0958,N,VIIRS,n,2.0NRT,269.08,2.69,N
49.7016,-121.19027,311.37,0.51,0.41,2026-08-11,0958,N,VIIRS,n,2.0NRT,269.24,2.02,N
49.70176,-121.18225,299.12,0.51,0.41,2026-08-11,0958,N,VIIRS,n,2.0NRT,263.81,2.24,N
49.7021,-121.15679,295.26,0.51,0.41,2026-08-11,0958,N,VIIRS,n,2.0NRT,264.6,1.38,N
49.70232,-121.19732,305.31,0.51,0.41,2026-08-11,0958,N,VIIRS,n,2.0NRT,265.71,2.02,N
49.70254,-121.18966,312.36,0.51,0.41,2026-08-11,0958,N,VIIRS,n,2.0NRT,269.96,2.24,N
49.70295,-121.16519,300.64,0.51,0.41,2026-08-11,0958,N,VIIRS,n,2.0NRT,267.02,1.38,N
49.70303,-121.20432,298.46,0.51,0.41,2026-08-11,0958,N,VIIRS,n,2.0NRT,261.63,1.59,N
49.70331,-121.19685,303.66,0.51,0.41,2026-08-11,0958,N,VIIRS,n,2.0NRT,265.72,1.51,N
49.70368,-121.16406,300.26,0.51,0.41,2026-08-11,0958,N,VIIRS,n,2.0NRT,267.36,1.51,N
49.7038,-121.17371,299.14,0.51,0.41,2026-08-11,0958,N,VIIRS,n,2.0NRT,265.87,1.92,N
49.70404,-121.20376,298.53,0.51,0.41,2026-08-11,0958,N,VIIRS,n,2.0NRT,261.76,1.51,N
49.70459,-121.17261,298.89,0.51,0.41,2026-08-11,0958,N,VIIRS,n,2.0NRT,265.94,1.51,N
49.70461,-121.18173,300.04,0.51,0.41,2026-08-11,0958,N,VIIRS,n,2.0NRT,265.35,1.92,N
49.70539,-121.18945,300.27,0.51,0.41,2026-08-11,0958,N,VIIRS,n,2.0NRT,263.86,1.92,N
49.70546,-121.18066,297.4,0.51,0.41,2026-08-11,0958,N,VIIRS,n,2.0NRT,265.23,1.44,N
49.70612,-121.19668,295.59,0.51,0.41,2026-08-11,0958,N,VIIRS,n,2.0NRT,260.52,1.92,N
49.70629,-121.18845,297.14,0.51,0.41,2026-08-11,0958,N,VIIRS,n,2.0NRT,263.91,1.44,N
49.70659,-121.16294,301.48,0.51,0.41,2026-08-11,0958,N,VIIRS,n,2.0NRT,270.45,1.38,N
49.70707,-121.19576,295.49,0.51,0.41,2026-08-11,0958,N,VIIRS,n,2.0NRT,261.25,3.13,N
49.70731,-121.16189,295.81,0.51,0.41,2026-08-11,0958,N,VIIRS,n,2.0NRT,268.91,1.51,N
49.70744,-121.17134,306.75,0.51,0.41,2026-08-11,0958,N,VIIRS,n,2.0NRT,271.53,1.92,N
49.70821,-121.17022,306.33,0.51,0.41,2026-08-11,0958,N,VIIRS,n,2.0NRT,271.22,1.51,N
49.70907,-121.17829,295.04,0.51,0.41,2026-08-11,0958,N,VIIRS,n,2.0NRT,264.66,1.44,N
49.71107,-121.16891,295.04,0.51,0.41,2026-08-11,0958,N,VIIRS,n,2.0NRT,269.41,1.49,N
49.71189,-121.17698,296.07,0.51,0.41,2026-08-11,0958,N,VIIRS,n,2.0NRT,267.71,1.49,N
49.71654,-121.26118,305.69,0.51,0.41,2026-08-11,0958,N,VIIRS,n,2.0NRT,270.74,1.99,N
49.71783,-121.2606,305.73,0.51,0.41,2026-08-11,0958,N,VIIRS,n,2.0NRT,271.62,2.64,N
49.71859,-121.26784,298.92,0.51,0.41,2026-08-11,0958,N,VIIRS,n,2.0NRT,269.25,1.3,N
49.71966,-121.2537,298.83,0.51,0.41,2026-08-11,0958,N,VIIRS,n,2.0NRT,266.76,1.0,N
49.72269,-121.24541,295.81,0.51,0.41,2026-08-11,0958,N,VIIRS,n,2.0NRT,266.33,1.0,N
49.73011,-121.37717,307.57,0.52,0.41,2026-08-11,0958,N,VIIRS,n,2.0NRT,277.74,2.04,N
49.73148,-121.37103,303.51,0.52,0.41,2026-08-11,0958,N,VIIRS,n,2.0NRT,272.55,1.08,N
49.73727,-121.3896,307.13,0.52,0.41,2026-08-11,0958,N,VIIRS,n,2.0NRT,284.57,2.09,N
49.73792,-121.39601,313.47,0.52,0.41,2026-08-11,0958,N,VIIRS,n,2.0NRT,283.97,2.09,N
49.74718,-121.2949,297.33,0.51,0.41,2026-08-11,0958,N,VIIRS,n,2.0NRT,267.93,0.9,N
49.75018,-121.40159,304.62,0.52,0.41,2026-08-11,0958,N,VIIRS,n,2.0NRT,278.01,1.02,N
49.75097,-121.29386,302.95,0.51,0.41,2026-08-11,0958,N,VIIRS,n,2.0NRT,271.7,0.9,N
49.75167,-121.30079,308.82,0.52,0.41,2026-08-11,0958,N,VIIRS,n,2.0NRT,276.97,0.9,N
49.75399,-121.40064,304.03,0.52,0.41,2026-08-11,0958,N,VIIRS,n,2.0NRT,277.77,1.02,N
49.75779,-121.39952,297.12,0.52,0.41,2026-08-11,0958,N,VIIRS,n,2.0NRT,276.29,0.6,N
49.75849,-121.2914,306.7,0.51,0.41,2026-08-11,0958,N,VIIRS,n,2.0NRT,276.93,2.64,N
49.76035,-121.42513,308.96,0.52,0.42,2026-08-11,0958,N,VIIRS,n,2.0NRT,278.72,3.66,N
49.76402,-121.42274,334.68,0.52,0.42,2026-08-11,0958,N,VIIRS,n,2.0NRT,280.73,3.66,N
49.76488,-121.43124,313.48,0.52,0.42,2026-08-11,0958,N,VIIRS,n,2.0NRT,280.14,2.91,N
49.76767,-121.42005,299.11,0.52,0.42,2026-08-11,0958,N,VIIRS,n,2.0NRT,276.63,1.42,N
49.77009,-121.2531,305.39,0.51,0.41,2026-08-11,0958,N,VIIRS,n,2.0NRT,265.24,0.66,N
49.77077,-121.25967,299.74,0.51,0.41,2026-08-11,0958,N,VIIRS,n,2.0NRT,270.53,1.42,N
49.77134,-121.41763,307.05,0.52,0.42,2026-08-11,0958,N,VIIRS,n,2.0NRT,274.97,1.42,N
49.77306,-121.2443,335.46,0.51,0.41,2026-08-11,0958,N,VIIRS,n,2.0NRT,275.89,3.11,N
49.77378,-121.25125,321.59,0.51,0.41,2026-08-11,0958,N,VIIRS,n,2.0NRT,279.32,3.11,N
49.77673,-121.24214,302.41,0.51,0.41,2026-08-11,0958,N,VIIRS,n,2.0NRT,275.1,3.11,N
49.81967,-121.18594,295.12,0.51,0.41,2026-08-11,0958,N,VIIRS,n,2.0NRT,278.79,0.81,N
49.82608,-121.13525,331.59,0.51,0.41,2026-08-11,0958,N,VIIRS,n,2.0NRT,282.63,4.92,N
49.82771,-121.11353,303.83,0.51,0.41,2026-08-11,0958,N,VIIRS,n,2.0NRT,280.47,1.54,N
49.82845,-121.12069,330.24,0.51,0.41,2026-08-11,0958,N,VIIRS,n,2.0NRT,282.9,5.39,N
49.83007,-121.09894,316.75,0.51,0.41,2026-08-11,0958,N,VIIRS,n,2.0NRT,277.54,2.24,N
49.83028,-121.17608,298.77,0.51,0.41,2026-08-11,0958,N,VIIRS,n,2.0NRT,279.06,1.25,N
49.83076,-121.10561,295.24,0.51,0.41,2026-08-11,0958,N,VIIRS,n,2.0NRT,278.41,1.54,N
49.83101,-121.1833,301.65,0.51,0.41,2026-08-11,0958,N,VIIRS,n,2.0NRT,278.56,1.25,N
49.83249,-121.08502,314.1,0.51,0.41,2026-08-11,0958,N,VIIRS,n,2.0NRT,267.09,2.09,N
49.83315,-121.09138,298.17,0.51,0.41,2026-08-11,0958,N,VIIRS,n,2.0NRT,270.14,1.08,N
49.83557,-121.07751,298.9,0.51,0.41,2026-08-11,0958,N,VIIRS,n,2.0NRT,269.98,2.09,N
49.83623,-121.08379,324.54,0.51,0.41,2026-08-11,0958,N,VIIRS,n,2.0NRT,269.85,2.09,N
49.83662,-121.20038,307.83,0.51,0.41,2026-08-11,0958,N,VIIRS,n,2.0NRT,277.29,2.0,N
49.83688,-121.09012,296.81,0.51,0.41,2026-08-11,0958,N,VIIRS,n,2.0NRT,272.68,1.08,N
49.83758,-121.09685,297.86,0.51,0.41,2026-08-11,0958,N,VIIRS,n,2.0NRT,278.12,1.08,N
49.83823,-121.14059,307.76,0.51,0.41,2026-08-11,0958,N,VIIRS,n,2.0NRT,280.93,2.24,N
49.83832,-121.104,316.44,0.51,0.41,2026-08-11,0958,N,VIIRS,n,2.0NRT,280.39,3.63,N
49.83897,-121.14779,323.77,0.51,0.41,2026-08-11,0958,N,VIIRS,n,2.0NRT,281.36,3.85,N
49.83907,-121.11126,323.93,0.51,0.41,2026-08-11,0958,N,VIIRS,n,2.0NRT,281.14,3.63,N
49.83933,-121.07648,306.24,0.51,0.41,2026-08-11,0958,N,VIIRS,n,2.0NRT,267.78,1.6,N
49.83969,-121.15479,330.32,0.51,0.41,2026-08-11,0958,N,VIIRS,n,2.0NRT,282.84,3.85,N
49.84137,-121.09615,295.07,0.51,0.41,2026-08-11,0958,N,VIIRS,n,2.0NRT,275.45,1.08,N
49.84285,-121.11031,314.5,0.51,0.41,2026-08-11,0958,N,VIIRS,n,2.0NRT,280.06,2.3,N
49.84308,-121.07542,296.99,0.51,0.41,2026-08-11,0958,N,VIIRS,n,2.0NRT,274.5,1.6,N
49.84499,-121.16859,301.76,0.51,0.41,2026-08-11,0958,N,VIIRS,n,2.0NRT,269.85,2.4,N
49.84682,-121.0743,297.87,0.51,0.41,2026-08-11,0958,N,VIIRS,n,2.0NRT,275.15,2.09,N
49.84751,-121.08086,321.37,0.51,0.41,2026-08-11,0958,N,VIIRS,n,2.0NRT,274.37,2.09,N
49.84881,-121.16808,344.96,0.51,0.41,2026-08-11,0958,N,VIIRS,n,2.0NRT,272.1,12.09,N
49.84962,-121.21377,296.4,0.51,0.41,2026-08-11,0958,N,VIIRS,n,2.0NRT,278.18,0.76,N
49.85056,-121.07312,298.08,0.51,0.41,2026-08-11,0958,N,VIIRS,n,2.0NRT,268.15,2.09,N
49.85125,-121.0797,331.71,0.51,0.41,2026-08-11,0958,N,VIIRS,n,2.0NRT,265.87,2.09,N
49.85365,-121.06569,321.64,0.51,0.41,2026-08-11,0958,N,VIIRS,n,2.0NRT,264.84,3.27,N
49.85431,-121.07203,315.95,0.51,0.41,2026-08-11,0958,N,VIIRS,n,2.0NRT,264.15,2.79,N
49.85501,-121.07867,313.23,0.51,0.41,2026-08-11,0958,N,VIIRS,n,2.0NRT,262.95,2.79,N
49.85571,-121.1975,300.04,0.51,0.41,2026-08-11,0958,N,VIIRS,n,2.0NRT,279.25,0.99,N
49.85643,-121.20449,299.63,0.51,0.41,2026-08-11,0958,N,VIIRS,n,2.0NRT,280.72,2.15,N
49.85742,-121.06486,324.49,0.51,0.41,2026-08-11,0958,N,VIIRS,n,2.0NRT,265.78,3.27,N
49.8581,-121.07129,329.29,0.51,0.41,2026-08-11,0958,N,VIIRS,n,2.0NRT,263.06,2.79,N
49.86248,-121.1132,327.48,0.51,0.41,2026-08-11,0958,N,VIIRS,n,2.0NRT,277.65,4.54,N
49.86575,-121.52883,296.54,0.53,0.42,2026-08-11,0958,N,VIIRS,n,2.0NRT,282.37,1.09,N
49.86624,-121.11216,344.66,0.51,0.41,2026-08-11,0958,N,VIIRS,n,2.0NRT,284.48,13.51,N
49.87696,-121.06696,327.46,0.51,0.41,2026-08-11,0958,N,VIIRS,n,2.0NRT,281.83,5.1,N
49.88099,-121.52409,302.22,0.53,0.42,2026-08-11,0958,N,VIIRS,n,2.0NRT,282.17,1.61,N
49.88214,-121.07944,296.8,0.51,0.41,2026-08-11,0958,N,VIIRS,n,2.0NRT,281.28,1.41,N
49.88314,-121.05225,311.82,0.51,0.41,2026-08-11,0958,N,VIIRS,n,2.0NRT,281.66,2.13,N
49.88466,-121.52142,296.61,0.53,0.42,2026-08-11,0958,N,VIIRS,n,2.0NRT,280.47,1.01,N
49.88553,-121.53017,295.4,0.53,0.42,2026-08-11,0958,N,VIIRS,n,2.0NRT,281.75,1.01,N
49.88736,-121.09226,303.82,0.51,0.41,2026-08-11,0958,N,VIIRS,n,2.0NRT,281.16,4.29,N
49.88761,-121.05803,302.77,0.51,0.41,2026-08-11,0958,N,VIIRS,n,2.0NRT,281.66,2.13,N
49.88816,-121.09985,345.83,0.51,0.41,2026-08-11,0958,N,VIIRS,n,2.0NRT,285.65,4.29,N
49.89039,-121.08435,303.06,0.51,0.41,2026-08-11,0958,N,VIIRS,n,2.0NRT,279.56,1.72,N
49.89113,-121.09142,332.11,0.51,0.41,2026-08-11,0958,N,VIIRS,n,2.0NRT,282.99,4.29,N
49.89328,-121.14851,299.93,0.51,0.41,2026-08-11,0958,N,VIIRS,n,2.0NRT,280.03,1.64,N
49.89633,-121.14072,299.48,0.51,0.41,2026-08-11,0958,N,VIIRS,n,2.0NRT,281.6,0.99,N
49.89708,-121.14782,299.01,0.51,0.41,2026-08-11,0958,N,VIIRS,n,2.0NRT,281.88,1.64,N
49.89787,-121.15534,314.62,0.51,0.41,2026-08-11,0958,N,VIIRS,n,2.0NRT,281.84,1.64,N
49.89943,-121.13335,332.25,0.51,0.41,2026-08-11,0958,N,VIIRS,n,2.0NRT,282.24,4.28,N
49.90015,-121.14017,303.43,0.51,0.41,2026-08-11,0958,N,VIIRS,n,2.0NRT,282.24,4.28,N
49.90254,-121.12608,310.47,0.51,0.41,2026-08-11,0958,N,VIIRS,n,2.0NRT,281.52,2.02,N
49.90324,-121.13268,330.78,0.51,0.41,2026-08-11,0958,N,VIIRS,n,2.0NRT,283.84,4.28,N
49.90396,-121.13961,309.75,0.51,0.41,2026-08-11,0958,N,VIIRS,n,2.0NRT,283.38,4.28,N
49.90519,-121.12505,325.0,0.51,0.41,2026-08-11,0958,N,VIIRS,n,2.0NRT,285.27,2.54,N
49.90586,-121.13165,322.23,0.51,0.41,2026-08-11,0958,N,VIIRS,n,2.0NRT,284.1,2.54,N
49.90634,-121.12537,321.3,0.51,0.41,2026-08-11,0958,N,VIIRS,n,2.0NRT,284.8,3.68,N
49.90657,-121.13858,296.6,0.51,0.41,2026-08-11,0958,N,VIIRS,n,2.0NRT,281.02,1.46,N
49.90704,-121.13201,323.08,0.51,0.41,2026-08-11,0958,N,VIIRS,n,2.0NRT,283.65,3.64,N
49.90967,-121.13101,295.3,0.51,0.41,2026-08-11,0958,N,VIIRS,n,2.0NRT,281.74,2.54,N
50.09666,-121.1928,306.85,0.52,0.41,2026-08-11,0958,N,VIIRS,n,2.0NRT,281.31,3.04,N
50.09737,-121.1996,309.86,0.52,0.41,2026-08-11,0958,N,VIIRS,n,2.0NRT,283.44,1.81,N
50.10045,-121.1918,330.28,0.52,0.41,2026-08-11,0958,N,VIIRS,n,2.0NRT,285.36,3.04,N
50.10115,-121.19851,297.69,0.52,0.41,2026-08-11,0958,N,VIIRS,n,2.0NRT,281.89,1.81,N
50.12791,-121.17048,302.7,0.51,0.41,2026-08-11,0958,N,VIIRS,n,2.0NRT,281.38,1.11,N
50.12872,-121.17869,299.42,0.52,0.41,2026-08-11,0958,N,VIIRS,n,2.0NRT,281.28,1.11,N
50.12923,-121.16937,308.54,0.51,0.41,2026-08-11,0958,N,VIIRS,n,2.0NRT,282.5,2.33,N
50.13009,-121.17758,319.91,0.51,0.41,2026-08-11,0958,N,VIIRS,n,2.0NRT,282.74,2.61,N
50.13095,-121.16213,317.96,0.51,0.41,2026-08-11,0958,N,VIIRS,n,2.0NRT,282.83,1.93,N
50.13174,-121.17001,303.66,0.51,0.41,2026-08-11,0958,N,VIIRS,n,2.0NRT,283.19,1.95,N
50.13226,-121.16116,315.52,0.51,0.41,2026-08-11,0958,N,VIIRS,n,2.0NRT,283.28,1.74,N
50.13255,-121.17813,314.48,0.52,0.41,2026-08-11,0958,N,VIIRS,n,2.0NRT,282.98,1.95,N
50.13308,-121.16898,300.08,0.51,0.41,2026-08-11,0958,N,VIIRS,n,2.0NRT,282.68,1.74,N
50.13393,-121.17709,319.94,0.51,0.41,2026-08-11,0958,N,VIIRS,n,2.0NRT,283.81,3.8,N
50.13409,-121.15474,298.75,0.51,0.41,2026-08-11,0958,N,VIIRS,n,2.0NRT,281.67,1.93,N
50.13538,-121.15384,307.94,0.51,0.41,2026-08-11,0958,N,VIIRS,n,2.0NRT,282.01,1.97,N
50.13637,-121.17751,314.12,0.52,0.41,2026-08-11,0958,N,VIIRS,n,2.0NRT,283.71,1.95,N
50.13722,-121.14731,295.12,0.51,0.41,2026-08-11,0958,N,VIIRS,n,2.0NRT,281.83,0.94,N
50.13792,-121.15424,301.46,0.51,0.41,2026-08-11,0958,N,VIIRS,n,2.0NRT,282.71,1.43,N
50.14104,-121.14674,308.5,0.51,0.41,2026-08-11,0958,N,VIIRS,n,2.0NRT,283.54,0.94,N
50.14153,-121.19008,303.09,0.52,0.41,2026-08-11,0958,N,VIIRS,n,2.0NRT,282.71,1.47,N
50.14534,-121.18933,304.36,0.52,0.41,2026-08-11,0958,N,VIIRS,n,2.0NRT,283.38,1.47,N
50.14798,-121.13866,310.24,0.51,0.41,2026-08-11,0958,N,VIIRS,n,2.0NRT,283.61,3.01,N
50.14848,-121.18183,299.07,0.52,0.41,2026-08-11,0958,N,VIIRS,n,2.0NRT,283.14,1.16,N
50.15181,-121.13813,314.09,0.51,0.41,2026-08-11,0958,N,VIIRS,n,2.0NRT,284.24,1.62,N
50.1549,-121.13035,298.44,0.51,0.41,2026-08-11,0958,N,VIIRS,n,2.0NRT,284.14,0.96,N
50.15564,-121.1376,307.04,0.51,0.41,2026-08-11,0958,N,VIIRS,n,2.0NRT,284.51,1.62,N
50.15632,-121.14423,295.08,0.51,0.41,2026-08-11,0958,N,VIIRS,n,2.0NRT,283.26,1.62,N
50.15788,-121.15959,299.83,0.51,0.41,2026-08-11,0958,N,VIIRS,n,2.0NRT,283.92,1.14,N
50.15802,-121.12287,301.42,0.51,0.41,2026-08-11,0958,N,VIIRS,n,2.0NRT,284.04,2.24,N
50.15876,-121.13009,298.49,0.51,0.41,2026-08-11,0958,N,VIIRS,n,2.0NRT,284.98,2.24,N
50.15947,-121.13708,308.15,0.51,0.41,2026-08-11,0958,N,VIIRS,n,2.0NRT,285.44,2.08,N
50.15966,-121.10091,309.58,0.51,0.41,2026-08-11,0958,N,VIIRS,n,2.0NRT,284.0,1.72,N
50.16016,-121.1438,298.73,0.51,0.41,2026-08-11,0958,N,VIIRS,n,2.0NRT,284.04,2.08,N
50.1604,-121.1082,300.4,0.51,0.41,2026-08-11,0958,N,VIIRS,n,2.0NRT,284.34,1.4,N
50.16092,-121.15128,296.75,0.51,0.41,2026-08-11,0958,N,VIIRS,n,2.0NRT,283.57,1.7,N
50.16114,-121.11543,303.71,0.51,0.41,2026-08-11,0958,N,VIIRS,n,2.0NRT,285.34,1.4,N
50.1617,-121.15899,316.4,0.51,0.41,2026-08-11,0958,N,VIIRS,n,2.0NRT,284.87,1.7,N
50.16261,-121.12981,328.6,0.51,0.41,2026-08-11,0958,N,VIIRS,n,2.0NRT,286.99,2.24,N
50.1628,-121.09377,308.62,0.51,0.41,2026-08-11,0958,N,VIIRS,n,2.0NRT,285.35,3.02,N
50.16331,-121.13666,315.42,0.51,0.41,2026-08-11,0958,N,VIIRS,n,2.0NRT,286.16,2.08,N
50.16351,-121.10068,328.05,0.51,0.41,2026-08-11,0958,N,VIIRS,n,2.0NRT,287.76,3.02,N
50.164,-121.14339,322.9,0.51,0.41,2026-08-11,0958,N,VIIRS,n,2.0NRT,286.17,2.08,N
50.16425,-121.1079,324.49,0.51,0.41,2026-08-11,0958,N,VIIRS,n,2.0NRT,287.37,3.32,N
50.16499,-121.11507,337.84,0.51,0.41,2026-08-11,0958,N,VIIRS,n,2.0NRT,287.15,3.32,N
50.16571,-121.12215,348.06,0.51,0.41,2026-08-11,0958,N,VIIRS,n,2.0NRT,287.93,5.26,N
50.16644,-121.12931,326.48,0.51,0.41,2026-08-11,0958,N,VIIRS,n,2.0NRT,285.91,5.26,N
50.16665,-121.09351,318.94,0.51,0.41,2026-08-11,0958,N,VIIRS,n,2.0NRT,286.57,3.02,N
50.16736,-121.10044,334.98,0.51,0.41,2026-08-11,0958,N,VIIRS,n,2.0NRT,287.28,3.02,N
50.16809,-121.10747,297.22,0.51,0.41,2026-08-11,0958,N,VIIRS,n,2.0NRT,284.72,3.32,N
50.1688,-121.11443,315.62,0.51,0.41,2026-08-11,0958,N,VIIRS,n,2.0NRT,285.48,3.32,N
50.16954,-121.12163,317.72,0.51,0.41,2026-08-11,0958,N,VIIRS,n,2.0NRT,285.51,5.26,N
49.68613,-121.15463,335.87,0.55,0.68,2026-08-11,1138,N,VIIRS,n,2.0NRT,280.91,7.79,N
49.68793,-121.15965,367.0,0.55,0.68,2026-08-11,1138,N,VIIRS,h,2.0NRT,283.16,8.39,N
49.69003,-121.1655,295.93,0.55,0.68,2026-08-11,1138,N,VIIRS,n,2.0NRT,280.76,8.39,N
49.69032,-121.1553,367.0,0.55,0.68,2026-08-11,1138,N,VIIRS,h,2.0NRT,284.92,15.92,N
49.69059,-121.17667,299.61,0.55,0.68,2026-08-11,1138,N,VIIRS,n,2.0NRT,281.28,5.53,N
49.69214,-121.16045,367.0,0.55,0.68,2026-08-11,1138,N,VIIRS,h,2.0NRT,284.43,15.92,N
49.69219,-121.17155,303.21,0.55,0.68,2026-08-11,1138,N,VIIRS,n,2.0NRT,281.45,5.72,N
49.69318,-121.15395,318.4,0.55,0.68,2026-08-11,1138,N,VIIRS,n,2.0NRT,281.66,7.79,N
49.69341,-121.18468,319.89,0.55,0.68,2026-08-11,1138,N,VIIRS,n,2.0NRT,282.81,6.68,N
49.69399,-121.16571,302.4,0.55,0.68,2026-08-11,1138,N,VIIRS,n,2.0NRT,281.84,5.53,N
49.6946,-121.17829,328.12,0.55,0.68,2026-08-11,1138,N,VIIRS,n,2.0NRT,284.62,5.72,N
49.69498,-121.15897,335.28,0.55,0.68,2026-08-11,1138,N,VIIRS,n,2.0NRT,283.11,8.39,N
49.69595,-121.17126,323.41,0.55,0.68,2026-08-11,1138,N,VIIRS,n,2.0NRT,284.04,5.53,N
49.69632,-121.19296,310.72,0.55,0.68,2026-08-11,1138,N,VIIRS,n,2.0NRT,281.5,6.68,N
49.69683,-121.16417,314.6,0.55,0.68,2026-08-11,1138,N,VIIRS,n,2.0NRT,283.45,8.39,N
49.69714,-121.18537,334.63,0.55,0.68,2026-08-11,1138,N,VIIRS,n,2.0NRT,286.48,6.78,N
49.69752,-121.15515,303.6,0.55,0.68,2026-08-11,1138,N,VIIRS,n,2.0NRT,280.91,2.16,N
49.69812,-121.17742,342.59,0.55,0.68,2026-08-11,1138,N,VIIRS,n,2.0NRT,288.72,6.68,N
49.6987,-121.19972,303.25,0.55,0.68,2026-08-11,1138,N,VIIRS,n,2.0NRT,280.74,4.51,N
49.69872,-121.16946,325.58,0.55,0.68,2026-08-11,1138,N,VIIRS,n,2.0NRT,285.28,5.72,N
49.69939,-121.16045,313.39,0.55,0.68,2026-08-11,1138,N,VIIRS,n,2.0NRT,282.62,2.16,N
49.69989,-121.19306,323.23,0.55,0.68,2026-08-11,1138,N,VIIRS,n,2.0NRT,284.72,6.78,N
49.70038,-121.18388,330.6,0.55,0.68,2026-08-11,1138,N,VIIRS,n,2.0NRT,286.53,6.68,N
49.70043,-121.15385,304.3,0.55,0.68,2026-08-11,1138,N,VIIRS,n,2.0NRT,280.26,2.6,N
49.70063,-121.2052,305.92,0.55,0.68,2026-08-11,1138,N,VIIRS,n,2.0NRT,280.79,4.51,N
49.70073,-121.17507,333.05,0.55,0.68,2026-08-11,1138,N,VIIRS,n,2.0NRT,287.15,5.72,N
49.70123,-121.16569,328.27,0.55,0.68,2026-08-11,1138,N,VIIRS,n,2.0NRT,284.85,4.64,N
49.70209,-121.19922,322.31,0.55,0.68,2026-08-11,1138,N,VIIRS,n,2.0NRT,284.71,3.89,N
49.70245,-121.15951,309.58,0.55,0.68,2026-08-11,1138,N,VIIRS,n,2.0NRT,282.21,5.15,N
49.70261,-121.23141,308.82,0.54,0.68,2026-08-11,1138,N,VIIRS,n,2.0NRT,281.23,2.58,N
49.70261,-121.21081,306.86,0.55,0.68,2026-08-11,1138,N,VIIRS,n,2.0NRT,281.94,2.66,N
49.70262,-121.25201,295.15,0.54,0.68,2026-08-11,1138,N,VIIRS,n,2.0NRT,280.02,2.65,N
49.70266,-121.19033,327.7,0.55,0.68,2026-08-11,1138,N,VIIRS,n,2.0NRT,286.45,4.51,N
49.70285,-121.181,323.75,0.55,0.68,2026-08-11,1138,N,VIIRS,n,2.0NRT,285.69,6.78,N
49.70301,-121.17074,319.67,0.55,0.68,2026-08-11,1138,N,VIIRS,n,2.0NRT,283.33,4.64,N
49.70418,-121.20507,311.84,0.54,0.68,2026-08-11,1138,N,VIIRS,n,2.0NRT,283.48,3.89,N
49.70432,-121.16474,330.29,0.55,0.68,2026-08-11,1138,N,VIIRS,n,2.0NRT,285.6,5.15,N
49.70465,-121.23718,306.53,0.54,0.68,2026-08-11,1138,N,VIIRS,n,2.0NRT,281.73,2.58,N
49.70469,-121.21674,303.44,0.54,0.68,2026-08-11,1138,N,VIIRS,n,2.0NRT,282.25,2.66,N
49.70471,-121.15499,296.05,0.55,0.68,2026-08-11,1138,N,VIIRS,n,2.0NRT,279.62,2.16,N
49.70481,-121.19645,321.08,0.55,0.68,2026-08-11,1138,N,VIIRS,n,2.0NRT,285.48,4.51,N
49.70498,-121.18694,314.1,0.55,0.68,2026-08-11,1138,N,VIIRS,n,2.0NRT,284.18,6.78,N
49.70501,-121.17642,309.58,0.55,0.68,2026-08-11,1138,N,VIIRS,n,2.0NRT,282.73,2.23,N
49.7062,-121.16999,326.23,0.55,0.68,2026-08-11,1138,N,VIIRS,n,2.0NRT,284.31,5.55,N
49.70647,-121.21146,303.66,0.54,0.68,2026-08-11,1138,N,VIIRS,n,2.0NRT,282.76,2.51,N
49.70677,-121.22263,311.16,0.54,0.68,2026-08-11,1138,N,VIIRS,n,2.0NRT,282.91,2.67,N
49.70679,-121.2433,310.26,0.54,0.68,2026-08-11,1138,N,VIIRS,n,2.0NRT,283.01,2.65,N
49.7068,-121.16094,298.26,0.55,0.68,2026-08-11,1138,N,VIIRS,n,2.0NRT,280.18,2.16,N
49.70709,-121.18233,300.27,0.55,0.68,2026-08-11,1138,N,VIIRS,n,2.0NRT,281.58,2.23,N
49.70736,-121.19362,311.29,0.55,0.68,2026-08-11,1138,N,VIIRS,n,2.0NRT,284.15,3.89,N
49.7074,-121.20383,306.74,0.55,0.68,2026-08-11,1138,N,VIIRS,n,2.0NRT,283.58,2.66,N
49.70826,-121.17577,301.83,0.55,0.68,2026-08-11,1138,N,VIIRS,n,2.0NRT,281.02,5.55,N
49.70847,-121.2171,303.14,0.54,0.68,2026-08-11,1138,N,VIIRS,n,2.0NRT,281.72,2.51,N
49.70872,-121.1664,323.48,0.55,0.68,2026-08-11,1138,N,VIIRS,n,2.0NRT,284.19,4.64,N
49.70876,-121.2283,305.31,0.54,0.68,2026-08-11,1138,N,VIIRS,n,2.0NRT,282.25,2.67,N
49.70881,-121.24902,312.86,0.54,0.68,2026-08-11,1138,N,VIIRS,n,2.0NRT,283.22,2.65,N
49.70946,-121.20966,302.13,0.54,0.68,2026-08-11,1138,N,VIIRS,n,2.0NRT,282.57,2.66,N
49.70981,-121.20049,300.58,0.54,0.68,2026-08-11,1138,N,VIIRS,n,2.0NRT,282.67,3.89,N
49.71033,-121.18159,298.37,0.55,0.68,2026-08-11,1138,N,VIIRS,n,2.0NRT,280.38,1.91,N
49.71067,-121.25433,310.23,0.54,0.68,2026-08-11,1138,N,VIIRS,n,2.0NRT,283.12,3.8,N
49.71076,-121.17219,307.98,0.55,0.68,2026-08-11,1138,N,VIIRS,n,2.0NRT,281.91,4.64,N
49.7108,-121.23409,311.63,0.54,0.68,2026-08-11,1138,N,VIIRS,n,2.0NRT,283.77,2.17,N
49.71137,-121.21511,297.86,0.54,0.68,2026-08-11,1138,N,VIIRS,n,2.0NRT,280.0,2.67,N
49.71146,-121.19478,298.16,0.55,0.68,2026-08-11,1138,N,VIIRS,n,2.0NRT,281.52,2.84,N
49.71234,-121.1872,295.03,0.55,0.68,2026-08-11,1138,N,VIIRS,n,2.0NRT,280.77,1.91,N
49.71263,-121.22871,297.9,0.54,0.68,2026-08-11,1138,N,VIIRS,n,2.0NRT,280.14,2.65,N
49.71268,-121.26004,309.26,0.54,0.68,2026-08-11,1138,N,VIIRS,n,2.0NRT,282.99,3.8,N
49.71286,-121.17815,296.32,0.55,0.68,2026-08-11,1138,N,VIIRS,n,2.0NRT,280.26,2.23,N
49.713,-121.24033,307.25,0.54,0.68,2026-08-11,1138,N,VIIRS,n,2.0NRT,283.26,2.17,N
49.71369,-121.20113,298.29,0.55,0.68,2026-08-11,1138,N,VIIRS,n,2.0NRT,281.3,5.19,N
49.71402,-121.21228,295.43,0.54,0.68,2026-08-11,1138,N,VIIRS,n,2.0NRT,280.38,2.51,N
49.71455,-121.1934,304.24,0.55,0.68,2026-08-11,1138,N,VIIRS,n,2.0NRT,281.24,3.11,N
49.71475,-121.18356,299.7,0.55,0.68,2026-08-11,1138,N,VIIRS,n,2.0NRT,280.41,2.23,N
49.71476,-121.26592,306.12,0.54,0.68,2026-08-11,1138,N,VIIRS,n,2.0NRT,283.01,2.33,N
49.7149,-121.23508,306.71,0.54,0.68,2026-08-11,1138,N,VIIRS,n,2.0NRT,283.01,2.57,N
49.71515,-121.24646,306.75,0.54,0.68,2026-08-11,1138,N,VIIRS,n,2.0NRT,283.34,2.59,N
49.716,-121.22828,296.03,0.54,0.68,2026-08-11,1138,N,VIIRS,n,2.0NRT,279.54,2.17,N
49.71668,-121.2714,299.43,0.54,0.68,2026-08-11,1138,N,VIIRS,n,2.0NRT,282.19,2.33,N
49.7167,-121.18909,300.67,0.55,0.68,2026-08-11,1138,N,VIIRS,n,2.0NRT,280.66,2.84,N
49.71689,-121.19994,308.66,0.54,0.68,2026-08-11,1138,N,VIIRS,n,2.0NRT,281.48,3.11,N
49.71709,-121.25196,312.77,0.54,0.68,2026-08-11,1138,N,VIIRS,n,2.0NRT,284.27,2.59,N
49.71715,-121.2414,308.75,0.54,0.68,2026-08-11,1138,N,VIIRS,n,2.0NRT,283.68,2.57,N
49.71822,-121.23463,303.69,0.54,0.68,2026-08-11,1138,N,VIIRS,n,2.0NRT,282.85,2.17,N
49.71838,-121.21446,297.89,0.54,0.68,2026-08-11,1138,N,VIIRS,n,2.0NRT,281.24,5.96,N
49.7185,-121.27657,299.14,0.54,0.68,2026-08-11,1138,N,VIIRS,n,2.0NRT,281.87,2.53,N
49.71896,-121.19555,311.92,0.55,0.68,2026-08-11,1138,N,VIIRS,n,2.0NRT,281.17,2.84,N
49.719,-121.22624,296.75,0.54,0.68,2026-08-11,1138,N,VIIRS,n,2.0NRT,280.92,2.65,N
49.71903,-121.25751,310.46,0.54,0.68,2026-08-11,1138,N,VIIRS,n,2.0NRT,284.46,2.82,N
49.71917,-121.24705,312.25,0.54,0.68,2026-08-11,1138,N,VIIRS,n,2.0NRT,285.01,3.05,N
49.7192,-121.20644,307.21,0.54,0.68,2026-08-11,1138,N,VIIRS,n,2.0NRT,281.7,5.87,N
49.72001,-121.18831,297.55,0.55,0.68,2026-08-11,1138,N,VIIRS,n,2.0NRT,279.02,1.91,N
49.72023,-121.24033,307.66,0.54,0.68,2026-08-11,1138,N,VIIRS,n,2.0NRT,284.36,2.59,N
49.72112,-121.20169,326.4,0.55,0.68,2026-08-11,1138,N,VIIRS,n,2.0NRT,283.52,5.19,N
49.72124,-121.26381,303.76,0.54,0.68,2026-08-11,1138,N,VIIRS,n,2.0NRT,283.8,2.82,N
49.72129,-121.25298,303.22,0.54,0.68,2026-08-11,1138,N,VIIRS,n,2.0NRT,283.73,3.05,N
49.72163,-121.21323,317.48,0.54,0.68,2026-08-11,1138,N,VIIRS,n,2.0NRT,282.39,5.87,N
49.72205,-121.19405,310.06,0.55,0.68,2026-08-11,1138,N,VIIRS,n,2.0NRT,281.06,3.11,N
49.7224,-121.24651,302.26,0.54,0.68,2026-08-11,1138,N,VIIRS,n,2.0NRT,283.76,2.59,N
49.72318,-121.23794,298.3,0.54,0.68,2026-08-11,1138,N,VIIRS,n,2.0NRT,282.72,2.57,N
49.72332,-121.20796,320.57,0.54,0.68,2026-08-11,1138,N,VIIRS,n,2.0NRT,282.72,5.19,N
49.72355,-121.27038,303.16,0.54,0.68,2026-08-11,1138,N,VIIRS,n,2.0NRT,283.55,1.28,N
49.72396,-121.26048,297.65,0.54,0.68,2026-08-11,1138,N,VIIRS,n,2.0NRT,282.56,1.62,N
49.72409,-121.22015,307.43,0.54,0.68,2026-08-11,1138,N,VIIRS,n,2.0NRT,281.19,5.31,N
49.72416,-121.19994,319.81,0.54,0.68,2026-08-11,1138,N,VIIRS,n,2.0NRT,283.36,3.11,N
49.7249,-121.25365,308.05,0.54,0.68,2026-08-11,1138,N,VIIRS,n,2.0NRT,283.64,2.82,N
49.72569,-121.21471,340.62,0.54,0.68,2026-08-11,1138,N,VIIRS,n,2.0NRT,287.56,5.96,N
49.72581,-121.27684,301.43,0.54,0.68,2026-08-11,1138,N,VIIRS,n,2.0NRT,283.53,1.28,N
49.72593,-121.19481,303.54,0.55,0.68,2026-08-11,1138,N,VIIRS,n,2.0NRT,280.26,2.66,N
49.72632,-121.20602,320.99,0.54,0.68,2026-08-11,1138,N,VIIRS,n,2.0NRT,283.21,5.87,N
49.72649,-121.26755,299.84,0.54,0.68,2026-08-11,1138,N,VIIRS,n,2.0NRT,282.53,1.62,N
49.7266,-121.2272,302.0,0.54,0.68,2026-08-11,1138,N,VIIRS,n,2.0NRT,280.97,5.31,N
49.72783,-121.25099,312.36,0.54,0.68,2026-08-11,1138,N,VIIRS,n,2.0NRT,284.23,3.05,N
49.72802,-121.20077,307.24,0.55,0.68,2026-08-11,1138,N,VIIRS,n,2.0NRT,282.11,4.37,N
49.72824,-121.22201,322.25,0.54,0.68,2026-08-11,1138,N,VIIRS,n,2.0NRT,283.11,5.96,N
49.72859,-121.27345,298.49,0.54,0.68,2026-08-11,1138,N,VIIRS,n,2.0NRT,283.01,1.83,N
49.72862,-121.2125,344.15,0.54,0.68,2026-08-11,1138,N,VIIRS,n,2.0NRT,289.47,5.87,N
49.72867,-121.23298,303.64,0.54,0.68,2026-08-11,1138,N,VIIRS,n,2.0NRT,281.09,3.6,N
49.7293,-121.24561,300.5,0.54,0.68,2026-08-11,1138,N,VIIRS,n,2.0NRT,282.29,2.61,N
49.73005,-121.26834,296.03,0.54,0.68,2026-08-11,1138,N,VIIRS,n,2.0NRT,281.84,1.28,N
49.73011,-121.20672,317.7,0.54,0.68,2026-08-11,1138,N,VIIRS,n,2.0NRT,282.96,4.37,N
49.73034,-121.228,317.12,0.54,0.68,2026-08-11,1138,N,VIIRS,n,2.0NRT,281.98,5.4,N
49.73054,-121.23825,301.13,0.54,0.68,2026-08-11,1138,N,VIIRS,n,2.0NRT,281.73,3.6,N
49.73075,-121.25918,299.31,0.54,0.68,2026-08-11,1138,N,VIIRS,n,2.0NRT,282.06,1.62,N
49.73084,-121.19833,297.69,0.54,0.68,2026-08-11,1138,N,VIIRS,n,2.0NRT,279.03,1.96,N
49.73096,-121.21902,326.55,0.54,0.68,2026-08-11,1138,N,VIIRS,n,2.0NRT,284.69,5.31,N
49.73183,-121.25282,312.6,0.54,0.68,2026-08-11,1138,N,VIIRS,n,2.0NRT,283.33,6.19,N
49.7319,-121.2736,298.96,0.54,0.68,2026-08-11,1138,N,VIIRS,n,2.0NRT,282.4,1.28,N
49.73214,-121.21251,324.48,0.54,0.68,2026-08-11,1138,N,VIIRS,n,2.0NRT,284.46,6.03,N
49.7322,-121.23329,309.92,0.54,0.68,2026-08-11,1138,N,VIIRS,n,2.0NRT,282.37,5.4,N
49.73259,-121.24399,305.93,0.54,0.68,2026-08-11,1138,N,VIIRS,n,2.0NRT,282.96,3.34,N
49.73262,-121.35784,342.39,0.54,0.68,2026-08-11,1138,N,VIIRS,n,2.0NRT,284.36,6.58,N
49.73286,-121.204,299.33,0.54,0.68,2026-08-11,1138,N,VIIRS,n,2.0NRT,280.11,2.5,N
49.73298,-121.22472,322.25,0.54,0.68,2026-08-11,1138,N,VIIRS,n,2.0NRT,283.84,5.31,N
49.73313,-121.26585,297.59,0.54,0.68,2026-08-11,1138,N,VIIRS,n,2.0NRT,282.3,1.62,N
49.73407,-121.27979,295.6,0.54,0.68,2026-08-11,1138,N,VIIRS,n,2.0NRT,282.23,2.43,N
49.73409,-121.2387,306.86,0.54,0.68,2026-08-11,1138,N,VIIRS,n,2.0NRT,282.73,2.61,N
49.73411,-121.36208,310.34,0.54,0.68,2026-08-11,1138,N,VIIRS,n,2.0NRT,283.34,6.07,N
49.73421,-121.21841,318.81,0.54,0.68,2026-08-11,1138,N,VIIRS,n,2.0NRT,283.66,6.03,N
49.73483,-121.22993,327.74,0.54,0.68,2026-08-11,1138,N,VIIRS,n,2.0NRT,285.37,3.6,N
49.73483,-121.20953,304.4,0.54,0.68,2026-08-11,1138,N,VIIRS,n,2.0NRT,279.97,2.5,N
49.73494,-121.27094,302.65,0.54,0.68,2026-08-11,1138,N,VIIRS,n,2.0NRT,282.74,1.83,N
49.73513,-121.25114,305.31,0.54,0.68,2026-08-11,1138,N,VIIRS,n,2.0NRT,282.58,3.34,N
49.73615,-121.22395,321.89,0.54,0.68,2026-08-11,1138,N,VIIRS,n,2.0NRT,284.62,4.48,N
49.73647,-121.24546,300.63,0.54,0.68,2026-08-11,1138,N,VIIRS,n,2.0NRT,282.14,2.61,N
49.73685,-121.21524,306.96,0.54,0.68,2026-08-11,1138,N,VIIRS,n,2.0NRT,280.37,2.56,N
49.7369,-121.27644,302.81,0.54,0.68,2026-08-11,1138,N,VIIRS,n,2.0NRT,283.35,1.83,N
49.73696,-121.23592,308.62,0.54,0.68,2026-08-11,1138,N,VIIRS,n,2.0NRT,282.61,3.6,N
49.7382,-121.22978,324.55,0.54,0.68,2026-08-11,1138,N,VIIRS,n,2.0NRT,284.15,4.48,N
49.73824,-121.2711,302.33,0.54,0.68,2026-08-11,1138,N,VIIRS,n,2.0NRT,282.51,2.6,N
49.73904,-121.22137,304.52,0.54,0.68,2026-08-11,1138,N,VIIRS,n,2.0NRT,281.49,2.56,N
49.73993,-121.39919,309.72,0.53,0.67,2026-08-11,1138,N,VIIRS,n,2.0NRT,281.54,1.97,N
49.74009,-121.27637,304.09,0.54,0.68,2026-08-11,1138,N,VIIRS,n,2.0NRT,282.57,2.12,N
49.74133,-121.22784,307.71,0.54,0.68,2026-08-11,1138,N,VIIRS,n,2.0NRT,281.52,2.68,N
49.74136,-121.26863,297.13,0.54,0.68,2026-08-11,1138,N,VIIRS,n,2.0NRT,281.7,1.47,N
49.74303,-121.27334,306.62,0.54,0.68,2026-08-11,1138,N,VIIRS,n,2.0NRT,282.74,1.47,N
49.74382,-121.23482,308.11,0.54,0.68,2026-08-11,1138,N,VIIRS,n,2.0NRT,280.45,2.68,N
49.74458,-121.26862,299.42,0.54,0.68,2026-08-11,1138,N,VIIRS,n,2.0NRT,281.17,2.6,N
49.74485,-121.29877,299.05,0.54,0.68,2026-08-11,1138,N,VIIRS,n,2.0NRT,280.87,2.35,N
49.74516,-121.22906,307.77,0.54,0.68,2026-08-11,1138,N,VIIRS,n,2.0NRT,280.78,4.48,N
49.74566,-121.28072,299.29,0.54,0.68,2026-08-11,1138,N,VIIRS,n,2.0NRT,281.86,1.85,N
49.74618,-121.26183,295.38,0.54,0.68,2026-08-11,1138,N,VIIRS,n,2.0NRT,281.32,4.2,N
49.74632,-121.2736,306.6,0.54,0.68,2026-08-11,1138,N,VIIRS,n,2.0NRT,283.01,2.12,N
49.74733,-121.23528,315.73,0.54,0.68,2026-08-11,1138,N,VIIRS,n,2.0NRT,279.49,6.92,N
49.74765,-121.26597,298.2,0.54,0.68,2026-08-11,1138,N,VIIRS,n,2.0NRT,280.9,1.47,N
49.74808,-121.29927,312.72,0.54,0.68,2026-08-11,1138,N,VIIRS,n,2.0NRT,281.07,1.87,N
49.74932,-121.27068,305.15,0.54,0.68,2026-08-11,1138,N,VIIRS,n,2.0NRT,282.4,1.47,N
49.74954,-121.28284,299.28,0.54,0.68,2026-08-11,1138,N,VIIRS,n,2.0NRT,281.68,2.12,N
49.74997,-121.23174,318.82,0.54,0.68,2026-08-11,1138,N,VIIRS,n,2.0NRT,279.85,2.68,N
49.75054,-121.29445,309.4,0.54,0.68,2026-08-11,1138,N,VIIRS,n,2.0NRT,281.98,1.85,N
49.75066,-121.2654,299.71,0.54,0.68,2026-08-11,1138,N,VIIRS,n,2.0NRT,281.15,2.33,N
49.75209,-121.25808,299.11,0.54,0.68,2026-08-11,1138,N,VIIRS,n,2.0NRT,281.28,2.85,N
49.75212,-121.27856,302.01,0.54,0.68,2026-08-11,1138,N,VIIRS,n,2.0NRT,282.2,1.85,N
49.75234,-121.2702,307.28,0.54,0.68,2026-08-11,1138,N,VIIRS,n,2.0NRT,283.15,2.78,N
49.75364,-121.26244,302.25,0.54,0.68,2026-08-11,1138,N,VIIRS,n,2.0NRT,281.11,2.61,N
49.75375,-121.29491,298.7,0.54,0.68,2026-08-11,1138,N,VIIRS,n,2.0NRT,280.37,1.87,N
49.75491,-121.40094,296.65,0.53,0.67,2026-08-11,1138,N,VIIRS,n,2.0NRT,281.78,1.18,N
49.75494,-121.25703,302.3,0.54,0.68,2026-08-11,1138,N,VIIRS,n,2.0NRT,281.62,2.33,N
49.75535,-121.26727,314.6,0.54,0.68,2026-08-11,1138,N,VIIRS,n,2.0NRT,283.23,2.61,N
49.75555,-121.24745,311.25,0.54,0.68,2026-08-11,1138,N,VIIRS,n,2.0NRT,279.56,2.85,N
49.75609,-121.28095,301.71,0.54,0.68,2026-08-11,1138,N,VIIRS,n,2.0NRT,281.64,2.78,N
49.75646,-121.29076,309.67,0.54,0.68,2026-08-11,1138,N,VIIRS,n,2.0NRT,281.75,1.85,N
49.75652,-121.26153,305.55,0.54,0.68,2026-08-11,1138,N,VIIRS,n,2.0NRT,282.08,2.33,N
49.75734,-121.25251,321.24,0.54,0.68,2026-08-11,1138,N,VIIRS,n,2.0NRT,282.36,2.85,N
49.75835,-121.24615,325.26,0.54,0.68,2026-08-11,1138,N,VIIRS,n,2.0NRT,282.4,7.97,N
49.75857,-121.2674,322.42,0.54,0.68,2026-08-11,1138,N,VIIRS,n,2.0NRT,285.07,2.78,N
49.75869,-121.27666,296.96,0.54,0.68,2026-08-11,1138,N,VIIRS,n,2.0NRT,280.64,3.65,N
49.75905,-121.2573,308.81,0.54,0.68,2026-08-11,1138,N,VIIRS,n,2.0NRT,282.34,2.61,N
49.75985,-121.29174,299.22,0.54,0.68,2026-08-11,1138,N,VIIRS,n,2.0NRT,280.34,1.31,N
49.76006,-121.25102,319.19,0.54,0.68,2026-08-11,1138,N,VIIRS,n,2.0NRT,283.1,3.88,N
49.76115,-121.26324,315.37,0.54,0.68,2026-08-11,1138,N,VIIRS,n,2.0NRT,283.95,2.61,N
49.76116,-121.24287,311.78,0.54,0.68,2026-08-11,1138,N,VIIRS,n,2.0NRT,282.51,1.73,N
49.76174,-121.25583,314.82,0.54,0.68,2026-08-11,1138,N,VIIRS,n,2.0NRT,283.1,3.88,N
49.76278,-121.24744,311.05,0.54,0.68,2026-08-11,1138,N,VIIRS,n,2.0NRT,283.27,1.73,N
49.76375,-121.42619,305.27,0.53,0.67,2026-08-11,1138,N,VIIRS,n,2.0NRT,283.3,1.36,N
49.76444,-121.25211,306.82,0.54,0.68,2026-08-11,1138,N,VIIRS,n,2.0NRT,282.25,2.27,N
49.76575,-121.24667,309.67,0.54,0.68,2026-08-11,1138,N,VIIRS,n,2.0NRT,282.49,3.88,N
49.76648,-121.23744,295.55,0.54,0.68,2026-08-11,1138,N,VIIRS,n,2.0NRT,280.84,1.73,N
49.76732,-121.26025,296.8,0.54,0.68,2026-08-11,1138,N,VIIRS,n,2.0NRT,280.78,2.27,N
49.76837,-121.2428,298.8,0.54,0.68,2026-08-11,1138,N,VIIRS,n,2.0NRT,280.33,1.73,N
49.81532,-121.4976,297.54,0.53,0.67,2026-08-11,1138,N,VIIRS,n,2.0NRT,281.18,0.41,N
49.81696,-121.49695,297.68,0.53,0.67,2026-08-11,1138,N,VIIRS,n,2.0NRT,281.18,1.06,N
49.82391,-121.13358,296.17,0.54,0.68,2026-08-11,1138,N,VIIRS,n,2.0NRT,278.27,1.08,N
49.82652,-121.1204,306.38,0.54,0.68,2026-08-11,1138,N,VIIRS,n,2.0NRT,279.16,1.08,N
49.82701,-121.19023,298.74,0.54,0.68,2026-08-11,1138,N,VIIRS,n,2.0NRT,280.43,1.63,N
49.82862,-121.18824,304.95,0.54,0.68,2026-08-11,1138,N,VIIRS,n,2.0NRT,280.4,2.48,N
49.83062,-121.1189,302.7,0.54,0.68,2026-08-11,1138,N,VIIRS,n,2.0NRT,280.01,2.45,N
49.83112,-121.1814,298.63,0.54,0.68,2026-08-11,1138,N,VIIRS,n,2.0NRT,279.45,1.45,N
49.83267,-121.08385,313.02,0.55,0.68,2026-08-11,1138,N,VIIRS,n,2.0NRT,280.4,3.83,N
49.83269,-121.19981,302.89,0.54,0.68,2026-08-11,1138,N,VIIRS,n,2.0NRT,279.75,3.61,N
49.83571,-121.19431,323.15,0.54,0.68,2026-08-11,1138,N,VIIRS,n,2.0NRT,280.82,5.02,N
49.83595,-121.1473,298.34,0.54,0.68,2026-08-11,1138,N,VIIRS,n,2.0NRT,279.28,1.53,N
49.83711,-121.19823,331.18,0.54,0.68,2026-08-11,1138,N,VIIRS,n,2.0NRT,281.7,5.02,N
49.83718,-121.19205,306.05,0.54,0.68,2026-08-11,1138,N,VIIRS,n,2.0NRT,280.15,5.29,N
49.83721,-121.10957,304.49,0.54,0.68,2026-08-11,1138,N,VIIRS,n,2.0NRT,279.49,2.6,N
49.83818,-121.15368,309.58,0.54,0.68,2026-08-11,1138,N,VIIRS,n,2.0NRT,279.97,1.53,N
49.83852,-121.19586,328.57,0.54,0.68,2026-08-11,1138,N,VIIRS,n,2.0NRT,281.45,3.61,N
49.83873,-121.2028,305.65,0.54,0.68,2026-08-11,1138,N,VIIRS,n,2.0NRT,279.69,4.28,N
49.83907,-121.10185,306.7,0.54,0.68,2026-08-11,1138,N,VIIRS,n,2.0NRT,280.18,1.99,N
49.83973,-121.14451,316.0,0.54,0.68,2026-08-11,1138,N,VIIRS,n,2.0NRT,280.12,3.04,N
49.84,-121.20008,314.14,0.54,0.68,2026-08-11,1138,N,VIIRS,n,2.0NRT,280.03,3.61,N
49.84092,-121.14082,299.28,0.54,0.68,2026-08-11,1138,N,VIIRS,n,2.0NRT,279.58,1.4,N
49.84135,-121.10825,303.69,0.54,0.68,2026-08-11,1138,N,VIIRS,n,2.0NRT,279.77,1.99,N
49.84193,-121.15073,303.29,0.54,0.68,2026-08-11,1138,N,VIIRS,n,2.0NRT,280.09,3.89,N
49.84639,-121.16325,311.65,0.54,0.68,2026-08-11,1138,N,VIIRS,n,2.0NRT,279.81,2.85,N
49.84678,-121.08267,305.93,0.54,0.68,2026-08-11,1138,N,VIIRS,n,2.0NRT,280.2,1.65,N
49.84859,-121.16944,314.89,0.54,0.68,2026-08-11,1138,N,VIIRS,n,2.0NRT,280.12,2.85,N
49.84888,-121.06812,302.67,0.55,0.68,2026-08-11,1138,N,VIIRS,n,2.0NRT,280.57,4.22,N
49.84971,-121.16599,324.18,0.54,0.68,2026-08-11,1138,N,VIIRS,n,2.0NRT,280.91,3.26,N
49.8526,-121.0786,342.56,0.54,0.68,2026-08-11,1138,N,VIIRS,n,2.0NRT,281.14,4.22,N
49.85413,-121.06244,302.31,0.55,0.68,2026-08-11,1138,N,VIIRS,n,2.0NRT,280.36,4.22,N
49.85766,-121.0724,340.34,0.54,0.68,2026-08-11,1138,N,VIIRS,n,2.0NRT,282.57,4.22,N
49.86245,-121.1064,300.34,0.54,0.68,2026-08-11,1138,N,VIIRS,n,2.0NRT,279.14,1.6,N
49.86476,-121.11293,321.14,0.54,0.68,2026-08-11,1138,N,VIIRS,n,2.0NRT,280.62,3.93,N
49.88142,-121.52326,307.25,0.52,0.67,2026-08-11,1138,N,VIIRS,n,2.0NRT,278.75,2.16,N
49.88708,-121.0941,307.75,0.54,0.68,2026-08-11,1138,N,VIIRS,n,2.0NRT,281.06,3.29,N
49.889,-121.09953,340.08,0.54,0.68,2026-08-11,1138,N,VIIRS,n,2.0NRT,282.63,3.29,N
49.8908,-121.10465,301.74,0.54,0.68,2026-08-11,1138,N,VIIRS,n,2.0NRT,280.01,5.23,N
49.89256,-121.08908,302.22,0.54,0.68,2026-08-11,1138,N,VIIRS,n,2.0NRT,280.73,3.29,N
49.89334,-121.15282,295.23,0.54,0.68,2026-08-11,1138,N,VIIRS,n,2.0NRT,280.29,2.61,N
49.89534,-121.15852,300.47,0.54,0.68,2026-08-11,1138,N,VIIRS,n,2.0NRT,279.96,2.13,N
49.90061,-121.15295,314.35,0.54,0.68,2026-08-11,1138,N,VIIRS,n,2.0NRT,282.17,2.13,N
49.90352,-121.14072,299.18,0.54,0.68,2026-08-11,1138,N,VIIRS,n,2.0NRT,281.1,1.55,N
49.90579,-121.12662,297.1,0.54,0.68,2026-08-11,1138,N,VIIRS,n,2.0NRT,280.96,1.55,N
50.12722,-121.17437,301.94,0.53,0.67,2026-08-11,1138,N,VIIRS,n,2.0NRT,276.61,1.88,N
50.12896,-121.17933,300.77,0.53,0.67,2026-08-11,1138,N,VIIRS,n,2.0NRT,278.53,2.87,N
50.1326,-121.1693,295.91,0.53,0.67,2026-08-11,1138,N,VIIRS,n,2.0NRT,279.3,1.88,N
50.13424,-121.17397,305.67,0.53,0.67,2026-08-11,1138,N,VIIRS,n,2.0NRT,279.53,2.87,N
50.16249,-121.09734,297.68,0.53,0.67,2026-08-11,1138,N,VIIRS,n,2.0NRT,271.04,1.12,N
50.16379,-121.11513,295.27,0.53,0.67,2026-08-11,1138,N,VIIRS,n,2.0NRT,270.76,3.01,N
50.16402,-121.09525,310.2,0.53,0.67,2026-08-11,1138,N,VIIRS,n,2.0NRT,271.69,2.28,N
50.16461,-121.10329,297.39,0.53,0.67,2026-08-11,1138,N,VIIRS,n,2.0NRT,271.06,1.4,N
50.16629,-121.10177,304.5,0.53,0.67,2026-08-11,1138,N,VIIRS,n,2.0NRT,271.11,2.28,N
50.16653,-121.08843,302.41,0.53,0.67,2026-08-11,1138,N,VIIRS,n,2.0NRT,271.06,1.12,N
50.16684,-121.10955,299.67,0.53,0.67,2026-08-11,1138,N,VIIRS,n,2.0NRT,270.15,1.4,N
50.16902,-121.09544,295.12,0.53,0.67,2026-08-11,1138,N,VIIRS,n,2.0NRT,271.11,1.4,N
49.69755,-121.18002,325.28,0.51,0.66,2026-08-11,1947,N,VIIRS,n,2.0NRT,286.44,10.15,D
49.70388,-121.20258,328.18,0.52,0.66,2026-08-11,1947,N,VIIRS,n,2.0NRT,289.36,6.69,D
49.70426,-121.20181,327.45,0.52,0.66,2026-08-11,1947,N,VIIRS,n,2.0NRT,289.44,9.73,D
49.72603,-121.19984,328.12,0.51,0.66,2026-08-11,1947,N,VIIRS,n,2.0NRT,292.46,7.18,D
49.72787,-121.37439,351.96,0.52,0.67,2026-08-11,1947,N,VIIRS,n,2.0NRT,291.84,10.17,D
49.72824,-121.37842,339.39,0.52,0.67,2026-08-11,1947,N,VIIRS,n,2.0NRT,290.11,6.86,D
49.72855,-121.21299,332.75,0.52,0.66,2026-08-11,1947,N,VIIRS,n,2.0NRT,292.9,12.33,D
49.72972,-121.37413,346.72,0.52,0.67,2026-08-11,1947,N,VIIRS,n,2.0NRT,291.59,13.56,D
49.73458,-121.39599,332.5,0.52,0.67,2026-08-11,1947,N,VIIRS,n,2.0NRT,288.18,5.52,D
49.73644,-121.39589,337.27,0.52,0.67,2026-08-11,1947,N,VIIRS,n,2.0NRT,288.81,4.61,D
49.82459,-121.13801,325.79,0.51,0.66,2026-08-11,1947,N,VIIRS,n,2.0NRT,287.15,7.53,D
49.8256,-121.13435,327.38,0.51,0.66,2026-08-11,1947,N,VIIRS,n,2.0NRT,291.32,4.61,D
49.83524,-121.22865,336.1,0.51,0.66,2026-08-11,1947,N,VIIRS,n,2.0NRT,288.0,5.29,D
49.83902,-121.15652,337.84,0.51,0.66,2026-08-11,1947,N,VIIRS,n,2.0NRT,288.0,5.65,D
49.83976,-121.15525,344.96,0.51,0.66,2026-08-11,1947,N,VIIRS,n,2.0NRT,288.67,10.73,D
49.84011,-121.23497,328.19,0.51,0.66,2026-08-11,1947,N,VIIRS,n,2.0NRT,285.34,3.99,D
49.84081,-121.15134,325.6,0.51,0.66,2026-08-11,1947,N,VIIRS,n,2.0NRT,287.32,6.59,D
49.84119,-121.10953,334.3,0.51,0.66,2026-08-11,1947,N,VIIRS,n,2.0NRT,287.19,5.0,D
49.84198,-121.10748,325.2,0.51,0.66,2026-08-11,1947,N,VIIRS,n,2.0NRT,286.38,4.82,D
49.84886,-121.16875,327.71,0.51,0.66,2026-08-11,1947,N,VIIRS,n,2.0NRT,290.44,3.17,D
49.84957,-121.08525,334.44,0.5,0.66,2026-08-11,1947,N,VIIRS,n,2.0NRT,285.25,5.51,D
49.85025,-121.08309,343.09,0.5,0.66,2026-08-11,1947,N,VIIRS,n,2.0NRT,285.79,11.62,D
49.85537,-121.06844,335.12,0.5,0.66,2026-08-11,1947,N,VIIRS,n,2.0NRT,285.6,5.44,D
49.85581,-121.06673,338.71,0.5,0.66,2026-08-11,1947,N,VIIRS,n,2.0NRT,286.07,11.55,D
49.85703,-121.06364,330.47,0.5,0.66,2026-08-11,1947,N,VIIRS,n,2.0NRT,283.63,5.44,D
49.85745,-121.0619,330.11,0.5,0.66,2026-08-11,1947,N,VIIRS,n,2.0NRT,284.91,6.5,D
49.68999,-121.15444,339.88,0.54,0.42,2026-08-11,2125,N,VIIRS,n,2.0NRT,298.03,38.23,D
49.69004,-121.16035,333.39,0.54,0.42,2026-08-11,2125,N,VIIRS,n,2.0NRT,302.59,22.71,D
49.69064,-121.15415,336.34,0.54,0.42,2026-08-11,2125,N,VIIRS,n,2.0NRT,295.13,22.71,D
49.69109,-121.18506,344.38,0.54,0.42,2026-08-11,2125,N,VIIRS,n,2.0NRT,295.24,9.43,D
49.69168,-121.18414,349.79,0.54,0.42,2026-08-11,2125,N,VIIRS,n,2.0NRT,296.55,9.23,D
49.69324,-121.16201,345.67,0.54,0.42,2026-08-11,2125,N,VIIRS,n,2.0NRT,293.71,16.03,D
49.69388,-121.1617,344.32,0.54,0.42,2026-08-11,2125,N,VIIRS,n,2.0NRT,293.54,22.71,D
49.69511,-121.18436,349.85,0.54,0.42,2026-08-11,2125,N,VIIRS,n,2.0NRT,302.65,9.43,D
49.69569,-121.1837,350.73,0.54,0.42,2026-08-11,2125,N,VIIRS,n,2.0NRT,304.35,7.72,D
49.69585,-121.17645,347.0,0.54,0.42,2026-08-11,2125,N,VIIRS,n,2.0NRT,304.87,9.43,D
49.69645,-121.17603,350.32,0.54,0.42,2026-08-11,2125,N,VIIRS,n,2.0NRT,307.22,8.17,D
49.69711,-121.16929,335.99,0.54,0.42,2026-08-11,2125,N,VIIRS,n,2.0NRT,301.73,8.17,D
49.69771,-121.16313,328.46,0.54,0.42,2026-08-11,2125,N,VIIRS,n,2.0NRT,297.06,4.48,D
49.69829,-121.15705,331.73,0.54,0.42,2026-08-11,2125,N,VIIRS,n,2.0NRT,295.21,4.48,D
49.69878,-121.19261,332.72,0.54,0.42,2026-08-11,2125,N,VIIRS,n,2.0NRT,299.98,7.72,D
49.6996,-121.1844,340.12,0.54,0.42,2026-08-11,2125,N,VIIRS,n,2.0NRT,304.24,7.72,D
49.6997,-121.17767,354.98,0.54,0.42,2026-08-11,2125,N,VIIRS,n,2.0NRT,315.05,27.3,D
49.7003,-121.17724,352.05,0.54,0.42,2026-08-11,2125,N,VIIRS,n,2.0NRT,314.3,8.17,D
49.70093,-121.17077,333.45,0.54,0.42,2026-08-11,2125,N,VIIRS,n,2.0NRT,305.45,8.17,D
49.70151,-121.16473,335.18,0.54,0.42,2026-08-11,2125,N,VIIRS,n,2.0NRT,307.86,4.48,D
49.7021,-121.15865,332.19,0.54,0.42,2026-08-11,2125,N,VIIRS,n,2.0NRT,301.4,4.48,D
49.70472,-121.16654,351.0,0.54,0.42,2026-08-11,2125,N,VIIRS,n,2.0NRT,312.02,23.62,D
49.72799,-121.37757,345.92,0.53,0.42,2026-08-11,2125,N,VIIRS,n,2.0NRT,296.72,12.26,D
49.7295,-121.36209,346.62,0.53,0.42,2026-08-11,2125,N,VIIRS,n,2.0NRT,298.5,8.97,D
49.73007,-121.35619,353.83,0.53,0.42,2026-08-11,2125,N,VIIRS,n,2.0NRT,305.71,30.47,D
49.73335,-121.36302,336.77,0.53,0.42,2026-08-11,2125,N,VIIRS,n,2.0NRT,298.24,8.97,D
49.73392,-121.35709,334.1,0.53,0.42,2026-08-11,2125,N,VIIRS,n,2.0NRT,295.44,30.47,D
49.74567,-121.39795,345.23,0.53,0.42,2026-08-11,2125,N,VIIRS,n,2.0NRT,295.26,7.6,D
49.75616,-121.29082,350.6,0.53,0.42,2026-08-11,2125,N,VIIRS,n,2.0NRT,305.25,24.42,D
49.75663,-121.2453,351.74,0.53,0.42,2026-08-11,2125,N,VIIRS,n,2.0NRT,299.87,22.5,D
49.75865,-121.42622,338.3,0.53,0.42,2026-08-11,2125,N,VIIRS,n,2.0NRT,302.19,6.25,D
49.7593,-121.41958,334.79,0.53,0.42,2026-08-11,2125,N,VIIRS,n,2.0NRT,299.74,6.29,D
49.76245,-121.42753,353.61,0.53,0.42,2026-08-11,2125,N,VIIRS,n,2.0NRT,306.06,28.55,D
49.76305,-121.42142,352.57,0.53,0.42,2026-08-11,2125,N,VIIRS,n,2.0NRT,299.53,20.68,D
49.76365,-121.41535,344.35,0.53,0.42,2026-08-11,2125,N,VIIRS,n,2.0NRT,298.75,20.68,D
49.76425,-121.40919,338.88,0.53,0.42,2026-08-11,2125,N,VIIRS,n,2.0NRT,296.62,29.12,D
49.76739,-121.41724,343.58,0.53,0.42,2026-08-11,2125,N,VIIRS,n,2.0NRT,306.38,20.68,D
49.76801,-121.41098,342.37,0.53,0.42,2026-08-11,2125,N,VIIRS,n,2.0NRT,306.45,29.12,D
49.76813,-121.41782,339.35,0.53,0.42,2026-08-11,2125,N,VIIRS,n,2.0NRT,303.88,47.02,D
49.76873,-121.41151,340.32,0.53,0.42,2026-08-11,2125,N,VIIRS,n,2.0NRT,307.13,47.02,D
49.77177,-121.41267,339.61,0.53,0.42,2026-08-11,2125,N,VIIRS,n,2.0NRT,295.1,5.16,D
49.77625,-121.40716,332.38,0.53,0.42,2026-08-11,2125,N,VIIRS,n,2.0NRT,293.65,5.16,D
49.78616,-121.26721,343.13,0.53,0.42,2026-08-11,2125,N,VIIRS,n,2.0NRT,295.49,11.38,D
49.78632,-121.26734,343.58,0.53,0.42,2026-08-11,2125,N,VIIRS,n,2.0NRT,295.89,6.67,D
49.81527,-121.49931,343.5,0.52,0.42,2026-08-11,2125,N,VIIRS,n,2.0NRT,293.35,7.74,D
49.82286,-121.13142,332.4,0.54,0.42,2026-08-11,2125,N,VIIRS,n,2.0NRT,291.62,3.32,D
49.82432,-121.1158,338.21,0.54,0.42,2026-08-11,2125,N,VIIRS,n,2.0NRT,291.57,5.04,D
49.82599,-121.14044,329.77,0.54,0.42,2026-08-11,2125,N,VIIRS,n,2.0NRT,292.33,6.41,D
49.82677,-121.1322,345.35,0.54,0.42,2026-08-11,2125,N,VIIRS,n,2.0NRT,296.8,12.21,D
49.82822,-121.1167,348.29,0.54,0.42,2026-08-11,2125,N,VIIRS,n,2.0NRT,296.29,8.12,D
49.82893,-121.10915,329.08,0.54,0.42,2026-08-11,2125,N,VIIRS,n,2.0NRT,290.03,8.12,D
49.83126,-121.08414,337.85,0.54,0.42,2026-08-11,2125,N,VIIRS,n,2.0NRT,300.89,36.77,D
49.83203,-121.07583,334.68,0.54,0.42,2026-08-11,2125,N,VIIRS,n,2.0NRT,292.76,36.77,D
49.83278,-121.19478,349.96,0.54,0.42,2026-08-11,2125,N,VIIRS,n,2.0NRT,302.18,38.43,D
49.83611,-121.20157,337.18,0.54,0.42,2026-08-11,2125,N,VIIRS,n,2.0NRT,302.5,40.47,D
49.83671,-121.19523,349.07,0.54,0.42,2026-08-11,2125,N,VIIRS,n,2.0NRT,301.51,43.99,D
49.83677,-121.11037,329.41,0.54,0.42,2026-08-11,2125,N,VIIRS,n,2.0NRT,294.09,12.14,D
49.83701,-121.23376,331.53,0.54,0.42,2026-08-11,2125,N,VIIRS,n,2.0NRT,292.98,1.74,D
49.8373,-121.18902,331.96,0.54,0.42,2026-08-11,2125,N,VIIRS,n,2.0NRT,291.89,43.99,D
49.83747,-121.1029,341.63,0.54,0.42,2026-08-11,2125,N,VIIRS,n,2.0NRT,293.86,10.16,D
49.84028,-121.1575,343.91,0.54,0.42,2026-08-11,2125,N,VIIRS,n,2.0NRT,295.84,11.14,D
49.84068,-121.11111,343.11,0.54,0.42,2026-08-11,2125,N,VIIRS,n,2.0NRT,294.69,12.14,D
49.84679,-121.0886,328.81,0.54,0.42,2026-08-11,2125,N,VIIRS,n,2.0NRT,291.06,13.71,D
49.84745,-121.16583,342.33,0.54,0.42,2026-08-11,2125,N,VIIRS,n,2.0NRT,298.17,21.1,D
49.84753,-121.0807,345.66,0.54,0.42,2026-08-11,2125,N,VIIRS,n,2.0NRT,296.46,13.71,D
49.8483,-121.07245,330.91,0.54,0.42,2026-08-11,2125,N,VIIRS,n,2.0NRT,293.14,7.65,D
49.85139,-121.08193,341.2,0.54,0.42,2026-08-11,2125,N,VIIRS,n,2.0NRT,300.7,13.71,D
49.85216,-121.07382,335.4,0.54,0.42,2026-08-11,2125,N,VIIRS,n,2.0NRT,295.1,7.65,D
49.85297,-121.06524,332.76,0.54,0.42,2026-08-11,2125,N,VIIRS,n,2.0NRT,293.24,7.65,D
49.85604,-121.07493,330.57,0.54,0.42,2026-08-11,2125,N,VIIRS,n,2.0NRT,296.82,28.42,D
49.85686,-121.06626,355.76,0.54,0.42,2026-08-11,2125,N,VIIRS,n,2.0NRT,299.68,28.42,D
49.86094,-121.10745,355.25,0.54,0.42,2026-08-11,2125,N,VIIRS,n,2.0NRT,298.2,20.49,D
49.86415,-121.11568,351.54,0.54,0.42,2026-08-11,2125,N,VIIRS,n,2.0NRT,300.5,16.09,D
49.86484,-121.10834,353.62,0.54,0.42,2026-08-11,2125,N,VIIRS,n,2.0NRT,298.8,20.49,D
49.87966,-121.52261,336.84,0.52,0.42,2026-08-11,2125,N,VIIRS,n,2.0NRT,291.36,7.06,D
49.88037,-121.52248,348.35,0.52,0.42,2026-08-11,2125,N,VIIRS,n,2.0NRT,294.02,11.1,D
49.88412,-121.52422,347.69,0.52,0.42,2026-08-11,2125,N,VIIRS,n,2.0NRT,297.34,11.1,D
49.88789,-121.52586,340.27,0.52,0.42,2026-08-11,2125,N,VIIRS,n,2.0NRT,297.56,28.61,D
49.88851,-121.51952,332.14,0.52,0.42,2026-08-11,2125,N,VIIRS,n,2.0NRT,294.1,15.69,D
49.8891,-121.10473,329.17,0.54,0.42,2026-08-11,2125,N,VIIRS,n,2.0NRT,297.02,10.78,D
49.88976,-121.0979,353.5,0.54,0.42,2026-08-11,2125,N,VIIRS,n,2.0NRT,309.05,36.8,D
49.89045,-121.09064,340.91,0.54,0.42,2026-08-11,2125,N,VIIRS,n,2.0NRT,296.79,36.8,D
49.89935,-121.1538,335.29,0.54,0.42,2026-08-11,2125,N,VIIRS,n,2.0NRT,292.61,7.89,D
49.90022,-121.15472,327.92,0.54,0.42,2026-08-11,2125,N,VIIRS,n,2.0NRT,292.06,5.39,D
49.90168,-121.13956,336.15,0.54,0.42,2026-08-11,2125,N,VIIRS,n,2.0NRT,293.37,6.78,D
49.9033,-121.12296,342.13,0.54,0.42,2026-08-11,2125,N,VIIRS,n,2.0NRT,295.81,11.23,D
49.90469,-121.13908,355.93,0.54,0.42,2026-08-11,2125,N,VIIRS,n,2.0NRT,293.61,20.96,D
49.90563,-121.13999,343.58,0.54,0.42,2026-08-11,2125,N,VIIRS,n,2.0NRT,292.61,9.59,D
49.9062,-121.12263,341.21,0.54,0.42,2026-08-11,2125,N,VIIRS,n,2.0NRT,291.93,11.38,D
50.0982,-121.19317,335.22,0.54,0.42,2026-08-11,2125,N,VIIRS,n,2.0NRT,292.35,6.64,D
49.69649,-121.18211,302.4,0.53,0.5,2026-08-12,0941,N,VIIRS,n,2.0NRT,278.42,1.44,N
49.71854,-121.28288,295.05,0.54,0.51,2026-08-12,0941,N,VIIRS,n,2.0NRT,279.65,1.75,N
49.72378,-121.37092,295.43,0.54,0.51,2026-08-12,0941,N,VIIRS,n,2.0NRT,279.01,1.93,N
49.7281,-121.36366,300.28,0.54,0.51,2026-08-12,0941,N,VIIRS,n,2.0NRT,277.68,2.56,N
49.72855,-121.37115,324.3,0.54,0.51,2026-08-12,0941,N,VIIRS,n,2.0NRT,278.46,2.56,N
49.72892,-121.37733,315.82,0.54,0.51,2026-08-12,0941,N,VIIRS,n,2.0NRT,278.96,4.41,N
49.8173,-121.09789,295.67,0.53,0.5,2026-08-12,0941,N,VIIRS,n,2.0NRT,276.21,1.58,N
49.81805,-121.1101,296.62,0.53,0.5,2026-08-12,0941,N,VIIRS,n,2.0NRT,271.67,2.76,N
49.81849,-121.11704,296.98,0.53,0.5,2026-08-12,0941,N,VIIRS,n,2.0NRT,273.59,3.72,N
49.82194,-121.09681,303.01,0.53,0.5,2026-08-12,0941,N,VIIRS,n,2.0NRT,275.92,1.58,N
49.82229,-121.10252,295.42,0.53,0.5,2026-08-12,0941,N,VIIRS,n,2.0NRT,278.43,2.76,N
49.82269,-121.10883,333.2,0.53,0.5,2026-08-12,0941,N,VIIRS,n,2.0NRT,276.58,2.76,N
49.82312,-121.11594,311.35,0.53,0.5,2026-08-12,0941,N,VIIRS,n,2.0NRT,272.85,3.72,N
49.82401,-121.13037,300.7,0.53,0.5,2026-08-12,0941,N,VIIRS,n,2.0NRT,277.78,4.68,N
49.82443,-121.13708,339.88,0.53,0.5,2026-08-12,0941,N,VIIRS,n,2.0NRT,281.98,4.68,N
49.82616,-121.08901,302.19,0.53,0.5,2026-08-12,0941,N,VIIRS,n,2.0NRT,278.27,8.16,N
49.82654,-121.09518,306.58,0.53,0.5,2026-08-12,0941,N,VIIRS,n,2.0NRT,274.59,8.16,N
49.82692,-121.10122,327.04,0.53,0.5,2026-08-12,0941,N,VIIRS,n,2.0NRT,280.42,6.67,N
49.82732,-121.1077,343.87,0.53,0.5,2026-08-12,0941,N,VIIRS,n,2.0NRT,287.87,6.67,N
49.82778,-121.11507,338.36,0.53,0.5,2026-08-12,0941,N,VIIRS,n,2.0NRT,284.29,8.68,N
49.82825,-121.12272,327.55,0.53,0.5,2026-08-12,0941,N,VIIRS,n,2.0NRT,281.89,8.68,N
49.82956,-121.22113,295.53,0.54,0.51,2026-08-12,0941,N,VIIRS,n,2.0NRT,276.58,2.51,N
49.83037,-121.08117,333.38,0.53,0.5,2026-08-12,0941,N,VIIRS,n,2.0NRT,277.57,9.86,N
49.83077,-121.08752,356.7,0.53,0.5,2026-08-12,0941,N,VIIRS,n,2.0NRT,284.92,8.16,N
49.83115,-121.09372,314.55,0.53,0.5,2026-08-12,0941,N,VIIRS,n,2.0NRT,273.73,8.16,N
49.83155,-121.10009,310.3,0.53,0.5,2026-08-12,0941,N,VIIRS,n,2.0NRT,279.38,6.67,N
49.83224,-121.18753,296.79,0.54,0.5,2026-08-12,0941,N,VIIRS,n,2.0NRT,273.61,2.19,N
49.83303,-121.20056,321.13,0.54,0.5,2026-08-12,0941,N,VIIRS,n,2.0NRT,276.31,2.19,N
49.83477,-121.22906,295.55,0.54,0.51,2026-08-12,0941,N,VIIRS,n,2.0NRT,280.75,0.88,N
49.83499,-121.07991,300.96,0.53,0.5,2026-08-12,0941,N,VIIRS,n,2.0NRT,276.68,2.26,N
49.83537,-121.08595,299.72,0.53,0.5,2026-08-12,0941,N,VIIRS,n,2.0NRT,274.37,1.37,N
49.83577,-121.09229,308.24,0.53,0.5,2026-08-12,0941,N,VIIRS,n,2.0NRT,273.89,1.37,N
49.8362,-121.09921,296.84,0.53,0.5,2026-08-12,0941,N,VIIRS,n,2.0NRT,277.32,2.05,N
49.83717,-121.11473,302.16,0.53,0.5,2026-08-12,0941,N,VIIRS,n,2.0NRT,280.18,2.07,N
49.83773,-121.20033,308.48,0.54,0.5,2026-08-12,0941,N,VIIRS,n,2.0NRT,278.12,2.19,N
49.83923,-121.07265,307.73,0.53,0.5,2026-08-12,0941,N,VIIRS,n,2.0NRT,280.01,2.26,N
49.83955,-121.22993,296.93,0.54,0.51,2026-08-12,0941,N,VIIRS,n,2.0NRT,280.28,0.88,N
49.83995,-121.15954,338.71,0.53,0.5,2026-08-12,0941,N,VIIRS,n,2.0NRT,283.47,2.97,N
49.84044,-121.0917,295.69,0.53,0.5,2026-08-12,0941,N,VIIRS,n,2.0NRT,275.68,1.37,N
49.84089,-121.09885,296.4,0.53,0.5,2026-08-12,0941,N,VIIRS,n,2.0NRT,276.31,2.05,N
49.84184,-121.11404,321.28,0.53,0.5,2026-08-12,0941,N,VIIRS,n,2.0NRT,281.7,2.07,N
49.84471,-121.16021,301.33,0.53,0.5,2026-08-12,0941,N,VIIRS,n,2.0NRT,280.86,2.97,N
49.84517,-121.16773,299.34,0.53,0.5,2026-08-12,0941,N,VIIRS,n,2.0NRT,280.68,2.97,N
49.8485,-121.0704,300.76,0.53,0.5,2026-08-12,0941,N,VIIRS,n,2.0NRT,279.85,3.73,N
49.84933,-121.0836,331.06,0.53,0.5,2026-08-12,0941,N,VIIRS,n,2.0NRT,276.24,5.08,N
49.85273,-121.0631,314.24,0.53,0.5,2026-08-12,0941,N,VIIRS,n,2.0NRT,277.07,3.86,N
49.85312,-121.06916,313.96,0.53,0.5,2026-08-12,0941,N,VIIRS,n,2.0NRT,282.69,6.53,N
49.85397,-121.08243,305.52,0.53,0.5,2026-08-12,0941,N,VIIRS,n,2.0NRT,279.95,1.73,N
49.85739,-121.06244,321.32,0.53,0.5,2026-08-12,0941,N,VIIRS,n,2.0NRT,284.09,3.86,N
49.85779,-121.06867,344.08,0.53,0.5,2026-08-12,0941,N,VIIRS,n,2.0NRT,286.48,6.53,N
49.8652,-121.11124,300.75,0.53,0.5,2026-08-12,0941,N,VIIRS,n,2.0NRT,281.37,1.16,N
49.86572,-121.11935,300.93,0.53,0.5,2026-08-12,0941,N,VIIRS,n,2.0NRT,281.26,1.16,N
49.87603,-121.06004,300.63,0.53,0.5,2026-08-12,0941,N,VIIRS,n,2.0NRT,281.59,1.75,N
49.87644,-121.06626,318.84,0.53,0.5,2026-08-12,0941,N,VIIRS,n,2.0NRT,282.64,2.94,N
49.87776,-121.08682,324.86,0.53,0.5,2026-08-12,0941,N,VIIRS,n,2.0NRT,280.65,2.87,N
49.88265,-121.05364,295.3,0.53,0.5,2026-08-12,0941,N,VIIRS,n,2.0NRT,281.95,1.41,N
49.88493,-121.05218,299.62,0.53,0.5,2026-08-12,0941,N,VIIRS,n,2.0NRT,282.35,2.19,N
49.88811,-121.1013,304.17,0.53,0.5,2026-08-12,0941,N,VIIRS,n,2.0NRT,281.39,2.14,N
49.88976,-121.09358,306.85,0.53,0.5,2026-08-12,0941,N,VIIRS,n,2.0NRT,282.22,1.78,N
49.89029,-121.10255,309.34,0.53,0.5,2026-08-12,0941,N,VIIRS,n,2.0NRT,283.74,2.68,N
49.89278,-121.10075,302.24,0.53,0.5,2026-08-12,0941,N,VIIRS,n,2.0NRT,281.89,1.76,N
49.9014,-121.13091,296.16,0.53,0.5,2026-08-12,0941,N,VIIRS,n,2.0NRT,281.97,1.58,N
49.90368,-121.12325,306.0,0.53,0.5,2026-08-12,0941,N,VIIRS,n,2.0NRT,282.8,1.63,N
49.90409,-121.12975,295.25,0.53,0.5,2026-08-12,0941,N,VIIRS,n,2.0NRT,282.23,1.63,N
49.9057,-121.12413,309.53,0.53,0.5,2026-08-12,0941,N,VIIRS,n,2.0NRT,283.21,2.1,N
49.9061,-121.13066,297.66,0.53,0.5,2026-08-12,0941,N,VIIRS,n,2.0NRT,282.39,0.99,N
49.90653,-121.13773,296.27,0.53,0.5,2026-08-12,0941,N,VIIRS,n,2.0NRT,280.73,0.99,N
50.13403,-121.17914,298.75,0.54,0.51,2026-08-12,0941,N,VIIRS,n,2.0NRT,280.53,1.43,N
50.15622,-121.07789,306.56,0.53,0.5,2026-08-12,0941,N,VIIRS,n,2.0NRT,283.32,1.98,N
50.15662,-121.08445,309.53,0.53,0.5,2026-08-12,0941,N,VIIRS,n,2.0NRT,283.62,1.98,N
50.157,-121.09058,302.69,0.53,0.5,2026-08-12,0941,N,VIIRS,n,2.0NRT,282.67,1.98,N
50.15739,-121.09674,303.82,0.53,0.5,2026-08-12,0941,N,VIIRS,n,2.0NRT,281.89,1.39,N
50.16097,-121.07845,298.9,0.53,0.5,2026-08-12,0941,N,VIIRS,n,2.0NRT,283.56,1.48,N
50.16137,-121.08498,308.82,0.53,0.5,2026-08-12,0941,N,VIIRS,n,2.0NRT,283.83,1.26,N
50.16175,-121.09113,307.57,0.53,0.5,2026-08-12,0941,N,VIIRS,n,2.0NRT,283.61,1.26,N
50.16606,-121.08453,299.75,0.53,0.5,2026-08-12,0941,N,VIIRS,n,2.0NRT,283.45,1.26,N
50.16649,-121.09145,297.12,0.53,0.5,2026-08-12,0941,N,VIIRS,n,2.0NRT,283.05,1.26,N
49.69327,-121.15536,299.17,0.36,0.57,2026-08-12,1119,N,VIIRS,n,2.0NRT,280.85,1.29,N
49.69433,-121.15888,307.6,0.36,0.57,2026-08-12,1119,N,VIIRS,n,2.0NRT,282.56,1.29,N
49.6952,-121.18135,301.77,0.36,0.57,2026-08-12,1119,N,VIIRS,n,2.0NRT,282.32,0.97,N
49.69543,-121.16254,300.69,0.36,0.57,2026-08-12,1119,N,VIIRS,n,2.0NRT,282.66,1.33,N
49.69653,-121.16621,298.03,0.36,0.57,2026-08-12,1119,N,VIIRS,n,2.0NRT,282.45,1.33,N
49.69665,-121.18619,308.15,0.36,0.57,2026-08-12,1119,N,VIIRS,n,2.0NRT,283.53,0.97,N
49.69764,-121.16992,295.36,0.36,0.57,2026-08-12,1119,N,VIIRS,n,2.0NRT,282.04,2.08,N
49.70008,-121.17805,300.69,0.36,0.57,2026-08-12,1119,N,VIIRS,n,2.0NRT,283.39,0.97,N
49.70133,-121.18223,298.85,0.36,0.57,2026-08-12,1119,N,VIIRS,n,2.0NRT,282.96,0.97,N
49.70219,-121.20467,299.38,0.35,0.57,2026-08-12,1119,N,VIIRS,n,2.0NRT,282.09,1.8,N
49.70444,-121.23174,296.12,0.35,0.57,2026-08-12,1119,N,VIIRS,n,2.0NRT,282.11,0.86,N
49.70927,-121.1696,295.84,0.36,0.57,2026-08-12,1119,N,VIIRS,n,2.0NRT,280.58,1.55,N
49.7124,-121.27785,304.75,0.35,0.57,2026-08-12,1119,N,VIIRS,n,2.0NRT,281.92,0.66,N
49.71365,-121.28203,301.2,0.35,0.57,2026-08-12,1119,N,VIIRS,n,2.0NRT,281.65,0.66,N
49.71773,-121.27613,296.87,0.35,0.57,2026-08-12,1119,N,VIIRS,n,2.0NRT,283.0,0.66,N
49.72567,-121.20488,297.41,0.35,0.57,2026-08-12,1119,N,VIIRS,n,2.0NRT,280.36,0.87,N
49.72594,-121.36208,345.66,0.35,0.57,2026-08-12,1119,N,VIIRS,n,2.0NRT,277.65,3.84,N
49.72717,-121.36617,341.84,0.35,0.57,2026-08-12,1119,N,VIIRS,n,2.0NRT,281.76,3.69,N
49.72826,-121.21352,301.11,0.35,0.57,2026-08-12,1119,N,VIIRS,n,2.0NRT,280.14,0.8,N
49.72861,-121.371,300.47,0.35,0.57,2026-08-12,1119,N,VIIRS,n,2.0NRT,279.87,3.69,N
49.7309,-121.2224,296.27,0.35,0.57,2026-08-12,1119,N,VIIRS,n,2.0NRT,279.32,1.79,N
49.73118,-121.36012,322.2,0.35,0.57,2026-08-12,1119,N,VIIRS,n,2.0NRT,283.28,3.84,N
49.73217,-121.36345,326.52,0.35,0.57,2026-08-12,1119,N,VIIRS,n,2.0NRT,284.59,3.69,N
49.73338,-121.21112,295.68,0.35,0.57,2026-08-12,1119,N,VIIRS,n,2.0NRT,279.12,0.8,N
49.74281,-121.39912,295.72,0.35,0.56,2026-08-12,1119,N,VIIRS,n,2.0NRT,283.17,0.58,N
49.74623,-121.23466,296.46,0.35,0.57,2026-08-12,1119,N,VIIRS,n,2.0NRT,279.72,0.49,N
49.74741,-121.39507,299.73,0.35,0.56,2026-08-12,1119,N,VIIRS,n,2.0NRT,283.22,1.45,N
49.74835,-121.30059,302.57,0.35,0.57,2026-08-12,1119,N,VIIRS,n,2.0NRT,281.78,0.96,N
49.7487,-121.39938,337.99,0.35,0.56,2026-08-12,1119,N,VIIRS,n,2.0NRT,284.41,3.7,N
49.7545,-121.24284,297.26,0.35,0.57,2026-08-12,1119,N,VIIRS,n,2.0NRT,280.73,2.11,N
49.7556,-121.24653,333.18,0.35,0.57,2026-08-12,1119,N,VIIRS,n,2.0NRT,281.05,2.11,N
49.7567,-121.25023,330.03,0.35,0.57,2026-08-12,1119,N,VIIRS,n,2.0NRT,283.86,2.76,N
49.75671,-121.28953,308.74,0.35,0.57,2026-08-12,1119,N,VIIRS,n,2.0NRT,282.0,1.3,N
49.75777,-121.25382,295.69,0.35,0.57,2026-08-12,1119,N,VIIRS,n,2.0NRT,281.69,2.76,N
49.75865,-121.41332,303.31,0.35,0.56,2026-08-12,1119,N,VIIRS,n,2.0NRT,284.27,2.16,N
49.75968,-121.41679,342.75,0.35,0.56,2026-08-12,1119,N,VIIRS,n,2.0NRT,286.06,4.94,N
49.76041,-121.24307,315.91,0.35,0.57,2026-08-12,1119,N,VIIRS,n,2.0NRT,283.19,1.87,N
49.76078,-121.2422,299.29,0.35,0.57,2026-08-12,1119,N,VIIRS,n,2.0NRT,281.07,1.16,N
49.76083,-121.42065,343.9,0.35,0.56,2026-08-12,1119,N,VIIRS,n,2.0NRT,285.24,4.94,N
49.76134,-121.26584,297.41,0.35,0.57,2026-08-12,1119,N,VIIRS,n,2.0NRT,283.3,1.03,N
49.76141,-121.24641,303.85,0.35,0.57,2026-08-12,1119,N,VIIRS,n,2.0NRT,282.54,1.27,N
49.76178,-121.24556,304.64,0.35,0.57,2026-08-12,1119,N,VIIRS,n,2.0NRT,281.85,1.16,N
49.76333,-121.40958,301.77,0.35,0.56,2026-08-12,1119,N,VIIRS,n,2.0NRT,283.77,1.21,N
49.76344,-121.25326,298.26,0.35,0.57,2026-08-12,1119,N,VIIRS,n,2.0NRT,282.92,0.91,N
49.76382,-121.25232,300.04,0.35,0.57,2026-08-12,1119,N,VIIRS,n,2.0NRT,282.86,1.69,N
49.76447,-121.41343,325.97,0.35,0.56,2026-08-12,1119,N,VIIRS,n,2.0NRT,286.06,1.21,N
49.76478,-121.2578,297.09,0.35,0.57,2026-08-12,1119,N,VIIRS,n,2.0NRT,283.08,0.91,N
49.76517,-121.25677,296.44,0.35,0.57,2026-08-12,1119,N,VIIRS,n,2.0NRT,282.95,1.12,N
49.76565,-121.41737,320.3,0.35,0.56,2026-08-12,1119,N,VIIRS,n,2.0NRT,285.62,2.97,N
49.7662,-121.24294,296.37,0.35,0.57,2026-08-12,1119,N,VIIRS,n,2.0NRT,281.43,1.27,N
49.76692,-121.26255,296.33,0.35,0.57,2026-08-12,1119,N,VIIRS,n,2.0NRT,282.25,1.12,N
49.76729,-121.24658,305.86,0.35,0.57,2026-08-12,1119,N,VIIRS,n,2.0NRT,283.0,1.27,N
49.76765,-121.2456,305.3,0.35,0.57,2026-08-12,1119,N,VIIRS,n,2.0NRT,282.81,1.69,N
49.76855,-121.25083,315.34,0.35,0.57,2026-08-12,1119,N,VIIRS,n,2.0NRT,282.53,0.91,N
49.76892,-121.24982,329.39,0.35,0.57,2026-08-12,1119,N,VIIRS,n,2.0NRT,282.96,1.69,N
49.76906,-121.40936,299.68,0.35,0.56,2026-08-12,1119,N,VIIRS,n,2.0NRT,283.56,1.21,N
49.77005,-121.25593,299.21,0.35,0.57,2026-08-12,1119,N,VIIRS,n,2.0NRT,282.41,0.91,N
49.7704,-121.25472,297.13,0.35,0.57,2026-08-12,1119,N,VIIRS,n,2.0NRT,282.12,1.12,N
49.77095,-121.23926,297.38,0.35,0.57,2026-08-12,1119,N,VIIRS,n,2.0NRT,281.73,1.7,N
49.77239,-121.24413,318.08,0.35,0.57,2026-08-12,1119,N,VIIRS,n,2.0NRT,283.01,1.7,N
49.77278,-121.24325,306.38,0.35,0.57,2026-08-12,1119,N,VIIRS,n,2.0NRT,281.87,1.94,N
49.77404,-121.24973,327.38,0.35,0.57,2026-08-12,1119,N,VIIRS,n,2.0NRT,283.68,3.39,N
49.77452,-121.24902,326.72,0.35,0.57,2026-08-12,1119,N,VIIRS,n,2.0NRT,283.53,1.94,N
49.81451,-121.50446,301.6,0.34,0.56,2026-08-12,1119,N,VIIRS,n,2.0NRT,281.6,1.25,N
49.82249,-121.13596,306.76,0.35,0.57,2026-08-12,1119,N,VIIRS,n,2.0NRT,278.45,1.14,N
49.82264,-121.19518,300.29,0.35,0.57,2026-08-12,1119,N,VIIRS,n,2.0NRT,281.0,0.81,N
49.82409,-121.14133,298.92,0.35,0.57,2026-08-12,1119,N,VIIRS,n,2.0NRT,278.61,1.14,N
49.82517,-121.22318,331.43,0.35,0.57,2026-08-12,1119,N,VIIRS,n,2.0NRT,279.12,3.22,N
49.82619,-121.1091,356.41,0.35,0.57,2026-08-12,1119,N,VIIRS,n,2.0NRT,285.95,10.94,N
49.82647,-121.22755,299.97,0.35,0.57,2026-08-12,1119,N,VIIRS,n,2.0NRT,278.2,3.22,N
49.82702,-121.13151,309.97,0.35,0.57,2026-08-12,1119,N,VIIRS,n,2.0NRT,279.68,1.14,N
49.82734,-121.09325,302.68,0.35,0.57,2026-08-12,1119,N,VIIRS,n,2.0NRT,279.98,1.89,N
49.8276,-121.11385,339.96,0.35,0.57,2026-08-12,1119,N,VIIRS,n,2.0NRT,282.48,10.94,N
49.82782,-121.19295,313.17,0.35,0.57,2026-08-12,1119,N,VIIRS,n,2.0NRT,280.58,3.22,N
49.82865,-121.19574,338.02,0.35,0.57,2026-08-12,1119,N,VIIRS,n,2.0NRT,281.96,8.75,N
49.82881,-121.07851,296.75,0.36,0.57,2026-08-12,1119,N,VIIRS,n,2.0NRT,279.74,5.05,N
49.82892,-121.11824,321.45,0.35,0.57,2026-08-12,1119,N,VIIRS,n,2.0NRT,279.92,2.84,N
49.8294,-121.08334,331.23,0.35,0.57,2026-08-12,1119,N,VIIRS,n,2.0NRT,280.71,3.9,N
49.82941,-121.10023,303.73,0.35,0.57,2026-08-12,1119,N,VIIRS,n,2.0NRT,280.78,1.89,N
49.82948,-121.2181,353.22,0.35,0.57,2026-08-12,1119,N,VIIRS,n,2.0NRT,284.08,3.22,N
49.82958,-121.19887,320.54,0.35,0.57,2026-08-12,1119,N,VIIRS,n,2.0NRT,280.91,8.75,N
49.83022,-121.12263,313.0,0.35,0.57,2026-08-12,1119,N,VIIRS,n,2.0NRT,279.37,2.84,N
49.83039,-121.08385,355.36,0.36,0.57,2026-08-12,1119,N,VIIRS,n,2.0NRT,283.01,5.05,N
49.83078,-121.22244,317.46,0.35,0.57,2026-08-12,1119,N,VIIRS,n,2.0NRT,279.38,3.22,N
49.83138,-121.08987,367.0,0.35,0.57,2026-08-12,1119,N,VIIRS,h,2.0NRT,285.43,3.9,N
49.83199,-121.18742,306.37,0.35,0.57,2026-08-12,1119,N,VIIRS,n,2.0NRT,279.94,3.22,N
49.83235,-121.09043,367.0,0.35,0.57,2026-08-12,1119,N,VIIRS,h,2.0NRT,283.67,13.38,N
49.83286,-121.1903,331.46,0.35,0.57,2026-08-12,1119,N,VIIRS,n,2.0NRT,283.44,3.22,N
49.8333,-121.09615,295.24,0.35,0.57,2026-08-12,1119,N,VIIRS,n,2.0NRT,280.04,6.12,N
49.83371,-121.19317,367.0,0.35,0.57,2026-08-12,1119,N,VIIRS,h,2.0NRT,294.51,8.75,N
49.83439,-121.08041,300.33,0.35,0.57,2026-08-12,1119,N,VIIRS,n,2.0NRT,281.1,3.9,N
49.83458,-121.19607,355.23,0.35,0.57,2026-08-12,1119,N,VIIRS,n,2.0NRT,289.7,8.75,N
49.83551,-121.1992,333.45,0.35,0.57,2026-08-12,1119,N,VIIRS,n,2.0NRT,283.34,10.92,N
49.83652,-121.08744,295.13,0.35,0.57,2026-08-12,1119,N,VIIRS,n,2.0NRT,280.15,3.9,N
49.83656,-121.18316,301.52,0.35,0.57,2026-08-12,1119,N,VIIRS,n,2.0NRT,280.39,0.8,N
49.83657,-121.20271,367.0,0.35,0.57,2026-08-12,1119,N,VIIRS,h,2.0NRT,287.74,10.92,N
49.83763,-121.18672,305.39,0.35,0.57,2026-08-12,1119,N,VIIRS,n,2.0NRT,280.97,0.8,N
49.83793,-121.20729,328.82,0.35,0.57,2026-08-12,1119,N,VIIRS,n,2.0NRT,280.41,11.79,N
49.83882,-121.11435,317.47,0.35,0.57,2026-08-12,1119,N,VIIRS,n,2.0NRT,275.94,1.17,N
49.83955,-121.11464,318.37,0.35,0.57,2026-08-12,1119,N,VIIRS,n,2.0NRT,276.4,1.62,N
49.84084,-121.15826,324.99,0.35,0.57,2026-08-12,1119,N,VIIRS,n,2.0NRT,282.26,3.07,N
49.84142,-121.14055,297.97,0.35,0.57,2026-08-12,1119,N,VIIRS,n,2.0NRT,279.28,1.08,N
49.84214,-121.16264,313.06,0.35,0.57,2026-08-12,1119,N,VIIRS,n,2.0NRT,280.03,3.45,N
49.84367,-121.11098,300.0,0.35,0.57,2026-08-12,1119,N,VIIRS,n,2.0NRT,279.01,1.17,N
49.84734,-121.08432,296.73,0.35,0.57,2026-08-12,1119,N,VIIRS,n,2.0NRT,279.43,0.95,N
49.84819,-121.08459,301.32,0.35,0.57,2026-08-12,1119,N,VIIRS,n,2.0NRT,279.6,0.74,N
49.84911,-121.1664,300.17,0.35,0.57,2026-08-12,1119,N,VIIRS,n,2.0NRT,279.81,1.13,N
49.8523,-121.08131,325.7,0.35,0.57,2026-08-12,1119,N,VIIRS,n,2.0NRT,281.51,2.95,N
49.8598,-121.06725,316.7,0.35,0.57,2026-08-12,1119,N,VIIRS,n,2.0NRT,281.74,2.56,N
49.8615,-121.07286,338.17,0.35,0.57,2026-08-12,1119,N,VIIRS,n,2.0NRT,282.1,4.05,N
49.86319,-121.11731,295.28,0.35,0.57,2026-08-12,1119,N,VIIRS,n,2.0NRT,278.18,0.94,N
49.87698,-121.06579,303.96,0.35,0.57,2026-08-12,1119,N,VIIRS,n,2.0NRT,280.14,0.58,N
49.88824,-121.1032,298.95,0.35,0.57,2026-08-12,1119,N,VIIRS,n,2.0NRT,281.36,0.9,N
49.89201,-121.09626,312.27,0.35,0.57,2026-08-12,1119,N,VIIRS,n,2.0NRT,281.84,1.27,N
49.89316,-121.10007,309.46,0.35,0.57,2026-08-12,1119,N,VIIRS,n,2.0NRT,281.74,1.27,N
49.89896,-121.15835,295.65,0.35,0.57,2026-08-12,1119,N,VIIRS,n,2.0NRT,279.82,0.82,N
49.90356,-121.1542,306.11,0.35,0.57,2026-08-12,1119,N,VIIRS,n,2.0NRT,280.59,0.82,N
49.90552,-121.14127,341.97,0.35,0.57,2026-08-12,1119,N,VIIRS,n,2.0NRT,284.22,5.33,N
50.09588,-121.19141,298.76,0.34,0.56,2026-08-12,1119,N,VIIRS,n,2.0NRT,280.95,0.65,N
50.09606,-121.18966,295.58,0.34,0.56,2026-08-12,1119,N,VIIRS,n,2.0NRT,280.69,1.01,N
50.13296,-121.17734,303.16,0.34,0.56,2026-08-12,1119,N,VIIRS,n,2.0NRT,280.76,1.18,N
50.15657,-121.08138,299.81,0.35,0.56,2026-08-12,1119,N,VIIRS,n,2.0NRT,281.98,1.36,N
50.15814,-121.0867,300.52,0.35,0.56,2026-08-12,1119,N,VIIRS,n,2.0NRT,281.94,0.84,N
50.15988,-121.09256,295.42,0.35,0.56,2026-08-12,1119,N,VIIRS,n,2.0NRT,281.55,0.84,N
50.16378,-121.0861,297.75,0.35,0.56,2026-08-12,1119,N,VIIRS,n,2.0NRT,282.51,0.84,N
49.71363,-121.28188,325.74,0.78,0.78,2026-08-12,1928,N,VIIRS,n,2.0NRT,284.59,5.64,D
49.71486,-121.27382,330.74,0.78,0.78,2026-08-12,1928,N,VIIRS,n,2.0NRT,287.02,7.99,D
49.72077,-121.37801,350.5,0.78,0.78,2026-08-12,1928,N,VIIRS,n,2.0NRT,289.29,62.49,D
49.72306,-121.37241,356.91,0.78,0.78,2026-08-12,1928,N,VIIRS,l,2.0NRT,277.42,62.49,D
49.72497,-121.38217,327.5,0.78,0.78,2026-08-12,1928,N,VIIRS,n,2.0NRT,291.67,100.44,D
49.72715,-121.37679,367.0,0.78,0.78,2026-08-12,1928,N,VIIRS,h,2.0NRT,297.21,156.55,D
49.72722,-121.38347,345.49,0.78,0.78,2026-08-12,1928,N,VIIRS,n,2.0NRT,289.15,62.49,D
49.72944,-121.37806,367.0,0.78,0.78,2026-08-12,1928,N,VIIRS,h,2.0NRT,290.95,62.49,D
49.73269,-121.4126,332.52,0.78,0.78,2026-08-12,1928,N,VIIRS,n,2.0NRT,288.05,7.32,D
49.73391,-121.40292,337.85,0.78,0.78,2026-08-12,1928,N,VIIRS,n,2.0NRT,288.27,11.43,D
49.78664,-121.16495,327.8,0.77,0.77,2026-08-12,1928,N,VIIRS,n,2.0NRT,273.09,11.76,D
49.79424,-121.14606,330.93,0.77,0.77,2026-08-12,1928,N,VIIRS,n,2.0NRT,278.45,8.21,D
49.79807,-121.13649,328.34,0.76,0.77,2026-08-12,1928,N,VIIRS,n,2.0NRT,280.82,8.21,D
49.80292,-121.14575,338.85,0.76,0.77,2026-08-12,1928,N,VIIRS,n,2.0NRT,281.48,8.21,D
49.804,-121.12174,331.56,0.76,0.77,2026-08-12,1928,N,VIIRS,n,2.0NRT,282.35,25.56,D
49.8044,-121.16339,328.26,0.77,0.77,2026-08-12,1928,N,VIIRS,n,2.0NRT,274.46,10.31,D
49.80751,-121.15562,346.41,0.77,0.77,2026-08-12,1928,N,VIIRS,n,2.0NRT,275.85,18.3,D
49.80805,-121.11164,357.3,0.76,0.77,2026-08-12,1928,N,VIIRS,l,2.0NRT,282.98,139.84,D
49.81163,-121.10272,351.94,0.76,0.77,2026-08-12,1928,N,VIIRS,n,2.0NRT,296.19,139.84,D
49.81198,-121.15458,336.43,0.76,0.77,2026-08-12,1928,N,VIIRS,n,2.0NRT,277.12,13.07,D
49.81198,-121.14447,350.23,0.76,0.77,2026-08-12,1928,N,VIIRS,n,2.0NRT,279.58,18.3,D
49.81469,-121.09508,357.3,0.76,0.77,2026-08-12,1928,N,VIIRS,l,2.0NRT,288.99,249.22,D
49.81619,-121.14421,327.98,0.76,0.77,2026-08-12,1928,N,VIIRS,n,2.0NRT,281.42,17.58,D
49.81929,-121.10492,208.0,0.76,0.77,2026-08-12,1928,N,VIIRS,l,2.0NRT,305.16,139.84,D
49.81956,-121.13592,356.91,0.76,0.77,2026-08-12,1928,N,VIIRS,l,2.0NRT,289.98,17.58,D
49.82198,-121.09821,208.0,0.76,0.77,2026-08-12,1928,N,VIIRS,l,2.0NRT,322.22,249.22,D
49.82277,-121.12801,336.67,0.76,0.77,2026-08-12,1928,N,VIIRS,n,2.0NRT,284.16,24.86,D
49.8229,-121.13858,354.22,0.76,0.77,2026-08-12,1928,N,VIIRS,n,2.0NRT,289.68,39.57,D
49.82294,-121.11711,338.59,0.76,0.77,2026-08-12,1928,N,VIIRS,n,2.0NRT,280.05,53.72,D
49.82503,-121.09059,355.77,0.76,0.77,2026-08-12,1928,N,VIIRS,n,2.0NRT,309.99,249.22,D
49.82582,-121.13127,357.19,0.76,0.77,2026-08-12,1928,N,VIIRS,l,2.0NRT,286.77,39.57,D
49.82624,-121.14059,351.97,0.76,0.77,2026-08-12,1928,N,VIIRS,n,2.0NRT,285.99,17.58,D
49.82631,-121.11928,354.7,0.76,0.77,2026-08-12,1928,N,VIIRS,n,2.0NRT,285.65,24.86,D
49.82673,-121.10766,367.0,0.76,0.77,2026-08-12,1928,N,VIIRS,h,2.0NRT,290.07,53.72,D
49.82854,-121.08183,367.0,0.76,0.77,2026-08-12,1928,N,VIIRS,h,2.0NRT,292.72,128.99,D
49.82994,-121.09962,355.15,0.76,0.77,2026-08-12,1928,N,VIIRS,n,2.0NRT,290.43,71.67,D
49.83299,-121.09201,367.0,0.76,0.77,2026-08-12,1928,N,VIIRS,h,2.0NRT,298.52,71.67,D
49.83973,-121.16063,325.52,0.76,0.77,2026-08-12,1928,N,VIIRS,n,2.0NRT,286.5,5.24,D
49.83988,-121.09612,330.05,0.76,0.77,2026-08-12,1928,N,VIIRS,n,2.0NRT,289.72,71.67,D
49.84245,-121.1641,329.31,0.76,0.77,2026-08-12,1928,N,VIIRS,n,2.0NRT,287.16,4.8,D
49.84256,-121.15353,331.73,0.76,0.77,2026-08-12,1928,N,VIIRS,n,2.0NRT,282.19,5.24,D
49.84601,-121.08079,326.61,0.76,0.77,2026-08-12,1928,N,VIIRS,n,2.0NRT,287.02,62.78,D
49.84992,-121.08218,334.51,0.76,0.77,2026-08-12,1928,N,VIIRS,n,2.0NRT,289.1,11.32,D
49.85216,-121.06539,348.4,0.76,0.77,2026-08-12,1928,N,VIIRS,n,2.0NRT,288.53,16.45,D
49.85494,-121.05845,342.97,0.76,0.77,2026-08-12,1928,N,VIIRS,n,2.0NRT,285.03,16.98,D
49.85607,-121.06699,367.0,0.76,0.77,2026-08-12,1928,N,VIIRS,h,2.0NRT,290.48,16.78,D
49.85872,-121.06043,339.25,0.75,0.77,2026-08-12,1928,N,VIIRS,n,2.0NRT,286.87,16.78,D
49.87809,-121.06438,367.0,0.75,0.77,2026-08-12,1928,N,VIIRS,h,2.0NRT,291.03,12.78,D
49.69321,-121.19694,327.94,0.4,0.37,2026-08-12,2108,N,VIIRS,n,2.0NRT,289.97,2.05,D
49.69442,-121.16267,326.8,0.4,0.37,2026-08-12,2108,N,VIIRS,n,2.0NRT,289.79,5.65,D
49.69556,-121.17974,325.87,0.4,0.37,2026-08-12,2108,N,VIIRS,n,2.0NRT,295.53,5.22,D
49.6989,-121.18078,325.52,0.4,0.37,2026-08-12,2108,N,VIIRS,l,2.0NRT,295.67,5.59,D
49.69918,-121.20416,331.63,0.4,0.37,2026-08-12,2108,N,VIIRS,n,2.0NRT,290.91,3.87,D
49.70179,-121.21049,328.07,0.4,0.37,2026-08-12,2108,N,VIIRS,n,2.0NRT,291.02,4.67,D
49.71996,-121.38074,343.11,0.39,0.37,2026-08-12,2108,N,VIIRS,n,2.0NRT,311.38,64.81,D
49.72076,-121.37505,326.73,0.39,0.37,2026-08-12,2108,N,VIIRS,n,2.0NRT,293.65,64.81,D
49.72308,-121.35846,329.79,0.4,0.37,2026-08-12,2108,N,VIIRS,n,2.0NRT,297.09,19.1,D
49.72329,-121.38181,367.0,0.39,0.37,2026-08-12,2108,N,VIIRS,h,2.0NRT,329.8,64.81,D
49.72377,-121.35342,367.0,0.4,0.37,2026-08-12,2108,N,VIIRS,h,2.0NRT,305.81,19.1,D
49.72446,-121.34842,330.04,0.4,0.37,2026-08-12,2108,N,VIIRS,n,2.0NRT,294.45,5.74,D
49.7249,-121.37038,351.35,0.39,0.37,2026-08-12,2108,N,VIIRS,n,2.0NRT,298.98,6.56,D
49.72492,-121.32011,331.67,0.4,0.37,2026-08-12,2108,N,VIIRS,n,2.0NRT,294.92,2.07,D
49.72567,-121.36484,332.14,0.39,0.37,2026-08-12,2108,N,VIIRS,n,2.0NRT,298.26,6.56,D
49.7264,-121.3596,353.18,0.4,0.37,2026-08-12,2108,N,VIIRS,n,2.0NRT,310.72,19.1,D
49.72662,-121.38283,313.09,0.39,0.37,2026-08-12,2108,N,VIIRS,l,2.0NRT,313.95,86.01,D
49.72709,-121.35454,356.87,0.4,0.37,2026-08-12,2108,N,VIIRS,n,2.0NRT,307.75,19.1,D
49.72778,-121.34954,340.25,0.4,0.37,2026-08-12,2108,N,VIIRS,n,2.0NRT,297.87,5.74,D
49.72823,-121.37144,329.1,0.39,0.37,2026-08-12,2108,N,VIIRS,n,2.0NRT,296.78,5.4,D
49.729,-121.36589,331.5,0.39,0.37,2026-08-12,2108,N,VIIRS,n,2.0NRT,297.84,5.4,D
49.72996,-121.38386,340.38,0.39,0.37,2026-08-12,2108,N,VIIRS,n,2.0NRT,306.05,86.01,D
49.73523,-121.39971,330.61,0.39,0.37,2026-08-12,2108,N,VIIRS,n,2.0NRT,294.59,12.7,D
49.73581,-121.39169,339.5,0.39,0.37,2026-08-12,2108,N,VIIRS,n,2.0NRT,294.37,3.98,D
49.73599,-121.39425,340.53,0.39,0.37,2026-08-12,2108,N,VIIRS,n,2.0NRT,292.81,12.9,D
49.73857,-121.40071,336.86,0.39,0.37,2026-08-12,2108,N,VIIRS,n,2.0NRT,300.11,12.7,D
49.73932,-121.39533,333.98,0.39,0.37,2026-08-12,2108,N,VIIRS,n,2.0NRT,296.95,12.9,D
49.74931,-121.3984,336.72,0.39,0.37,2026-08-12,2108,N,VIIRS,n,2.0NRT,296.53,7.01,D
49.7519,-121.40472,328.12,0.39,0.37,2026-08-12,2108,N,VIIRS,n,2.0NRT,287.24,5.44,D
49.75453,-121.41075,350.68,0.39,0.37,2026-08-12,2108,N,VIIRS,n,2.0NRT,282.98,149.69,D
49.75524,-121.40574,355.73,0.39,0.37,2026-08-12,2108,N,VIIRS,n,2.0NRT,289.77,149.69,D
49.75596,-121.40054,325.25,0.39,0.37,2026-08-12,2108,N,VIIRS,n,2.0NRT,292.31,4.77,D
49.75611,-121.24798,328.75,0.4,0.37,2026-08-12,2108,N,VIIRS,n,2.0NRT,289.99,3.08,D
49.75611,-121.24561,343.16,0.4,0.37,2026-08-12,2108,N,VIIRS,n,2.0NRT,295.27,5.32,D
49.75683,-121.24034,329.68,0.4,0.37,2026-08-12,2108,N,VIIRS,n,2.0NRT,290.45,5.32,D
49.75685,-121.24263,346.81,0.4,0.37,2026-08-12,2108,N,VIIRS,n,2.0NRT,297.1,8.54,D
49.75714,-121.41706,338.14,0.39,0.37,2026-08-12,2108,N,VIIRS,n,2.0NRT,306.24,63.73,D
49.75786,-121.41187,367.0,0.39,0.37,2026-08-12,2108,N,VIIRS,l,2.0NRT,381.03,149.69,D
49.75855,-121.40691,367.0,0.39,0.37,2026-08-12,2108,N,VIIRS,l,2.0NRT,333.22,149.69,D
49.76044,-121.41828,352.54,0.39,0.37,2026-08-12,2108,N,VIIRS,n,2.0NRT,296.54,10.51,D
49.76115,-121.4132,352.31,0.39,0.37,2026-08-12,2108,N,VIIRS,n,2.0NRT,311.04,25.03,D
49.76187,-121.40807,343.05,0.39,0.37,2026-08-12,2108,N,VIIRS,n,2.0NRT,315.57,25.03,D
49.76445,-121.41451,338.89,0.39,0.37,2026-08-12,2108,N,VIIRS,n,2.0NRT,295.33,25.03,D
49.76517,-121.40935,345.02,0.39,0.37,2026-08-12,2108,N,VIIRS,n,2.0NRT,299.13,25.03,D
49.7725,-121.40657,331.8,0.39,0.37,2026-08-12,2108,N,VIIRS,n,2.0NRT,295.0,1.55,D
49.77361,-121.42358,335.27,0.39,0.37,2026-08-12,2108,N,VIIRS,n,2.0NRT,296.74,4.89,D
49.7758,-121.40785,342.28,0.39,0.37,2026-08-12,2108,N,VIIRS,n,2.0NRT,296.4,3.77,D
49.7791,-121.40909,337.89,0.39,0.37,2026-08-12,2108,N,VIIRS,n,2.0NRT,299.67,3.77,D
49.7898,-121.40714,327.78,0.39,0.37,2026-08-12,2108,N,VIIRS,l,2.0NRT,300.58,2.43,D
49.80124,-121.27415,334.77,0.4,0.37,2026-08-12,2108,N,VIIRS,n,2.0NRT,298.33,4.05,D
49.81117,-121.09954,367.0,0.4,0.37,2026-08-12,2108,N,VIIRS,h,2.0NRT,295.77,71.39,D
49.81265,-121.08865,344.52,0.4,0.37,2026-08-12,2108,N,VIIRS,n,2.0NRT,283.48,12.85,D
49.8145,-121.10069,367.0,0.4,0.37,2026-08-12,2108,N,VIIRS,h,2.0NRT,346.91,71.39,D
49.81527,-121.09503,348.03,0.4,0.37,2026-08-12,2108,N,VIIRS,n,2.0NRT,289.18,71.39,D
49.81781,-121.10197,367.0,0.4,0.37,2026-08-12,2108,N,VIIRS,l,2.0NRT,383.72,292.91,D
49.8186,-121.09617,367.0,0.4,0.37,2026-08-12,2108,N,VIIRS,h,2.0NRT,345.7,292.91,D
49.82114,-121.10319,367.0,0.4,0.37,2026-08-12,2108,N,VIIRS,h,2.0NRT,341.11,292.91,D
49.82446,-121.10445,367.0,0.4,0.37,2026-08-12,2108,N,VIIRS,l,2.0NRT,333.78,48.93,D
49.82523,-121.09871,355.68,0.4,0.37,2026-08-12,2108,N,VIIRS,n,2.0NRT,306.06,48.93,D
49.82531,-121.22561,328.98,0.4,0.37,2026-08-12,2108,N,VIIRS,n,2.0NRT,296.79,4.43,D
49.82553,-121.12216,342.61,0.4,0.37,2026-08-12,2108,N,VIIRS,n,2.0NRT,301.65,21.75,D
49.82579,-121.19673,347.83,0.4,0.37,2026-08-12,2108,N,VIIRS,n,2.0NRT,293.68,6.57,D
49.82607,-121.22005,352.3,0.4,0.37,2026-08-12,2108,N,VIIRS,n,2.0NRT,303.42,12.47,D
49.82627,-121.11667,344.74,0.4,0.37,2026-08-12,2108,N,VIIRS,n,2.0NRT,296.56,61.06,D
49.82648,-121.19167,340.71,0.4,0.37,2026-08-12,2108,N,VIIRS,n,2.0NRT,284.4,6.57,D
49.82914,-121.19771,337.88,0.4,0.37,2026-08-12,2108,N,VIIRS,n,2.0NRT,294.49,6.57,D
49.82932,-121.09428,349.3,0.4,0.37,2026-08-12,2108,N,VIIRS,n,2.0NRT,306.58,35.8,D
49.82983,-121.19262,367.0,0.4,0.37,2026-08-12,2108,N,VIIRS,h,2.0NRT,300.82,6.57,D
49.83249,-121.19868,341.15,0.4,0.37,2026-08-12,2108,N,VIIRS,n,2.0NRT,295.86,6.54,D
49.83264,-121.09553,335.58,0.4,0.37,2026-08-12,2108,N,VIIRS,n,2.0NRT,293.8,14.42,D
49.83319,-121.19357,351.69,0.4,0.37,2026-08-12,2108,N,VIIRS,n,2.0NRT,294.58,6.54,D
49.83341,-121.08986,341.67,0.4,0.37,2026-08-12,2108,N,VIIRS,n,2.0NRT,283.57,14.42,D
49.8343,-121.21086,337.01,0.4,0.37,2026-08-12,2108,N,VIIRS,n,2.0NRT,294.07,2.52,D
49.83584,-121.19967,342.12,0.4,0.37,2026-08-12,2108,N,VIIRS,n,2.0NRT,302.21,6.54,D
49.83907,-121.07395,332.71,0.4,0.37,2026-08-12,2108,N,VIIRS,n,2.0NRT,290.87,3.88,D
49.84,-121.14384,338.84,0.4,0.37,2026-08-12,2108,N,VIIRS,n,2.0NRT,297.96,4.59,D
49.84075,-121.13835,348.9,0.4,0.37,2026-08-12,2108,N,VIIRS,n,2.0NRT,298.83,4.59,D
49.84184,-121.15591,345.27,0.4,0.37,2026-08-12,2108,N,VIIRS,n,2.0NRT,296.1,15.04,D
49.84443,-121.16241,332.69,0.4,0.37,2026-08-12,2108,N,VIIRS,n,2.0NRT,298.78,28.08,D
49.84779,-121.16339,333.89,0.4,0.37,2026-08-12,2108,N,VIIRS,n,2.0NRT,294.35,28.08,D
49.84828,-121.08314,354.35,0.4,0.37,2026-08-12,2108,N,VIIRS,n,2.0NRT,301.8,44.65,D
49.84904,-121.07755,342.99,0.4,0.37,2026-08-12,2108,N,VIIRS,n,2.0NRT,304.19,23.13,D
49.85059,-121.06621,344.5,0.4,0.37,2026-08-12,2108,N,VIIRS,n,2.0NRT,286.9,6.47,D
49.85237,-121.07874,340.08,0.4,0.37,2026-08-12,2108,N,VIIRS,n,2.0NRT,302.0,23.13,D
49.8607,-121.52956,329.36,0.39,0.36,2026-08-12,2108,N,VIIRS,n,2.0NRT,291.84,2.42,D
49.86198,-121.11066,344.67,0.4,0.37,2026-08-12,2108,N,VIIRS,n,2.0NRT,294.79,4.07,D
49.86457,-121.11719,346.72,0.4,0.37,2026-08-12,2108,N,VIIRS,n,2.0NRT,305.03,14.35,D
49.86531,-121.11176,348.01,0.4,0.37,2026-08-12,2108,N,VIIRS,n,2.0NRT,298.2,14.35,D
49.87807,-121.06949,342.92,0.4,0.37,2026-08-12,2108,N,VIIRS,n,2.0NRT,296.68,9.57,D
49.87882,-121.52408,337.02,0.39,0.36,2026-08-12,2108,N,VIIRS,n,2.0NRT,299.92,2.65,D
49.87988,-121.08179,333.42,0.4,0.37,2026-08-12,2108,N,VIIRS,n,2.0NRT,297.87,6.23,D
49.88211,-121.52536,339.66,0.39,0.36,2026-08-12,2108,N,VIIRS,n,2.0NRT,304.89,9.54,D
49.88539,-121.5267,349.0,0.39,0.36,2026-08-12,2108,N,VIIRS,n,2.0NRT,306.67,9.54,D
49.88857,-121.09827,339.84,0.4,0.37,2026-08-12,2108,N,VIIRS,n,2.0NRT,305.39,5.69,D
49.88868,-121.528,333.81,0.39,0.36,2026-08-12,2108,N,VIIRS,l,2.0NRT,305.2,8.4,D
49.88941,-121.52278,351.91,0.39,0.36,2026-08-12,2108,N,VIIRS,n,2.0NRT,309.89,28.61,D
49.89191,-121.09928,342.29,0.4,0.37,2026-08-12,2108,N,VIIRS,n,2.0NRT,299.38,4.84,D
49.89414,-121.08279,326.57,0.4,0.37,2026-08-12,2108,N,VIIRS,n,2.0NRT,295.14,2.04,D
49.89566,-121.07144,327.1,0.4,0.37,2026-08-12,2108,N,VIIRS,n,2.0NRT,294.61,2.49,D
49.90155,-121.13118,350.79,0.4,0.37,2026-08-12,2108,N,VIIRS,n,2.0NRT,301.65,15.08,D
49.90232,-121.12548,350.02,0.4,0.37,2026-08-12,2108,N,VIIRS,n,2.0NRT,305.88,8.73,D
49.9031,-121.1198,341.04,0.4,0.37,2026-08-12,2108,N,VIIRS,n,2.0NRT,296.6,8.73,D
49.90643,-121.12086,345.87,0.4,0.37,2026-08-12,2108,N,VIIRS,n,2.0NRT,295.97,8.73,D
50.04247,-121.42624,330.21,0.4,0.37,2026-08-12,2108,N,VIIRS,n,2.0NRT,300.85,2.08,D
50.09125,-121.20329,326.84,0.4,0.37,2026-08-12,2108,N,VIIRS,n,2.0NRT,293.99,1.96,D
50.09609,-121.19329,333.28,0.4,0.37,2026-08-12,2108,N,VIIRS,n,2.0NRT,302.31,12.06,D
50.09685,-121.18766,338.99,0.4,0.37,2026-08-12,2108,N,VIIRS,n,2.0NRT,298.94,12.06,D
50.09942,-121.19444,328.56,0.4,0.37,2026-08-12,2108,N,VIIRS,n,2.0NRT,297.47,12.06,D
50.15891,-121.09005,328.96,0.4,0.37,2026-08-12,2108,N,VIIRS,n,2.0NRT,297.73,3.12,D
49.68898,-121.15683,309.23,0.43,0.62,2026-08-13,0920,N,VIIRS,n,2.0NRT,283.08,1.53,N
49.689,-121.14883,303.16,0.43,0.62,2026-08-13,0920,N,VIIRS,n,2.0NRT,282.49,1.38,N
49.6897,-121.19512,315.58,0.44,0.62,2026-08-13,0920,N,VIIRS,n,2.0NRT,282.75,2.66,N
49.68981,-121.20082,318.04,0.44,0.62,2026-08-13,0920,N,VIIRS,n,2.0NRT,283.19,2.39,N
49.69001,-121.19229,319.23,0.44,0.62,2026-08-13,0920,N,VIIRS,n,2.0NRT,282.97,2.53,N
49.69014,-121.19769,321.12,0.44,0.62,2026-08-13,0920,N,VIIRS,n,2.0NRT,283.36,4.48,N
49.69519,-121.17888,297.77,0.44,0.62,2026-08-13,0920,N,VIIRS,n,2.0NRT,283.49,1.45,N
49.69556,-121.19801,316.65,0.44,0.62,2026-08-13,0920,N,VIIRS,n,2.0NRT,284.06,2.65,N
49.69558,-121.1815,299.78,0.44,0.62,2026-08-13,0920,N,VIIRS,n,2.0NRT,283.71,1.48,N
49.69591,-121.19543,301.77,0.44,0.62,2026-08-13,0920,N,VIIRS,n,2.0NRT,283.03,1.33,N
49.69634,-121.24022,296.91,0.44,0.62,2026-08-13,0920,N,VIIRS,n,2.0NRT,282.48,2.61,N
49.69701,-121.2429,311.67,0.44,0.62,2026-08-13,0920,N,VIIRS,n,2.0NRT,283.14,2.13,N
49.71647,-121.38493,305.69,0.44,0.63,2026-08-13,0920,N,VIIRS,n,2.0NRT,284.83,1.0,N
49.71773,-121.38196,309.68,0.44,0.63,2026-08-13,0920,N,VIIRS,n,2.0NRT,285.31,1.21,N
49.72111,-121.31742,295.92,0.44,0.62,2026-08-13,0920,N,VIIRS,n,2.0NRT,283.9,1.57,N
49.72153,-121.33978,295.92,0.44,0.63,2026-08-13,0920,N,VIIRS,n,2.0NRT,283.69,1.37,N
49.72188,-121.36019,298.08,0.44,0.63,2026-08-13,0920,N,VIIRS,n,2.0NRT,284.33,1.71,N
49.72209,-121.37135,298.67,0.44,0.63,2026-08-13,0920,N,VIIRS,n,2.0NRT,284.59,1.24,N
49.72217,-121.37576,299.28,0.44,0.63,2026-08-13,0920,N,VIIRS,n,2.0NRT,284.49,1.24,N
49.72225,-121.38017,304.95,0.44,0.63,2026-08-13,0920,N,VIIRS,n,2.0NRT,285.38,1.36,N
49.72234,-121.38467,305.31,0.44,0.63,2026-08-13,0920,N,VIIRS,n,2.0NRT,285.12,1.36,N
49.72787,-121.36716,311.02,0.44,0.63,2026-08-13,0920,N,VIIRS,n,2.0NRT,284.89,1.71,N
49.72805,-121.37698,299.34,0.44,0.63,2026-08-13,0920,N,VIIRS,n,2.0NRT,285.51,1.24,N
49.72813,-121.38136,299.42,0.44,0.63,2026-08-13,0920,N,VIIRS,n,2.0NRT,285.29,1.36,N
49.80989,-121.11282,296.28,0.43,0.62,2026-08-13,0920,N,VIIRS,n,2.0NRT,276.19,1.16,N
49.81002,-121.11836,298.86,0.43,0.62,2026-08-13,0920,N,VIIRS,n,2.0NRT,281.81,1.16,N
49.81494,-121.11231,320.36,0.43,0.62,2026-08-13,0920,N,VIIRS,n,2.0NRT,282.94,2.36,N
49.81564,-121.11079,316.31,0.43,0.62,2026-08-13,0920,N,VIIRS,n,2.0NRT,282.49,1.16,N
49.81577,-121.1162,295.69,0.43,0.62,2026-08-13,0920,N,VIIRS,n,2.0NRT,280.78,1.16,N
49.82032,-121.09215,296.14,0.43,0.62,2026-08-13,0920,N,VIIRS,n,2.0NRT,279.17,2.67,N
49.82042,-121.09697,299.69,0.43,0.62,2026-08-13,0920,N,VIIRS,n,2.0NRT,283.42,1.74,N
49.8206,-121.10562,302.19,0.43,0.62,2026-08-13,0920,N,VIIRS,n,2.0NRT,283.74,1.66,N
49.82071,-121.11073,308.9,0.43,0.62,2026-08-13,0920,N,VIIRS,n,2.0NRT,283.21,1.66,N
49.82127,-121.13856,321.79,0.43,0.62,2026-08-13,0920,N,VIIRS,n,2.0NRT,282.74,2.52,N
49.82583,-121.07849,323.91,0.43,0.62,2026-08-13,0920,N,VIIRS,n,2.0NRT,282.62,5.09,N
49.82597,-121.08485,333.97,0.43,0.62,2026-08-13,0920,N,VIIRS,n,2.0NRT,284.24,2.67,N
49.82608,-121.09031,296.16,0.43,0.62,2026-08-13,0920,N,VIIRS,n,2.0NRT,282.16,2.67,N
49.82627,-121.09964,301.93,0.43,0.62,2026-08-13,0920,N,VIIRS,n,2.0NRT,283.93,1.74,N
49.82648,-121.10969,301.22,0.43,0.62,2026-08-13,0920,N,VIIRS,n,2.0NRT,284.33,1.66,N
49.82707,-121.13858,319.03,0.43,0.62,2026-08-13,0920,N,VIIRS,n,2.0NRT,278.89,2.52,N
49.83152,-121.07355,302.54,0.43,0.62,2026-08-13,0920,N,VIIRS,n,2.0NRT,281.78,8.17,N
49.83163,-121.07884,367.0,0.43,0.62,2026-08-13,0920,N,VIIRS,h,2.0NRT,293.72,8.17,N
49.83174,-121.08371,312.64,0.43,0.62,2026-08-13,0920,N,VIIRS,n,2.0NRT,284.21,14.65,N
49.8374,-121.07766,301.53,0.43,0.62,2026-08-13,0920,N,VIIRS,n,2.0NRT,284.1,8.17,N
49.83874,-121.14179,309.58,0.43,0.62,2026-08-13,0920,N,VIIRS,n,2.0NRT,283.63,2.17,N
49.83899,-121.15384,297.81,0.44,0.62,2026-08-13,0920,N,VIIRS,n,2.0NRT,282.58,1.54,N
49.8391,-121.15935,315.2,0.44,0.62,2026-08-13,0920,N,VIIRS,n,2.0NRT,284.44,1.54,N
49.84363,-121.09802,300.2,0.43,0.62,2026-08-13,0920,N,VIIRS,n,2.0NRT,282.94,1.05,N
49.84484,-121.15552,297.06,0.44,0.62,2026-08-13,0920,N,VIIRS,n,2.0NRT,281.66,1.72,N
49.84497,-121.16167,311.59,0.44,0.62,2026-08-13,0920,N,VIIRS,n,2.0NRT,281.33,1.72,N
49.84509,-121.16783,312.55,0.44,0.62,2026-08-13,0920,N,VIIRS,n,2.0NRT,279.96,3.55,N
49.84873,-121.06577,345.43,0.43,0.62,2026-08-13,0920,N,VIIRS,n,2.0NRT,285.97,5.54,N
49.84883,-121.07056,304.72,0.43,0.62,2026-08-13,0920,N,VIIRS,n,2.0NRT,284.68,5.55,N
49.84906,-121.08072,300.05,0.43,0.62,2026-08-13,0920,N,VIIRS,n,2.0NRT,283.92,1.01,N
49.84917,-121.08632,307.8,0.43,0.62,2026-08-13,0920,N,VIIRS,n,2.0NRT,283.22,1.01,N
49.8545,-121.06479,319.17,0.43,0.62,2026-08-13,0920,N,VIIRS,n,2.0NRT,286.51,2.1,N
49.86029,-121.06479,317.03,0.43,0.62,2026-08-13,0920,N,VIIRS,n,2.0NRT,284.84,2.1,N
49.86039,-121.06963,309.5,0.43,0.62,2026-08-13,0920,N,VIIRS,n,2.0NRT,284.21,3.63,N
49.86368,-121.52434,295.96,0.45,0.63,2026-08-13,0920,N,VIIRS,n,2.0NRT,284.11,0.44,N
49.86376,-121.52838,300.59,0.45,0.63,2026-08-13,0920,N,VIIRS,n,2.0NRT,285.66,1.23,N
49.86383,-121.53239,313.01,0.45,0.63,2026-08-13,0920,N,VIIRS,n,2.0NRT,285.35,1.23,N
49.86596,-121.05967,343.89,0.43,0.62,2026-08-13,0920,N,VIIRS,n,2.0NRT,283.46,14.45,N
49.86607,-121.06445,367.0,0.43,0.62,2026-08-13,0920,N,VIIRS,h,2.0NRT,293.39,14.45,N
49.86618,-121.06937,356.11,0.43,0.62,2026-08-13,0920,N,VIIRS,n,2.0NRT,287.81,15.27,N
49.86723,-121.11691,300.56,0.43,0.62,2026-08-13,0920,N,VIIRS,n,2.0NRT,283.58,1.15,N
49.87174,-121.05934,341.29,0.43,0.62,2026-08-13,0920,N,VIIRS,n,2.0NRT,284.71,14.45,N
49.87185,-121.06396,367.0,0.43,0.62,2026-08-13,0920,N,VIIRS,h,2.0NRT,293.0,14.45,N
49.87196,-121.06882,336.46,0.43,0.62,2026-08-13,0920,N,VIIRS,n,2.0NRT,290.18,15.27,N
49.87207,-121.07402,367.0,0.43,0.62,2026-08-13,0920,N,VIIRS,h,2.0NRT,288.52,15.27,N
49.87753,-121.05914,367.0,0.43,0.62,2026-08-13,0920,N,VIIRS,h,2.0NRT,287.44,8.59,N
49.87763,-121.0638,309.43,0.43,0.62,2026-08-13,0920,N,VIIRS,n,2.0NRT,283.75,8.59,N
49.87774,-121.06864,304.9,0.43,0.62,2026-08-13,0920,N,VIIRS,n,2.0NRT,284.39,1.85,N
49.87786,-121.07398,302.21,0.43,0.62,2026-08-13,0920,N,VIIRS,n,2.0NRT,282.77,1.85,N
49.88736,-121.52776,335.12,0.45,0.63,2026-08-13,0920,N,VIIRS,n,2.0NRT,285.11,4.37,N
49.88757,-121.53828,307.51,0.45,0.63,2026-08-13,0920,N,VIIRS,n,2.0NRT,284.4,4.89,N
49.90489,-121.51843,299.15,0.45,0.63,2026-08-13,0920,N,VIIRS,n,2.0NRT,282.08,0.52,N
49.90841,-121.52012,298.19,0.45,0.63,2026-08-13,0920,N,VIIRS,n,2.0NRT,282.5,0.68,N
50.08835,-121.20895,333.9,0.44,0.62,2026-08-13,0920,N,VIIRS,n,2.0NRT,285.29,4.91,N
50.09376,-121.18944,315.98,0.44,0.62,2026-08-13,0920,N,VIIRS,n,2.0NRT,278.84,2.86,N
50.09559,-121.27592,312.47,0.44,0.63,2026-08-13,0920,N,VIIRS,n,2.0NRT,278.0,1.8,N
50.10014,-121.27261,309.59,0.44,0.63,2026-08-13,0920,N,VIIRS,n,2.0NRT,279.23,1.93,N
50.10023,-121.27753,297.66,0.44,0.63,2026-08-13,0920,N,VIIRS,n,2.0NRT,277.02,1.03,N
50.1014,-121.27442,314.15,0.44,0.63,2026-08-13,0920,N,VIIRS,n,2.0NRT,278.93,1.74,N
49.68476,-121.15691,301.77,0.46,0.47,2026-08-13,1100,N,VIIRS,n,2.0NRT,279.86,1.3,N
49.68511,-121.15125,295.55,0.46,0.47,2026-08-13,1100,N,VIIRS,n,2.0NRT,281.66,5.08,N
49.68636,-121.1562,348.68,0.46,0.47,2026-08-13,1100,N,VIIRS,n,2.0NRT,284.73,5.08,N
49.68787,-121.15059,304.19,0.46,0.47,2026-08-13,1100,N,VIIRS,n,2.0NRT,283.86,2.29,N
49.68911,-121.15553,344.2,0.46,0.47,2026-08-13,1100,N,VIIRS,n,2.0NRT,285.55,5.09,N
49.69078,-121.15506,302.89,0.46,0.47,2026-08-13,1100,N,VIIRS,n,2.0NRT,282.05,2.02,N
49.69335,-121.16521,297.81,0.46,0.47,2026-08-13,1100,N,VIIRS,n,2.0NRT,284.41,1.3,N
49.69479,-121.15958,297.42,0.46,0.47,2026-08-13,1100,N,VIIRS,n,2.0NRT,284.06,5.09,N
49.69604,-121.18344,298.2,0.46,0.47,2026-08-13,1100,N,VIIRS,n,2.0NRT,283.32,1.09,N
49.69605,-121.16463,298.94,0.46,0.47,2026-08-13,1100,N,VIIRS,n,2.0NRT,285.39,1.75,N
49.69652,-121.15916,296.09,0.46,0.47,2026-08-13,1100,N,VIIRS,n,2.0NRT,283.37,1.3,N
49.69703,-121.20642,305.44,0.45,0.47,2026-08-13,1100,N,VIIRS,n,2.0NRT,282.36,1.16,N
49.69762,-121.18208,296.27,0.46,0.47,2026-08-13,1100,N,VIIRS,n,2.0NRT,282.0,1.01,N
49.69863,-121.20457,316.78,0.45,0.47,2026-08-13,1100,N,VIIRS,n,2.0NRT,285.15,2.51,N
49.69979,-121.21751,295.81,0.45,0.47,2026-08-13,1100,N,VIIRS,n,2.0NRT,283.9,0.83,N
49.7,-121.21001,299.36,0.45,0.47,2026-08-13,1100,N,VIIRS,n,2.0NRT,283.73,1.37,N
49.7007,-121.20229,303.4,0.45,0.47,2026-08-13,1100,N,VIIRS,n,2.0NRT,284.46,1.05,N
49.70208,-121.20787,301.33,0.45,0.47,2026-08-13,1100,N,VIIRS,n,2.0NRT,284.41,1.05,N
49.70267,-121.22915,296.24,0.45,0.47,2026-08-13,1100,N,VIIRS,n,2.0NRT,284.36,1.08,N
49.70865,-121.27216,324.73,0.45,0.47,2026-08-13,1100,N,VIIRS,n,2.0NRT,284.9,3.74,N
49.71062,-121.2705,324.32,0.45,0.47,2026-08-13,1100,N,VIIRS,n,2.0NRT,286.86,2.11,N
49.71196,-121.27577,301.24,0.45,0.47,2026-08-13,1100,N,VIIRS,n,2.0NRT,285.4,2.11,N
49.72221,-121.31641,301.42,0.45,0.47,2026-08-13,1100,N,VIIRS,n,2.0NRT,283.92,1.46,N
49.7238,-121.31462,301.02,0.45,0.47,2026-08-13,1100,N,VIIRS,n,2.0NRT,282.71,1.36,N
49.73185,-121.36606,311.01,0.45,0.47,2026-08-13,1100,N,VIIRS,n,2.0NRT,277.55,2.11,N
49.7499,-121.2967,297.76,0.45,0.47,2026-08-13,1100,N,VIIRS,n,2.0NRT,284.18,1.31,N
49.75398,-121.29438,309.23,0.45,0.47,2026-08-13,1100,N,VIIRS,n,2.0NRT,284.41,2.24,N
49.75581,-121.24579,325.33,0.45,0.47,2026-08-13,1100,N,VIIRS,n,2.0NRT,286.07,2.13,N
49.75711,-121.25101,296.88,0.45,0.47,2026-08-13,1100,N,VIIRS,n,2.0NRT,284.45,2.13,N
49.76372,-121.25877,298.44,0.45,0.47,2026-08-13,1100,N,VIIRS,n,2.0NRT,285.09,2.5,N
49.76516,-121.24586,296.21,0.45,0.47,2026-08-13,1100,N,VIIRS,n,2.0NRT,284.25,1.1,N
49.76781,-121.23779,298.48,0.45,0.47,2026-08-13,1100,N,VIIRS,n,2.0NRT,284.72,0.83,N
49.77064,-121.24908,325.74,0.45,0.47,2026-08-13,1100,N,VIIRS,n,2.0NRT,287.17,2.38,N
49.77193,-121.23557,295.77,0.45,0.47,2026-08-13,1100,N,VIIRS,n,2.0NRT,282.54,0.83,N
49.77231,-121.25578,300.36,0.45,0.47,2026-08-13,1100,N,VIIRS,n,2.0NRT,283.92,2.38,N
49.77346,-121.24171,297.84,0.45,0.47,2026-08-13,1100,N,VIIRS,n,2.0NRT,284.28,0.83,N
49.79031,-121.27193,296.96,0.45,0.47,2026-08-13,1100,N,VIIRS,n,2.0NRT,284.18,0.93,N
49.80417,-121.27152,297.67,0.45,0.47,2026-08-13,1100,N,VIIRS,n,2.0NRT,283.31,1.57,N
49.80798,-121.18578,308.88,0.45,0.47,2026-08-13,1100,N,VIIRS,n,2.0NRT,270.43,3.41,N
49.80922,-121.19073,335.02,0.45,0.47,2026-08-13,1100,N,VIIRS,n,2.0NRT,279.67,3.41,N
49.81044,-121.18394,325.5,0.45,0.47,2026-08-13,1100,N,VIIRS,n,2.0NRT,278.33,4.11,N
49.81175,-121.18923,338.09,0.45,0.47,2026-08-13,1100,N,VIIRS,n,2.0NRT,284.65,3.06,N
49.81204,-121.18335,314.1,0.45,0.47,2026-08-13,1100,N,VIIRS,n,2.0NRT,276.1,2.23,N
49.81289,-121.19381,295.55,0.45,0.47,2026-08-13,1100,N,VIIRS,n,2.0NRT,269.3,3.06,N
49.81338,-121.18864,317.92,0.45,0.47,2026-08-13,1100,N,VIIRS,n,2.0NRT,277.33,2.23,N
49.81452,-121.19318,297.24,0.45,0.47,2026-08-13,1100,N,VIIRS,n,2.0NRT,270.97,1.03,N
49.81548,-121.50408,301.27,0.44,0.46,2026-08-13,1100,N,VIIRS,n,2.0NRT,283.39,0.88,N
49.82409,-121.19405,312.74,0.45,0.47,2026-08-13,1100,N,VIIRS,n,2.0NRT,276.2,2.6,N
49.82521,-121.19847,319.02,0.45,0.47,2026-08-13,1100,N,VIIRS,n,2.0NRT,284.74,5.04,N
49.8283,-121.19218,332.64,0.45,0.47,2026-08-13,1100,N,VIIRS,n,2.0NRT,284.48,2.6,N
49.82938,-121.19647,336.84,0.45,0.47,2026-08-13,1100,N,VIIRS,n,2.0NRT,288.97,5.04,N
49.83054,-121.20112,330.58,0.45,0.47,2026-08-13,1100,N,VIIRS,n,2.0NRT,282.73,5.04,N
49.83144,-121.07436,301.81,0.46,0.47,2026-08-13,1100,N,VIIRS,n,2.0NRT,273.25,1.75,N
49.83244,-121.19007,295.69,0.45,0.47,2026-08-13,1100,N,VIIRS,n,2.0NRT,277.55,1.01,N
49.83353,-121.19443,308.36,0.45,0.47,2026-08-13,1100,N,VIIRS,n,2.0NRT,285.35,3.79,N
49.83466,-121.19892,343.2,0.45,0.47,2026-08-13,1100,N,VIIRS,n,2.0NRT,290.41,3.79,N
49.83762,-121.13625,304.47,0.45,0.47,2026-08-13,1100,N,VIIRS,n,2.0NRT,282.18,2.53,N
49.83763,-121.19212,296.03,0.45,0.47,2026-08-13,1100,N,VIIRS,n,2.0NRT,280.02,3.79,N
49.83908,-121.14207,319.35,0.45,0.47,2026-08-13,1100,N,VIIRS,n,2.0NRT,283.07,2.53,N
49.84491,-121.1653,315.76,0.45,0.47,2026-08-13,1100,N,VIIRS,n,2.0NRT,284.17,2.21,N
49.86549,-121.06038,339.99,0.46,0.47,2026-08-13,1100,N,VIIRS,n,2.0NRT,286.77,6.2,N
49.86726,-121.06745,330.48,0.46,0.47,2026-08-13,1100,N,VIIRS,n,2.0NRT,285.87,6.2,N
49.86897,-121.07433,302.96,0.46,0.47,2026-08-13,1100,N,VIIRS,n,2.0NRT,280.49,8.23,N
49.8695,-121.05759,319.2,0.46,0.47,2026-08-13,1100,N,VIIRS,n,2.0NRT,283.74,6.2,N
49.87126,-121.06469,337.93,0.46,0.47,2026-08-13,1100,N,VIIRS,n,2.0NRT,290.7,6.2,N
49.87299,-121.07163,345.22,0.46,0.47,2026-08-13,1100,N,VIIRS,n,2.0NRT,289.63,8.23,N
49.87522,-121.06173,342.24,0.46,0.47,2026-08-13,1100,N,VIIRS,n,2.0NRT,288.18,7.05,N
49.87697,-121.0688,306.77,0.46,0.47,2026-08-13,1100,N,VIIRS,n,2.0NRT,285.02,2.64,N
49.87916,-121.05872,315.94,0.46,0.47,2026-08-13,1100,N,VIIRS,n,2.0NRT,284.15,7.05,N
49.8807,-121.52621,302.48,0.44,0.46,2026-08-13,1100,N,VIIRS,n,2.0NRT,286.18,2.2,N
49.88519,-121.52586,311.94,0.44,0.46,2026-08-13,1100,N,VIIRS,n,2.0NRT,285.38,2.79,N
49.88644,-121.53098,338.59,0.44,0.46,2026-08-13,1100,N,VIIRS,n,2.0NRT,288.3,6.4,N
49.88736,-121.52031,312.78,0.44,0.46,2026-08-13,1100,N,VIIRS,n,2.0NRT,282.11,0.76,N
49.88832,-121.51994,316.96,0.44,0.46,2026-08-13,1100,N,VIIRS,n,2.0NRT,282.33,2.79,N
49.88863,-121.52539,320.09,0.44,0.46,2026-08-13,1100,N,VIIRS,n,2.0NRT,284.79,5.66,N
49.8896,-121.52515,321.45,0.44,0.46,2026-08-13,1100,N,VIIRS,n,2.0NRT,285.12,2.79,N
49.88997,-121.53076,339.19,0.44,0.46,2026-08-13,1100,N,VIIRS,n,2.0NRT,286.74,5.66,N
49.89093,-121.53061,331.9,0.44,0.46,2026-08-13,1100,N,VIIRS,n,2.0NRT,284.5,6.4,N
49.89146,-121.51829,295.14,0.44,0.46,2026-08-13,1100,N,VIIRS,n,2.0NRT,282.85,0.76,N
49.89767,-121.13329,309.69,0.45,0.47,2026-08-13,1100,N,VIIRS,n,2.0NRT,283.4,2.2,N
49.89799,-121.48912,296.34,0.44,0.46,2026-08-13,1100,N,VIIRS,n,2.0NRT,284.74,0.92,N
49.89989,-121.12337,321.61,0.45,0.47,2026-08-13,1100,N,VIIRS,n,2.0NRT,284.99,2.54,N
49.90157,-121.13017,306.61,0.45,0.47,2026-08-13,1100,N,VIIRS,n,2.0NRT,284.83,2.54,N
49.90178,-121.12189,303.4,0.45,0.47,2026-08-13,1100,N,VIIRS,n,2.0NRT,284.14,1.98,N
49.90348,-121.12861,302.39,0.45,0.47,2026-08-13,1100,N,VIIRS,n,2.0NRT,283.24,2.81,N
49.90383,-121.12041,306.94,0.45,0.47,2026-08-13,1100,N,VIIRS,n,2.0NRT,284.77,2.54,N
49.90602,-121.52142,312.69,0.44,0.46,2026-08-13,1100,N,VIIRS,n,2.0NRT,284.65,0.92,N
50.08952,-121.2114,303.36,0.44,0.46,2026-08-13,1100,N,VIIRS,n,2.0NRT,281.1,1.67,N
50.10046,-121.2739,301.09,0.44,0.46,2026-08-13,1100,N,VIIRS,n,2.0NRT,281.06,1.64,N
50.12697,-121.17561,304.27,0.44,0.46,2026-08-13,1100,N,VIIRS,n,2.0NRT,282.88,1.03,N
50.13222,-121.17809,300.74,0.44,0.46,2026-08-13,1100,N,VIIRS,n,2.0NRT,283.7,0.96,N
50.16183,-121.15366,315.38,0.44,0.46,2026-08-13,1100,N,VIIRS,n,2.0NRT,286.68,2.44,N
49.71669,-121.35301,332.33,0.41,0.37,2026-08-13,2049,N,VIIRS,n,2.0NRT,296.11,6.27,D
49.71783,-121.3466,331.79,0.41,0.37,2026-08-13,2049,N,VIIRS,n,2.0NRT,293.33,6.27,D
49.71891,-121.36067,331.45,0.41,0.37,2026-08-13,2049,N,VIIRS,n,2.0NRT,294.82,2.96,D
49.72001,-121.35454,347.73,0.41,0.37,2026-08-13,2049,N,VIIRS,n,2.0NRT,298.43,6.27,D
49.72002,-121.33443,344.33,0.41,0.37,2026-08-13,2049,N,VIIRS,n,2.0NRT,292.74,10.9,D
49.7217,-121.38089,327.98,0.41,0.37,2026-08-13,2049,N,VIIRS,n,2.0NRT,296.07,3.37,D
49.72227,-121.34184,344.31,0.41,0.37,2026-08-13,2049,N,VIIRS,n,2.0NRT,295.62,10.9,D
49.72264,-121.37571,327.74,0.41,0.37,2026-08-13,2049,N,VIIRS,n,2.0NRT,296.27,7.12,D
49.72289,-121.31859,333.24,0.41,0.37,2026-08-13,2049,N,VIIRS,n,2.0NRT,292.38,4.02,D
49.72364,-121.37421,332.54,0.41,0.37,2026-08-13,2049,N,VIIRS,n,2.0NRT,297.31,5.82,D
49.72459,-121.36902,325.7,0.41,0.37,2026-08-13,2049,N,VIIRS,n,2.0NRT,295.62,4.34,D
49.72503,-121.38239,336.65,0.41,0.37,2026-08-13,2049,N,VIIRS,n,2.0NRT,297.07,3.37,D
49.7256,-121.3433,331.47,0.41,0.37,2026-08-13,2049,N,VIIRS,n,2.0NRT,293.16,4.73,D
49.73307,-121.39743,331.03,0.41,0.37,2026-08-13,2049,N,VIIRS,n,2.0NRT,297.56,4.85,D
49.73404,-121.39209,346.93,0.41,0.37,2026-08-13,2049,N,VIIRS,n,2.0NRT,298.49,5.65,D
49.73637,-121.39902,338.02,0.41,0.37,2026-08-13,2049,N,VIIRS,n,2.0NRT,296.45,4.85,D
49.73738,-121.39354,325.28,0.41,0.37,2026-08-13,2049,N,VIIRS,n,2.0NRT,294.43,5.65,D
49.73967,-121.40066,331.32,0.41,0.37,2026-08-13,2049,N,VIIRS,n,2.0NRT,295.01,3.32,D
49.74625,-121.40403,331.52,0.41,0.37,2026-08-13,2049,N,VIIRS,n,2.0NRT,296.5,4.25,D
49.74733,-121.39814,327.39,0.41,0.37,2026-08-13,2049,N,VIIRS,n,2.0NRT,296.14,6.48,D
49.74953,-121.40572,339.28,0.41,0.37,2026-08-13,2049,N,VIIRS,n,2.0NRT,297.52,4.25,D
49.75283,-121.40735,348.37,0.41,0.37,2026-08-13,2049,N,VIIRS,n,2.0NRT,299.55,11.4,D
49.80743,-121.10612,330.24,0.41,0.37,2026-08-13,2049,N,VIIRS,n,2.0NRT,292.06,12.88,D
49.80841,-121.10065,343.98,0.41,0.37,2026-08-13,2049,N,VIIRS,n,2.0NRT,294.97,13.73,D
49.81078,-121.10737,355.07,0.41,0.37,2026-08-13,2049,N,VIIRS,n,2.0NRT,297.74,12.88,D
49.81174,-121.10197,367.0,0.41,0.37,2026-08-13,2049,N,VIIRS,h,2.0NRT,296.66,13.73,D
49.81315,-121.11401,339.79,0.41,0.37,2026-08-13,2049,N,VIIRS,n,2.0NRT,286.39,3.62,D
49.81413,-121.10858,333.16,0.41,0.37,2026-08-13,2049,N,VIIRS,n,2.0NRT,289.58,3.62,D
49.81747,-121.10984,342.87,0.41,0.37,2026-08-13,2049,N,VIIRS,n,2.0NRT,280.46,3.62,D
49.82031,-121.09398,347.11,0.41,0.37,2026-08-13,2049,N,VIIRS,n,2.0NRT,291.42,6.68,D
49.82355,-121.13566,335.22,0.41,0.37,2026-08-13,2049,N,VIIRS,n,2.0NRT,293.14,3.63,D
49.82647,-121.11938,328.64,0.41,0.37,2026-08-13,2049,N,VIIRS,n,2.0NRT,295.01,3.59,D
49.8404,-121.16115,345.91,0.41,0.37,2026-08-13,2049,N,VIIRS,n,2.0NRT,295.31,12.86,D
49.84136,-121.15577,327.03,0.41,0.37,2026-08-13,2049,N,VIIRS,n,2.0NRT,295.0,12.86,D
49.84367,-121.16279,344.35,0.41,0.37,2026-08-13,2049,N,VIIRS,n,2.0NRT,304.12,12.86,D
49.85038,-121.06543,351.39,0.4,0.37,2026-08-13,2049,N,VIIRS,n,2.0NRT,300.66,13.92,D
49.85958,-121.5256,338.04,0.41,0.37,2026-08-13,2049,N,VIIRS,n,2.0NRT,298.21,5.34,D
49.86035,-121.06947,334.64,0.4,0.37,2026-08-13,2049,N,VIIRS,n,2.0NRT,290.75,4.56,D
49.86129,-121.06419,343.47,0.4,0.37,2026-08-13,2049,N,VIIRS,n,2.0NRT,294.35,7.61,D
49.86366,-121.07087,346.86,0.4,0.37,2026-08-13,2049,N,VIIRS,n,2.0NRT,308.13,30.19,D
49.86461,-121.06555,353.89,0.4,0.37,2026-08-13,2049,N,VIIRS,n,2.0NRT,298.24,33.67,D
49.86556,-121.06024,348.64,0.4,0.37,2026-08-13,2049,N,VIIRS,n,2.0NRT,316.03,33.67,D
49.86651,-121.05492,326.91,0.4,0.37,2026-08-13,2049,N,VIIRS,n,2.0NRT,285.34,17.51,D
49.86699,-121.07222,334.8,0.4,0.37,2026-08-13,2049,N,VIIRS,n,2.0NRT,292.68,30.19,D
49.86794,-121.06689,349.42,0.4,0.37,2026-08-13,2049,N,VIIRS,n,2.0NRT,299.16,33.67,D
49.86983,-121.0563,332.24,0.4,0.37,2026-08-13,2049,N,VIIRS,n,2.0NRT,301.81,17.51,D
49.8703,-121.07357,367.0,0.4,0.37,2026-08-13,2049,N,VIIRS,h,2.0NRT,304.23,109.64,D
49.87126,-121.06823,330.69,0.4,0.37,2026-08-13,2049,N,VIIRS,n,2.0NRT,286.87,16.68,D
49.87169,-121.08584,331.51,0.4,0.37,2026-08-13,2049,N,VIIRS,n,2.0NRT,281.12,4.32,D
49.87265,-121.08041,367.0,0.4,0.37,2026-08-13,2049,N,VIIRS,h,2.0NRT,326.72,109.64,D
49.87315,-121.05767,336.0,0.4,0.37,2026-08-13,2049,N,VIIRS,n,2.0NRT,289.43,8.87,D
49.87362,-121.07498,367.0,0.4,0.37,2026-08-13,2049,N,VIIRS,h,2.0NRT,339.34,109.64,D
49.88501,-121.05105,336.67,0.4,0.37,2026-08-13,2049,N,VIIRS,n,2.0NRT,290.3,2.58,D
49.88598,-121.04559,331.67,0.4,0.37,2026-08-13,2049,N,VIIRS,n,2.0NRT,288.8,2.58,D
50.08493,-121.20668,336.73,0.4,0.37,2026-08-13,2049,N,VIIRS,n,2.0NRT,292.46,32.01,D
50.0856,-121.20452,333.66,0.4,0.37,2026-08-13,2049,N,VIIRS,n,2.0NRT,287.51,47.89,D
50.09459,-121.19272,344.57,0.4,0.37,2026-08-13,2049,N,VIIRS,n,2.0NRT,289.12,5.26,D
50.09556,-121.18728,346.16,0.4,0.37,2026-08-13,2049,N,VIIRS,n,2.0NRT,295.45,9.61,D
50.09888,-121.18864,345.36,0.4,0.37,2026-08-13,2049,N,VIIRS,n,2.0NRT,292.0,9.61,D
50.1283,-121.18361,328.51,0.4,0.37,2026-08-13,2049,N,VIIRS,n,2.0NRT,292.23,1.7,D
50.12928,-121.1781,325.82,0.4,0.37,2026-08-13,2049,N,VIIRS,n,2.0NRT,291.79,2.7,D
50.13256,-121.1797,339.02,0.4,0.37,2026-08-13,2049,N,VIIRS,n,2.0NRT,293.84,4.45,D
49.68927,-121.19386,298.49,0.71,0.75,2026-08-14,0902,N,VIIRS,n,2.0NRT,280.89,3.19,N
49.69238,-121.20097,300.49,0.71,0.75,2026-08-14,0902,N,VIIRS,n,2.0NRT,281.33,4.09,N
49.69253,-121.19301,299.1,0.71,0.75,2026-08-14,0902,N,VIIRS,n,2.0NRT,281.11,2.66,N
49.8179,-121.11098,300.61,0.7,0.75,2026-08-14,0902,N,VIIRS,n,2.0NRT,279.73,1.27,N
49.83307,-121.21179,298.14,0.71,0.75,2026-08-14,0902,N,VIIRS,n,2.0NRT,277.77,3.71,N
49.83603,-121.0754,302.57,0.7,0.75,2026-08-14,0902,N,VIIRS,n,2.0NRT,281.23,2.67,N
49.84688,-121.06087,306.86,0.7,0.75,2026-08-14,0902,N,VIIRS,n,2.0NRT,280.06,1.95,N
49.85029,-121.06562,299.6,0.7,0.75,2026-08-14,0902,N,VIIRS,n,2.0NRT,280.36,3.25,N
49.8642,-121.0732,302.59,0.7,0.75,2026-08-14,0902,N,VIIRS,n,2.0NRT,281.24,3.63,N
49.87106,-121.08173,301.21,0.7,0.75,2026-08-14,0902,N,VIIRS,n,2.0NRT,280.38,4.43,N
50.09871,-121.18866,295.06,0.71,0.75,2026-08-14,0902,N,VIIRS,n,2.0NRT,279.56,1.22,N
49.91821,-121.54204,303.57,0.45,0.39,2026-08-14,1041,N,VIIRS,n,2.0NRT,281.77,1.16,N
49.9195,-121.54849,299.48,0.45,0.39,2026-08-14,1041,N,VIIRS,n,2.0NRT,280.74,1.16,N
50.0852,-121.2053,299.21,0.45,0.39,2026-08-14,1041,N,VIIRS,n,2.0NRT,282.6,1.2,N
50.08871,-121.20395,296.35,0.45,0.39,2026-08-14,1041,N,VIIRS,n,2.0NRT,282.14,0.96,N
50.08996,-121.21011,298.43,0.45,0.39,2026-08-14,1041,N,VIIRS,n,2.0NRT,283.5,0.96,N
50.09311,-121.18809,304.68,0.45,0.39,2026-08-14,1041,N,VIIRS,n,2.0NRT,283.77,2.08,N
50.09441,-121.19453,299.88,0.45,0.39,2026-08-14,1041,N,VIIRS,n,2.0NRT,283.07,2.08,N
50.09658,-121.18649,330.47,0.45,0.39,2026-08-14,1041,N,VIIRS,n,2.0NRT,283.85,2.08,N
50.10004,-121.18479,314.96,0.45,0.39,2026-08-14,1041,N,VIIRS,n,2.0NRT,282.31,2.35,N
50.12838,-121.18406,313.9,0.45,0.39,2026-08-14,1041,N,VIIRS,n,2.0NRT,282.11,1.43,N
50.12879,-121.25253,298.9,0.45,0.39,2026-08-14,1041,N,VIIRS,n,2.0NRT,280.53,0.69,N
50.13058,-121.17623,300.75,0.45,0.39,2026-08-14,1041,N,VIIRS,n,2.0NRT,281.44,1.43,N
50.13179,-121.18214,309.03,0.45,0.39,2026-08-14,1041,N,VIIRS,n,2.0NRT,282.81,1.43,N
50.15885,-121.091,297.37,0.46,0.39,2026-08-14,1041,N,VIIRS,n,2.0NRT,283.55,0.74,N
50.16019,-121.09757,296.8,0.46,0.39,2026-08-14,1041,N,VIIRS,n,2.0NRT,283.34,0.74,N
49.71052,-121.35217,338.47,0.57,0.43,2026-08-14,2029,N,VIIRS,n,2.0NRT,303.63,41.92,D
49.71305,-121.34092,331.83,0.57,0.43,2026-08-14,2029,N,VIIRS,n,2.0NRT,291.65,30.11,D
49.72,-121.36694,347.96,0.57,0.43,2026-08-14,2029,N,VIIRS,n,2.0NRT,301.03,25.18,D
49.74301,-121.40351,342.86,0.57,0.43,2026-08-14,2029,N,VIIRS,n,2.0NRT,296.89,9.15,D
49.74649,-121.40702,344.76,0.57,0.43,2026-08-14,2029,N,VIIRS,n,2.0NRT,296.84,9.15,D
49.74996,-121.41051,327.74,0.57,0.43,2026-08-14,2029,N,VIIRS,n,2.0NRT,295.8,3.05,D
49.7536,-121.29317,333.94,0.57,0.43,2026-08-14,2029,N,VIIRS,n,2.0NRT,295.02,8.24,D
49.75533,-121.29412,338.17,0.56,0.43,2026-08-14,2029,N,VIIRS,n,2.0NRT,298.13,8.56,D
49.80831,-121.53049,333.45,0.38,0.43,2026-08-14,2029,N,VIIRS,n,2.0NRT,292.35,4.29,D
49.80935,-121.52591,342.27,0.38,0.43,2026-08-14,2029,N,VIIRS,n,2.0NRT,297.06,9.97,D
49.81042,-121.52838,353.42,0.38,0.43,2026-08-14,2029,N,VIIRS,n,2.0NRT,295.59,6.71,D
49.8355,-121.07167,336.16,0.55,0.43,2026-08-14,2029,N,VIIRS,n,2.0NRT,294.55,5.09,D
49.83933,-121.07336,325.85,0.55,0.43,2026-08-14,2029,N,VIIRS,n,2.0NRT,289.61,5.09,D
49.84033,-121.16254,346.33,0.56,0.43,2026-08-14,2029,N,VIIRS,n,2.0NRT,299.41,15.54,D
49.84394,-121.16523,340.94,0.56,0.43,2026-08-14,2029,N,VIIRS,n,2.0NRT,295.08,15.54,D
49.85009,-121.06289,342.44,0.55,0.43,2026-08-14,2029,N,VIIRS,n,2.0NRT,292.64,8.72,D
49.85732,-121.52973,341.25,0.57,0.43,2026-08-14,2029,N,VIIRS,n,2.0NRT,299.9,6.32,D
49.86127,-121.53122,330.69,0.57,0.43,2026-08-14,2029,N,VIIRS,n,2.0NRT,294.47,5.41,D
49.88115,-121.05549,334.21,0.55,0.43,2026-08-14,2029,N,VIIRS,n,2.0NRT,294.95,8.9,D
49.8865,-121.05032,344.17,0.55,0.43,2026-08-14,2029,N,VIIRS,n,2.0NRT,296.69,8.9,D
49.89315,-121.13362,326.51,0.55,0.43,2026-08-14,2029,N,VIIRS,n,2.0NRT,289.89,3.53,D
49.89406,-121.12671,308.74,0.55,0.43,2026-08-14,2029,N,VIIRS,l,2.0NRT,321.24,65.83,D
49.89463,-121.127,367.0,0.55,0.43,2026-08-14,2029,N,VIIRS,h,2.0NRT,326.97,125.02,D
49.89557,-121.12006,332.25,0.55,0.43,2026-08-14,2029,N,VIIRS,n,2.0NRT,293.25,46.24,D
49.89611,-121.12032,334.56,0.55,0.43,2026-08-14,2029,N,VIIRS,n,2.0NRT,294.79,125.02,D
49.89634,-121.13528,329.87,0.55,0.43,2026-08-14,2029,N,VIIRS,n,2.0NRT,290.76,65.83,D
49.89692,-121.13557,326.24,0.55,0.43,2026-08-14,2029,N,VIIRS,n,2.0NRT,290.56,5.12,D
49.89783,-121.12868,337.89,0.55,0.43,2026-08-14,2029,N,VIIRS,n,2.0NRT,298.42,65.83,D
49.8984,-121.12897,351.05,0.55,0.43,2026-08-14,2029,N,VIIRS,n,2.0NRT,296.36,20.13,D
49.89934,-121.12202,336.29,0.55,0.43,2026-08-14,2029,N,VIIRS,n,2.0NRT,293.43,46.24,D
49.89988,-121.12231,341.55,0.55,0.43,2026-08-14,2029,N,VIIRS,n,2.0NRT,294.91,20.13,D
49.9031,-121.12401,352.37,0.55,0.43,2026-08-14,2029,N,VIIRS,n,2.0NRT,299.72,21.18,D
49.90364,-121.12431,349.44,0.55,0.43,2026-08-14,2029,N,VIIRS,n,2.0NRT,298.09,20.13,D
50.15623,-121.0956,333.46,0.54,0.42,2026-08-14,2029,N,VIIRS,n,2.0NRT,295.29,4.79,D
49.70781,-121.35519,355.16,0.54,0.67,2026-08-14,2210,N,VIIRS,n,2.0NRT,299.63,45.98,D
49.70782,-121.35008,350.29,0.54,0.68,2026-08-14,2210,N,VIIRS,n,2.0NRT,307.74,45.98,D
49.70782,-121.34589,367.0,0.54,0.68,2026-08-14,2210,N,VIIRS,h,2.0NRT,295.32,49.73,D
49.71415,-121.35122,325.01,0.54,0.68,2026-08-14,2210,N,VIIRS,n,2.0NRT,295.24,13.77,D
49.71416,-121.34735,350.32,0.54,0.68,2026-08-14,2210,N,VIIRS,n,2.0NRT,301.79,33.5,D
49.71417,-121.34328,367.0,0.54,0.68,2026-08-14,2210,N,VIIRS,h,2.0NRT,295.61,33.5,D
49.77723,-121.40597,355.49,0.53,0.67,2026-08-14,2210,N,VIIRS,n,2.0NRT,296.51,8.25,D
49.77948,-121.40726,367.0,0.53,0.67,2026-08-14,2210,N,VIIRS,h,2.0NRT,297.42,11.73,D
49.68435,-121.15194,295.27,0.38,0.36,2026-08-15,1024,N,VIIRS,n,2.0NRT,279.99,0.38,N
49.69853,-121.2187,314.67,0.38,0.36,2026-08-15,1024,N,VIIRS,n,2.0NRT,282.92,1.73,N
49.70009,-121.20698,296.02,0.38,0.36,2026-08-15,1024,N,VIIRS,n,2.0NRT,283.75,1.38,N
49.70473,-121.34398,308.68,0.38,0.36,2026-08-15,1024,N,VIIRS,n,2.0NRT,281.09,0.85,N
49.70555,-121.34923,345.01,0.38,0.36,2026-08-15,1024,N,VIIRS,n,2.0NRT,282.27,2.16,N
49.70638,-121.35447,310.13,0.38,0.36,2026-08-15,1024,N,VIIRS,n,2.0NRT,277.77,2.16,N
49.70716,-121.3375,299.52,0.38,0.36,2026-08-15,1024,N,VIIRS,n,2.0NRT,280.93,0.85,N
49.70798,-121.34275,302.63,0.38,0.36,2026-08-15,1024,N,VIIRS,n,2.0NRT,281.0,0.85,N
49.70805,-121.36495,316.75,0.38,0.36,2026-08-15,1024,N,VIIRS,n,2.0NRT,279.08,0.98,N
49.70881,-121.348,300.46,0.38,0.36,2026-08-15,1024,N,VIIRS,n,2.0NRT,279.9,2.16,N
49.70889,-121.37018,311.99,0.38,0.36,2026-08-15,1024,N,VIIRS,n,2.0NRT,279.51,1.13,N
49.70964,-121.35324,298.97,0.38,0.36,2026-08-15,1024,N,VIIRS,n,2.0NRT,280.94,2.16,N
49.71042,-121.33629,306.24,0.38,0.36,2026-08-15,1024,N,VIIRS,n,2.0NRT,282.27,1.13,N
49.71124,-121.34152,308.35,0.38,0.36,2026-08-15,1024,N,VIIRS,n,2.0NRT,281.38,1.13,N
49.7113,-121.36372,301.98,0.38,0.36,2026-08-15,1024,N,VIIRS,n,2.0NRT,279.69,0.98,N
49.71138,-121.38588,301.74,0.38,0.36,2026-08-15,1024,N,VIIRS,n,2.0NRT,283.81,2.29,N
49.71207,-121.34676,302.54,0.38,0.36,2026-08-15,1024,N,VIIRS,n,2.0NRT,280.79,0.85,N
49.71213,-121.36893,302.25,0.38,0.36,2026-08-15,1024,N,VIIRS,n,2.0NRT,279.35,1.13,N
49.7145,-121.34029,308.64,0.38,0.36,2026-08-15,1024,N,VIIRS,n,2.0NRT,282.24,1.13,N
49.71455,-121.36247,296.66,0.38,0.36,2026-08-15,1024,N,VIIRS,n,2.0NRT,280.72,0.45,N
49.71464,-121.38464,340.14,0.38,0.36,2026-08-15,1024,N,VIIRS,n,2.0NRT,290.25,2.29,N
49.71532,-121.34554,301.76,0.38,0.36,2026-08-15,1024,N,VIIRS,n,2.0NRT,280.98,0.85,N
49.71539,-121.36772,306.57,0.38,0.36,2026-08-15,1024,N,VIIRS,n,2.0NRT,282.63,1.19,N
49.71547,-121.38989,299.04,0.38,0.36,2026-08-15,1024,N,VIIRS,n,2.0NRT,284.31,1.96,N
49.71622,-121.37296,303.98,0.38,0.36,2026-08-15,1024,N,VIIRS,n,2.0NRT,282.55,1.19,N
49.7178,-121.36124,295.88,0.38,0.36,2026-08-15,1024,N,VIIRS,n,2.0NRT,281.34,0.45,N
49.71789,-121.38342,332.71,0.38,0.36,2026-08-15,1024,N,VIIRS,n,2.0NRT,289.0,3.58,N
49.71864,-121.36649,325.34,0.38,0.36,2026-08-15,1024,N,VIIRS,n,2.0NRT,285.54,1.19,N
49.71873,-121.38866,310.14,0.38,0.36,2026-08-15,1024,N,VIIRS,n,2.0NRT,284.59,2.29,N
49.71877,-121.41089,333.51,0.38,0.36,2026-08-15,1024,N,VIIRS,n,2.0NRT,287.07,4.02,N
49.71947,-121.37173,302.91,0.38,0.36,2026-08-15,1024,N,VIIRS,n,2.0NRT,285.07,1.19,N
49.71959,-121.41615,329.93,0.38,0.36,2026-08-15,1024,N,VIIRS,n,2.0NRT,287.45,4.02,N
49.72017,-121.33259,306.74,0.38,0.36,2026-08-15,1024,N,VIIRS,n,2.0NRT,281.12,0.77,N
49.721,-121.33782,299.43,0.38,0.36,2026-08-15,1024,N,VIIRS,n,2.0NRT,280.3,0.77,N
49.72203,-121.40966,352.16,0.38,0.36,2026-08-15,1024,N,VIIRS,n,2.0NRT,299.71,23.78,N
49.72272,-121.37049,301.78,0.38,0.36,2026-08-15,1024,N,VIIRS,n,2.0NRT,284.98,0.89,N
49.72285,-121.41492,341.17,0.38,0.36,2026-08-15,1024,N,VIIRS,n,2.0NRT,291.13,23.78,N
49.72356,-121.37574,302.94,0.38,0.36,2026-08-15,1024,N,VIIRS,n,2.0NRT,285.61,1.04,N
49.72368,-121.42017,346.25,0.38,0.36,2026-08-15,1024,N,VIIRS,n,2.0NRT,288.07,22.91,N
49.72523,-121.38621,304.48,0.38,0.36,2026-08-15,1024,N,VIIRS,n,2.0NRT,286.15,1.22,N
49.72529,-121.40842,349.75,0.38,0.36,2026-08-15,1024,N,VIIRS,n,2.0NRT,294.56,23.78,N
49.72591,-121.34707,312.24,0.38,0.36,2026-08-15,1024,N,VIIRS,n,2.0NRT,282.83,1.02,N
49.72612,-121.41366,351.54,0.38,0.36,2026-08-15,1024,N,VIIRS,n,2.0NRT,303.93,23.78,N
49.72694,-121.41892,338.89,0.38,0.36,2026-08-15,1024,N,VIIRS,n,2.0NRT,301.53,22.91,N
49.72855,-121.40717,354.37,0.38,0.36,2026-08-15,1024,N,VIIRS,n,2.0NRT,297.41,11.51,N
49.72913,-121.34586,299.31,0.38,0.36,2026-08-15,1024,N,VIIRS,n,2.0NRT,283.3,1.02,N
49.72937,-121.41243,341.16,0.38,0.36,2026-08-15,1024,N,VIIRS,n,2.0NRT,301.48,11.51,N
49.7302,-121.4177,355.56,0.38,0.36,2026-08-15,1024,N,VIIRS,n,2.0NRT,306.17,19.14,N
49.73098,-121.40068,308.85,0.38,0.36,2026-08-15,1024,N,VIIRS,n,2.0NRT,285.78,2.74,N
49.73173,-121.38376,298.45,0.38,0.36,2026-08-15,1024,N,VIIRS,n,2.0NRT,285.75,0.9,N
49.7318,-121.40594,351.41,0.38,0.36,2026-08-15,1024,N,VIIRS,n,2.0NRT,297.22,11.51,N
49.73256,-121.38899,310.62,0.38,0.36,2026-08-15,1024,N,VIIRS,n,2.0NRT,286.89,0.9,N
49.73263,-121.4112,338.92,0.38,0.36,2026-08-15,1024,N,VIIRS,n,2.0NRT,295.47,11.51,N
49.7334,-121.39423,302.46,0.38,0.36,2026-08-15,1024,N,VIIRS,n,2.0NRT,286.25,2.02,N
49.73345,-121.41647,356.24,0.38,0.36,2026-08-15,1024,N,VIIRS,n,2.0NRT,304.79,19.14,N
49.73423,-121.39947,325.4,0.38,0.36,2026-08-15,1024,N,VIIRS,n,2.0NRT,289.1,2.02,N
49.73428,-121.42174,331.07,0.38,0.36,2026-08-15,1024,N,VIIRS,n,2.0NRT,291.55,19.14,N
49.73506,-121.40472,354.05,0.38,0.36,2026-08-15,1024,N,VIIRS,n,2.0NRT,295.42,4.82,N
49.73588,-121.40999,323.41,0.38,0.36,2026-08-15,1024,N,VIIRS,n,2.0NRT,291.81,4.82,N
49.73671,-121.41525,332.99,0.38,0.36,2026-08-15,1024,N,VIIRS,n,2.0NRT,293.92,14.44,N
49.73753,-121.4205,341.66,0.38,0.36,2026-08-15,1024,N,VIIRS,n,2.0NRT,301.11,14.44,N
49.73831,-121.40348,331.11,0.38,0.36,2026-08-15,1024,N,VIIRS,n,2.0NRT,289.51,4.82,N
49.73914,-121.40876,313.75,0.38,0.36,2026-08-15,1024,N,VIIRS,n,2.0NRT,290.26,4.82,N
49.73996,-121.41402,319.08,0.38,0.36,2026-08-15,1024,N,VIIRS,n,2.0NRT,291.32,14.44,N
49.74079,-121.41929,341.85,0.38,0.36,2026-08-15,1024,N,VIIRS,n,2.0NRT,303.83,14.44,N
49.74156,-121.40225,305.35,0.38,0.36,2026-08-15,1024,N,VIIRS,n,2.0NRT,287.14,0.7,N
49.74239,-121.40752,299.85,0.38,0.36,2026-08-15,1024,N,VIIRS,n,2.0NRT,287.69,0.7,N
49.74322,-121.41279,299.25,0.38,0.36,2026-08-15,1024,N,VIIRS,n,2.0NRT,288.24,0.73,N
49.74405,-121.41806,303.42,0.38,0.36,2026-08-15,1024,N,VIIRS,n,2.0NRT,288.24,0.73,N
49.74482,-121.40102,307.92,0.38,0.36,2026-08-15,1024,N,VIIRS,n,2.0NRT,286.8,0.7,N
49.75174,-121.29277,299.75,0.38,0.36,2026-08-15,1024,N,VIIRS,n,2.0NRT,284.72,0.52,N
49.755,-121.29153,304.55,0.38,0.36,2026-08-15,1024,N,VIIRS,n,2.0NRT,284.2,0.52,N
49.76057,-121.26169,297.5,0.38,0.36,2026-08-15,1024,N,VIIRS,n,2.0NRT,283.82,0.45,N
49.7616,-121.31129,302.18,0.38,0.36,2026-08-15,1024,N,VIIRS,n,2.0NRT,284.36,0.61,N
49.76365,-121.43289,300.75,0.38,0.36,2026-08-15,1024,N,VIIRS,n,2.0NRT,287.06,0.66,N
49.76382,-121.26046,296.0,0.38,0.36,2026-08-15,1024,N,VIIRS,n,2.0NRT,283.88,0.45,N
49.76539,-121.24876,297.63,0.38,0.36,2026-08-15,1024,N,VIIRS,n,2.0NRT,283.7,0.75,N
49.76623,-121.25398,298.99,0.38,0.36,2026-08-15,1024,N,VIIRS,n,2.0NRT,283.37,0.75,N
49.76865,-121.24751,298.86,0.38,0.36,2026-08-15,1024,N,VIIRS,n,2.0NRT,282.91,0.75,N
49.76948,-121.25274,314.2,0.38,0.36,2026-08-15,1024,N,VIIRS,n,2.0NRT,286.53,0.75,N
49.76969,-121.29708,303.1,0.38,0.36,2026-08-15,1024,N,VIIRS,n,2.0NRT,283.3,0.58,N
49.77008,-121.40816,296.16,0.38,0.36,2026-08-15,1024,N,VIIRS,n,2.0NRT,284.83,0.28,N
49.77053,-121.30233,295.74,0.38,0.36,2026-08-15,1024,N,VIIRS,n,2.0NRT,282.97,0.63,N
49.77189,-121.24628,296.3,0.38,0.36,2026-08-15,1024,N,VIIRS,n,2.0NRT,283.34,1.1,N
49.77346,-121.23457,301.32,0.38,0.36,2026-08-15,1024,N,VIIRS,n,2.0NRT,283.41,1.47,N
49.78498,-121.26355,297.32,0.38,0.36,2026-08-15,1024,N,VIIRS,n,2.0NRT,283.55,0.5,N
49.78557,-121.41898,296.67,0.38,0.36,2026-08-15,1024,N,VIIRS,n,2.0NRT,285.55,0.61,N
49.80862,-121.52143,298.81,0.38,0.36,2026-08-15,1024,N,VIIRS,n,2.0NRT,284.85,0.53,N
49.80943,-121.52665,297.14,0.38,0.36,2026-08-15,1024,N,VIIRS,n,2.0NRT,283.49,0.53,N
49.81123,-121.19588,306.12,0.38,0.36,2026-08-15,1024,N,VIIRS,n,2.0NRT,282.5,0.97,N
49.81182,-121.49799,297.47,0.38,0.36,2026-08-15,1024,N,VIIRS,n,2.0NRT,284.38,0.54,N
49.81266,-121.50327,300.34,0.38,0.36,2026-08-15,1024,N,VIIRS,n,2.0NRT,285.23,0.54,N
49.81448,-121.19464,302.1,0.38,0.36,2026-08-15,1024,N,VIIRS,n,2.0NRT,283.17,0.97,N
49.81592,-121.50206,300.7,0.38,0.36,2026-08-15,1024,N,VIIRS,n,2.0NRT,283.99,0.54,N
49.82147,-121.13075,297.3,0.38,0.36,2026-08-15,1024,N,VIIRS,n,2.0NRT,279.05,0.59,N
49.82472,-121.12951,295.91,0.38,0.36,2026-08-15,1024,N,VIIRS,n,2.0NRT,281.21,0.59,N
49.82915,-121.20013,299.29,0.38,0.36,2026-08-15,1024,N,VIIRS,n,2.0NRT,283.17,1.3,N
49.82999,-121.20538,302.22,0.38,0.36,2026-08-15,1024,N,VIIRS,n,2.0NRT,281.06,0.89,N
49.83408,-121.2094,296.15,0.38,0.36,2026-08-15,1024,N,VIIRS,n,2.0NRT,283.98,0.51,N
49.83502,-121.23689,296.8,0.38,0.36,2026-08-15,1024,N,VIIRS,n,2.0NRT,282.11,0.59,N
49.83586,-121.24211,296.62,0.38,0.36,2026-08-15,1024,N,VIIRS,n,2.0NRT,281.97,0.59,N
49.83827,-121.23564,298.6,0.38,0.36,2026-08-15,1024,N,VIIRS,n,2.0NRT,283.52,0.86,N
49.84024,-121.14022,306.84,0.38,0.36,2026-08-15,1024,N,VIIRS,n,2.0NRT,282.66,1.56,N
49.84035,-121.16245,304.24,0.38,0.36,2026-08-15,1024,N,VIIRS,n,2.0NRT,282.08,0.87,N
49.8436,-121.1612,299.53,0.38,0.36,2026-08-15,1024,N,VIIRS,n,2.0NRT,283.24,0.87,N
49.84444,-121.16645,297.26,0.38,0.36,2026-08-15,1024,N,VIIRS,n,2.0NRT,282.19,0.85,N
49.84642,-121.24356,295.29,0.38,0.36,2026-08-15,1024,N,VIIRS,n,2.0NRT,283.43,0.56,N
49.8479,-121.0592,295.62,0.38,0.36,2026-08-15,1024,N,VIIRS,n,2.0NRT,279.12,0.29,N
49.84875,-121.06446,296.38,0.38,0.36,2026-08-15,1024,N,VIIRS,n,2.0NRT,281.25,0.68,N
49.86019,-121.07124,296.17,0.38,0.36,2026-08-15,1024,N,VIIRS,n,2.0NRT,281.11,1.01,N
49.86039,-121.52783,323.94,0.38,0.36,2026-08-15,1024,N,VIIRS,n,2.0NRT,287.67,2.85,N
49.86446,-121.53185,297.72,0.38,0.36,2026-08-15,1024,N,VIIRS,n,2.0NRT,282.82,0.96,N
49.8815,-121.05592,298.11,0.38,0.36,2026-08-15,1024,N,VIIRS,n,2.0NRT,280.33,0.86,N
49.88888,-121.53378,307.52,0.38,0.36,2026-08-15,1024,N,VIIRS,n,2.0NRT,283.43,1.51,N
49.89213,-121.53252,303.45,0.38,0.36,2026-08-15,1024,N,VIIRS,n,2.0NRT,281.62,0.82,N
49.89335,-121.12951,308.65,0.38,0.36,2026-08-15,1024,N,VIIRS,n,2.0NRT,283.66,1.22,N
49.8942,-121.13477,304.1,0.38,0.36,2026-08-15,1024,N,VIIRS,n,2.0NRT,283.78,1.22,N
49.89574,-121.12299,310.98,0.38,0.36,2026-08-15,1024,N,VIIRS,n,2.0NRT,283.19,1.49,N
49.89659,-121.12826,335.44,0.38,0.36,2026-08-15,1024,N,VIIRS,n,2.0NRT,289.24,2.13,N
49.89744,-121.13353,306.6,0.38,0.36,2026-08-15,1024,N,VIIRS,n,2.0NRT,284.79,2.13,N
49.89984,-121.12701,300.17,0.38,0.36,2026-08-15,1024,N,VIIRS,n,2.0NRT,283.63,2.13,N
49.90224,-121.1205,297.02,0.38,0.36,2026-08-15,1024,N,VIIRS,n,2.0NRT,281.57,0.58,N
50.10184,-121.86631,301.95,0.39,0.36,2026-08-15,1024,N,VIIRS,n,2.0NRT,282.44,0.66,N
50.10509,-121.86504,297.36,0.39,0.36,2026-08-15,1024,N,VIIRS,n,2.0NRT,282.55,0.66,N
49.70402,-121.35435,337.58,0.33,0.55,2026-08-15,2153,N,VIIRS,n,2.0NRT,296.03,4.4,D
49.70418,-121.35051,353.85,0.33,0.55,2026-08-15,2153,N,VIIRS,n,2.0NRT,298.87,13.78,D
49.70433,-121.34721,356.99,0.33,0.55,2026-08-15,2153,N,VIIRS,n,2.0NRT,301.13,13.78,D
49.70445,-121.34429,355.13,0.33,0.55,2026-08-15,2153,N,VIIRS,n,2.0NRT,312.98,33.05,D
49.70457,-121.34145,350.7,0.33,0.55,2026-08-15,2153,N,VIIRS,n,2.0NRT,295.39,33.05,D
49.71289,-121.38742,326.65,0.33,0.55,2026-08-15,2153,N,VIIRS,n,2.0NRT,294.85,5.47,D
49.71308,-121.38301,367.0,0.33,0.55,2026-08-15,2153,N,VIIRS,h,2.0NRT,302.42,7.89,D
49.71698,-121.41151,345.49,0.33,0.55,2026-08-15,2153,N,VIIRS,n,2.0NRT,295.29,3.91,D
49.71711,-121.40862,346.67,0.33,0.55,2026-08-15,2153,N,VIIRS,n,2.0NRT,295.8,3.91,D
49.71724,-121.40575,338.8,0.33,0.55,2026-08-15,2153,N,VIIRS,n,2.0NRT,295.29,8.62,D
49.71737,-121.4028,367.0,0.33,0.55,2026-08-15,2153,N,VIIRS,h,2.0NRT,298.83,8.62,D
49.7175,-121.39973,367.0,0.33,0.55,2026-08-15,2153,N,VIIRS,h,2.0NRT,303.63,20.57,D
49.71819,-121.38422,367.0,0.33,0.55,2026-08-15,2153,N,VIIRS,h,2.0NRT,297.88,7.89,D
49.71848,-121.37757,329.0,0.33,0.55,2026-08-15,2153,N,VIIRS,n,2.0NRT,294.11,7.89,D
49.72183,-121.41858,328.41,0.33,0.55,2026-08-15,2153,N,VIIRS,n,2.0NRT,294.52,4.63,D
49.72195,-121.41579,357.56,0.33,0.55,2026-08-15,2153,N,VIIRS,l,2.0NRT,296.93,4.63,D
49.72256,-121.40182,342.11,0.33,0.55,2026-08-15,2153,N,VIIRS,n,2.0NRT,296.87,10.91,D
49.72271,-121.39853,367.0,0.33,0.55,2026-08-15,2153,N,VIIRS,h,2.0NRT,298.29,10.91,D
49.72687,-121.42105,367.0,0.33,0.55,2026-08-15,2153,N,VIIRS,h,2.0NRT,296.22,4.63,D
49.72701,-121.41788,347.23,0.33,0.55,2026-08-15,2153,N,VIIRS,n,2.0NRT,295.36,4.63,D
49.72766,-121.40306,355.4,0.33,0.55,2026-08-15,2153,N,VIIRS,n,2.0NRT,305.53,10.91,D
49.72781,-121.39966,332.6,0.33,0.55,2026-08-15,2153,N,VIIRS,n,2.0NRT,293.15,10.91,D
49.73169,-121.42833,350.89,0.32,0.55,2026-08-15,2153,N,VIIRS,n,2.0NRT,294.92,7.8,D
49.73185,-121.42492,355.24,0.33,0.55,2026-08-15,2153,N,VIIRS,n,2.0NRT,301.45,7.8,D
49.73199,-121.42171,357.13,0.33,0.55,2026-08-15,2153,N,VIIRS,l,2.0NRT,300.65,15.29,D
49.73214,-121.4185,346.53,0.33,0.55,2026-08-15,2153,N,VIIRS,n,2.0NRT,295.53,15.29,D
49.73296,-121.39985,348.34,0.33,0.55,2026-08-15,2153,N,VIIRS,n,2.0NRT,292.57,6.97,D
49.73684,-121.42855,345.4,0.32,0.55,2026-08-15,2153,N,VIIRS,n,2.0NRT,292.51,7.8,D
49.73702,-121.42456,325.07,0.33,0.55,2026-08-15,2153,N,VIIRS,n,2.0NRT,293.7,7.8,D
49.8903,-121.53408,330.48,0.32,0.55,2026-08-15,2153,N,VIIRS,n,2.0NRT,297.68,6.72,D
49.89046,-121.53033,348.93,0.32,0.55,2026-08-15,2153,N,VIIRS,n,2.0NRT,309.46,18.54,D
49.89062,-121.52662,367.0,0.32,0.55,2026-08-15,2153,N,VIIRS,h,2.0NRT,303.98,18.54,D
49.91528,-121.54903,336.48,0.32,0.55,2026-08-15,2153,N,VIIRS,n,2.0NRT,291.21,4.18,D
49.91552,-121.54366,338.61,0.32,0.55,2026-08-15,2153,N,VIIRS,n,2.0NRT,292.42,6.83,D
49.76768,-121.24952,295.29,0.46,0.39,2026-08-16,1004,N,VIIRS,n,2.0NRT,276.33,1.25,N
49.84277,-121.16122,299.85,0.45,0.39,2026-08-16,1004,N,VIIRS,n,2.0NRT,277.22,0.55,N
49.8588,-121.07905,299.21,0.45,0.39,2026-08-16,1004,N,VIIRS,n,2.0NRT,276.81,0.83,N
49.85893,-121.52677,309.34,0.47,0.39,2026-08-16,1004,N,VIIRS,n,2.0NRT,285.02,1.34,N
49.8596,-121.53267,301.92,0.47,0.39,2026-08-16,1004,N,VIIRS,n,2.0NRT,283.5,1.2,N
49.86257,-121.52606,296.36,0.47,0.39,2026-08-16,1004,N,VIIRS,n,2.0NRT,284.06,0.74,N
49.8632,-121.53162,308.02,0.47,0.39,2026-08-16,1004,N,VIIRS,n,2.0NRT,284.0,1.55,N
49.86522,-121.07133,301.95,0.45,0.39,2026-08-16,1004,N,VIIRS,n,2.0NRT,278.3,1.36,N
49.87094,-121.0577,298.56,0.45,0.39,2026-08-16,1004,N,VIIRS,n,2.0NRT,277.19,0.72,N
49.88161,-121.05483,305.14,0.45,0.39,2026-08-16,1004,N,VIIRS,n,2.0NRT,278.73,1.04,N
49.88908,-121.53004,305.05,0.47,0.39,2026-08-16,1004,N,VIIRS,n,2.0NRT,281.35,5.11,N
49.88986,-121.53696,328.3,0.47,0.39,2026-08-16,1004,N,VIIRS,n,2.0NRT,298.15,61.92,N
49.8926,-121.52826,313.08,0.47,0.39,2026-08-16,1004,N,VIIRS,n,2.0NRT,283.02,2.24,N
49.89334,-121.53474,346.94,0.47,0.39,2026-08-16,1004,N,VIIRS,n,2.0NRT,289.45,13.0,N
49.894,-121.12788,297.51,0.45,0.39,2026-08-16,1004,N,VIIRS,n,2.0NRT,280.81,0.84,N
49.8947,-121.13376,297.69,0.45,0.39,2026-08-16,1004,N,VIIRS,n,2.0NRT,280.99,0.84,N
49.89759,-121.12702,310.36,0.45,0.39,2026-08-16,1004,N,VIIRS,n,2.0NRT,283.07,2.33,N
49.91717,-121.54782,315.78,0.47,0.39,2026-08-16,1004,N,VIIRS,n,2.0NRT,284.48,2.49,N
50.10027,-121.86683,305.03,0.48,0.4,2026-08-16,1004,N,VIIRS,n,2.0NRT,281.15,8.64,N
50.10225,-121.86563,338.77,0.48,0.4,2026-08-16,1004,N,VIIRS,n,2.0NRT,285.07,5.09,N
50.10283,-121.87085,306.12,0.48,0.4,2026-08-16,1004,N,VIIRS,n,2.0NRT,280.5,5.09,N
50.10389,-121.86544,347.74,0.48,0.4,2026-08-16,1004,N,VIIRS,n,2.0NRT,290.73,8.64,N
50.10448,-121.87071,312.82,0.48,0.4,2026-08-16,1004,N,VIIRS,n,2.0NRT,281.91,5.48,N
50.10809,-121.86922,304.58,0.48,0.4,2026-08-16,1004,N,VIIRS,n,2.0NRT,280.16,1.24,N
50.28197,-121.78604,309.02,0.48,0.4,2026-08-16,1004,N,VIIRS,n,2.0NRT,280.41,0.98,N
49.88478,-121.52897,334.03,0.6,0.7,2026-08-16,1145,N,VIIRS,n,2.0NRT,275.19,6.51,N
49.8874,-121.5361,320.1,0.6,0.7,2026-08-16,1145,N,VIIRS,n,2.0NRT,278.3,6.51,N
49.8931,-121.53095,349.05,0.6,0.7,2026-08-16,1145,N,VIIRS,n,2.0NRT,278.58,8.53,N
49.89635,-121.5398,323.71,0.6,0.7,2026-08-16,1145,N,VIIRS,n,2.0NRT,278.55,8.53,N
49.68062,-121.15382,340.72,0.41,0.45,2026-08-16,2131,N,VIIRS,n,2.0NRT,295.35,5.28,D
49.68477,-121.15481,336.92,0.41,0.45,2026-08-16,2131,N,VIIRS,n,2.0NRT,296.02,5.73,D
49.69413,-121.34834,347.59,0.41,0.45,2026-08-16,2131,N,VIIRS,n,2.0NRT,301.39,61.42,D
49.69455,-121.34323,327.89,0.41,0.45,2026-08-16,2131,N,VIIRS,n,2.0NRT,293.76,61.42,D
49.69659,-121.217,338.7,0.41,0.45,2026-08-16,2131,N,VIIRS,n,2.0NRT,294.26,3.66,D
49.69825,-121.34924,344.53,0.41,0.45,2026-08-16,2131,N,VIIRS,n,2.0NRT,304.26,61.42,D
49.69865,-121.34441,367.0,0.41,0.45,2026-08-16,2131,N,VIIRS,l,2.0NRT,331.69,61.42,D
49.699,-121.34019,352.27,0.41,0.45,2026-08-16,2131,N,VIIRS,n,2.0NRT,297.59,67.75,D
49.70275,-121.34557,326.43,0.41,0.45,2026-08-16,2131,N,VIIRS,n,2.0NRT,295.67,3.7,D
49.70309,-121.34147,349.83,0.41,0.45,2026-08-16,2131,N,VIIRS,n,2.0NRT,305.56,33.07,D
49.70343,-121.33743,335.83,0.41,0.45,2026-08-16,2131,N,VIIRS,n,2.0NRT,292.72,33.07,D
49.71356,-121.41608,348.02,0.4,0.45,2026-08-16,2131,N,VIIRS,n,2.0NRT,296.27,7.24,D
49.71392,-121.41183,328.29,0.4,0.45,2026-08-16,2131,N,VIIRS,n,2.0NRT,292.77,7.24,D
49.71463,-121.40337,327.12,0.4,0.45,2026-08-16,2131,N,VIIRS,n,2.0NRT,293.71,6.05,D
49.71499,-121.3991,353.86,0.4,0.45,2026-08-16,2131,N,VIIRS,n,2.0NRT,296.82,8.07,D
49.71624,-121.38435,332.44,0.41,0.45,2026-08-16,2131,N,VIIRS,n,2.0NRT,295.96,3.78,D
49.71764,-121.41734,356.51,0.4,0.45,2026-08-16,2131,N,VIIRS,n,2.0NRT,297.88,7.24,D
49.71903,-121.40092,339.13,0.4,0.45,2026-08-16,2131,N,VIIRS,n,2.0NRT,294.05,8.07,D
49.72033,-121.38549,343.04,0.41,0.45,2026-08-16,2131,N,VIIRS,n,2.0NRT,293.95,3.78,D
49.72172,-121.41863,340.49,0.4,0.45,2026-08-16,2131,N,VIIRS,n,2.0NRT,294.57,5.88,D
49.72349,-121.39758,330.92,0.4,0.45,2026-08-16,2131,N,VIIRS,n,2.0NRT,293.66,9.28,D
49.7254,-121.42454,337.96,0.4,0.44,2026-08-16,2131,N,VIIRS,n,2.0NRT,296.34,4.86,D
49.72718,-121.40342,341.74,0.4,0.45,2026-08-16,2131,N,VIIRS,n,2.0NRT,298.3,9.28,D
49.72758,-121.39873,367.0,0.4,0.45,2026-08-16,2131,N,VIIRS,h,2.0NRT,298.89,9.28,D
49.72807,-121.39304,329.46,0.41,0.45,2026-08-16,2131,N,VIIRS,n,2.0NRT,292.41,4.1,D
49.72905,-121.43075,328.45,0.4,0.44,2026-08-16,2131,N,VIIRS,n,2.0NRT,294.95,5.73,D
49.72945,-121.42605,345.65,0.4,0.44,2026-08-16,2131,N,VIIRS,n,2.0NRT,296.51,5.73,D
49.73172,-121.39935,351.34,0.4,0.45,2026-08-16,2131,N,VIIRS,n,2.0NRT,296.71,10.65,D
49.7898,-121.27599,339.63,0.41,0.45,2026-08-16,2131,N,VIIRS,n,2.0NRT,293.18,4.13,D
49.81781,-121.19153,340.56,0.41,0.45,2026-08-16,2131,N,VIIRS,n,2.0NRT,289.18,4.65,D
49.86584,-121.07174,326.21,0.42,0.45,2026-08-16,2131,N,VIIRS,n,2.0NRT,294.32,2.32,D
49.88685,-121.53585,339.53,0.4,0.44,2026-08-16,2131,N,VIIRS,n,2.0NRT,297.49,7.25,D
49.89082,-121.53816,335.35,0.4,0.44,2026-08-16,2131,N,VIIRS,n,2.0NRT,302.05,19.35,D
49.89123,-121.53331,352.33,0.4,0.44,2026-08-16,2131,N,VIIRS,n,2.0NRT,310.42,19.35,D
49.89165,-121.52831,338.42,0.4,0.44,2026-08-16,2131,N,VIIRS,n,2.0NRT,299.67,6.45,D
49.89521,-121.53559,336.58,0.4,0.44,2026-08-16,2131,N,VIIRS,n,2.0NRT,293.93,19.35,D
49.68177,-121.15144,317.1,0.45,0.47,2026-08-17,0945,N,VIIRS,n,2.0NRT,282.77,2.32,N
49.69981,-121.33235,297.9,0.46,0.47,2026-08-17,0945,N,VIIRS,n,2.0NRT,286.01,1.96,N
49.71477,-121.41405,303.67,0.47,0.47,2026-08-17,0945,N,VIIRS,n,2.0NRT,287.31,0.78,N
49.72738,-121.40401,301.65,0.47,0.47,2026-08-17,0945,N,VIIRS,n,2.0NRT,285.61,0.89,N
49.73116,-121.39529,304.54,0.46,0.47,2026-08-17,0945,N,VIIRS,n,2.0NRT,285.82,0.89,N
49.73172,-121.40269,303.51,0.47,0.47,2026-08-17,0945,N,VIIRS,n,2.0NRT,286.22,0.89,N
49.81071,-121.51817,295.96,0.47,0.48,2026-08-17,0945,N,VIIRS,n,2.0NRT,285.38,0.91,N
49.81155,-121.11444,331.96,0.45,0.47,2026-08-17,0945,N,VIIRS,n,2.0NRT,285.65,4.41,N
49.82199,-121.13577,297.7,0.45,0.47,2026-08-17,0945,N,VIIRS,n,2.0NRT,282.5,0.87,N
49.8324,-121.21354,302.47,0.46,0.47,2026-08-17,0945,N,VIIRS,n,2.0NRT,285.82,1.42,N
49.83432,-121.2386,338.25,0.46,0.47,2026-08-17,0945,N,VIIRS,n,2.0NRT,285.88,5.92,N
49.83483,-121.24513,310.94,0.46,0.47,2026-08-17,0945,N,VIIRS,n,2.0NRT,283.82,2.07,N
49.84,-121.14112,295.65,0.45,0.47,2026-08-17,0945,N,VIIRS,n,2.0NRT,282.82,0.51,N
49.84169,-121.16101,296.67,0.46,0.47,2026-08-17,0945,N,VIIRS,n,2.0NRT,284.02,1.15,N
49.8474,-121.06005,296.63,0.45,0.47,2026-08-17,0945,N,VIIRS,n,2.0NRT,281.53,0.67,N
49.86078,-121.52976,313.75,0.47,0.48,2026-08-17,0945,N,VIIRS,n,2.0NRT,286.28,1.28,N
49.86526,-121.52985,295.75,0.47,0.48,2026-08-17,0945,N,VIIRS,n,2.0NRT,284.73,1.28,N
49.8738,-121.06113,295.64,0.45,0.47,2026-08-17,0945,N,VIIRS,n,2.0NRT,282.73,0.52,N
49.88665,-121.54065,302.63,0.47,0.48,2026-08-17,0945,N,VIIRS,n,2.0NRT,284.47,2.55,N
49.89087,-121.53676,335.82,0.47,0.48,2026-08-17,0945,N,VIIRS,n,2.0NRT,287.26,2.55,N
49.89142,-121.54468,302.13,0.47,0.48,2026-08-17,0945,N,VIIRS,n,2.0NRT,284.56,2.55,N
49.89562,-121.5406,295.82,0.47,0.48,2026-08-17,0945,N,VIIRS,n,2.0NRT,283.72,0.61,N
49.89635,-121.12679,296.49,0.45,0.47,2026-08-17,0945,N,VIIRS,n,2.0NRT,285.32,1.35,N
49.91424,-121.55043,332.29,0.47,0.48,2026-08-17,0945,N,VIIRS,n,2.0NRT,284.07,3.26,N
49.91861,-121.54891,312.13,0.47,0.48,2026-08-17,0945,N,VIIRS,n,2.0NRT,284.76,3.26,N
50.10149,-121.86589,299.95,0.49,0.49,2026-08-17,0945,N,VIIRS,n,2.0NRT,285.47,1.59,N
50.1022,-121.86544,304.84,0.49,0.49,2026-08-17,0945,N,VIIRS,n,2.0NRT,285.82,1.98,N
50.10558,-121.85926,295.92,0.49,0.49,2026-08-17,0945,N,VIIRS,n,2.0NRT,285.17,1.0,N
50.10591,-121.86401,315.77,0.49,0.49,2026-08-17,0945,N,VIIRS,n,2.0NRT,286.68,2.9,N
50.10624,-121.86862,322.36,0.49,0.49,2026-08-17,0945,N,VIIRS,n,2.0NRT,285.82,2.9,N
50.10663,-121.86347,310.45,0.49,0.49,2026-08-17,0945,N,VIIRS,n,2.0NRT,285.7,1.98,N
50.10695,-121.86809,323.59,0.49,0.49,2026-08-17,0945,N,VIIRS,n,2.0NRT,285.96,5.32,N
50.15432,-121.09367,307.75,0.46,0.47,2026-08-17,0945,N,VIIRS,n,2.0NRT,285.81,1.68,N
50.15478,-121.0937,307.81,0.46,0.47,2026-08-17,0945,N,VIIRS,n,2.0NRT,286.05,1.57,N
50.27993,-121.78352,299.1,0.49,0.49,2026-08-17,0945,N,VIIRS,n,2.0NRT,286.13,0.83,N
49.6834,-121.15368,322.53,0.41,0.61,2026-08-17,1125,N,VIIRS,n,2.0NRT,282.56,2.36,N
49.6842,-121.15115,300.34,0.41,0.61,2026-08-17,1125,N,VIIRS,n,2.0NRT,282.23,1.22,N
49.68543,-121.15506,305.73,0.41,0.61,2026-08-17,1125,N,VIIRS,n,2.0NRT,282.88,1.22,N
49.69293,-121.33884,296.84,0.4,0.6,2026-08-17,1125,N,VIIRS,n,2.0NRT,285.3,0.67,N
49.69408,-121.34248,295.33,0.4,0.6,2026-08-17,1125,N,VIIRS,n,2.0NRT,284.75,0.67,N
49.69529,-121.34631,302.88,0.4,0.6,2026-08-17,1125,N,VIIRS,n,2.0NRT,285.08,1.41,N
49.69891,-121.33795,295.72,0.4,0.6,2026-08-17,1125,N,VIIRS,n,2.0NRT,284.48,1.11,N
49.70284,-121.33059,300.63,0.41,0.6,2026-08-17,1125,N,VIIRS,n,2.0NRT,285.01,1.33,N
49.71368,-121.40489,296.9,0.4,0.6,2026-08-17,1125,N,VIIRS,n,2.0NRT,285.41,0.94,N
49.80775,-121.50602,301.82,0.4,0.6,2026-08-17,1125,N,VIIRS,n,2.0NRT,284.52,0.98,N
49.81248,-121.50137,311.44,0.4,0.6,2026-08-17,1125,N,VIIRS,n,2.0NRT,285.22,0.98,N
49.82973,-121.24316,300.63,0.4,0.6,2026-08-17,1125,N,VIIRS,n,2.0NRT,283.33,2.11,N
49.83085,-121.24223,321.12,0.4,0.6,2026-08-17,1125,N,VIIRS,n,2.0NRT,284.46,2.3,N
49.83126,-121.24795,295.35,0.4,0.6,2026-08-17,1125,N,VIIRS,n,2.0NRT,283.15,2.32,N
49.83232,-121.24688,314.32,0.4,0.6,2026-08-17,1125,N,VIIRS,n,2.0NRT,283.38,2.3,N
49.8343,-121.2378,327.28,0.4,0.6,2026-08-17,1125,N,VIIRS,n,2.0NRT,285.19,2.11,N
49.83579,-121.2425,314.16,0.4,0.6,2026-08-17,1125,N,VIIRS,n,2.0NRT,284.05,2.32,N
49.84012,-121.23639,296.44,0.4,0.6,2026-08-17,1125,N,VIIRS,n,2.0NRT,284.17,0.58,N
49.84245,-121.16462,300.68,0.41,0.6,2026-08-17,1125,N,VIIRS,n,2.0NRT,283.14,0.66,N
49.88472,-121.53469,308.06,0.39,0.59,2026-08-17,1125,N,VIIRS,n,2.0NRT,283.67,1.48,N
49.89123,-121.53583,334.16,0.39,0.59,2026-08-17,1125,N,VIIRS,n,2.0NRT,286.11,2.66,N
49.89283,-121.54102,307.03,0.39,0.59,2026-08-17,1125,N,VIIRS,n,2.0NRT,283.39,2.66,N
49.68874,-121.20461,367.0,0.68,0.74,2026-08-17,1934,N,VIIRS,h,2.0NRT,293.81,40.03,D
49.71499,-121.39235,336.56,0.69,0.74,2026-08-17,1934,N,VIIRS,n,2.0NRT,287.83,4.78,D
49.81271,-121.11777,339.17,0.67,0.74,2026-08-17,1934,N,VIIRS,n,2.0NRT,281.57,9.49,D
49.82067,-121.1328,334.02,0.67,0.74,2026-08-17,1934,N,VIIRS,n,2.0NRT,282.39,3.65,D
49.82299,-121.13284,335.7,0.67,0.74,2026-08-17,1934,N,VIIRS,n,2.0NRT,284.11,7.03,D
49.91244,-121.55707,356.74,0.69,0.74,2026-08-17,1934,N,VIIRS,l,2.0NRT,284.8,22.15,D
49.91539,-121.54945,347.67,0.69,0.74,2026-08-17,1934,N,VIIRS,n,2.0NRT,284.41,25.72,D
50.09592,-121.18369,338.67,0.66,0.73,2026-08-17,1934,N,VIIRS,n,2.0NRT,288.59,9.32,D
50.0985,-121.87607,338.27,0.7,0.75,2026-08-17,1934,N,VIIRS,n,2.0NRT,292.23,10.1,D
50.09919,-121.8765,339.66,0.7,0.75,2026-08-17,1934,N,VIIRS,n,2.0NRT,291.76,18.18,D
50.10077,-121.8703,367.0,0.7,0.75,2026-08-17,1934,N,VIIRS,h,2.0NRT,295.59,26.78,D
50.10147,-121.87064,367.0,0.7,0.75,2026-08-17,1934,N,VIIRS,h,2.0NRT,295.96,18.18,D
50.10284,-121.86501,367.0,0.69,0.75,2026-08-17,1934,N,VIIRS,h,2.0NRT,296.14,26.78,D
50.10354,-121.8653,367.0,0.7,0.75,2026-08-17,1934,N,VIIRS,h,2.0NRT,295.74,20.97,D
50.105,-121.85951,325.85,0.69,0.75,2026-08-17,1934,N,VIIRS,n,2.0NRT,292.49,18.3,D
50.10573,-121.85963,329.28,0.69,0.75,2026-08-17,1934,N,VIIRS,n,2.0NRT,292.87,20.97,D
50.10704,-121.87523,327.13,0.7,0.75,2026-08-17,1934,N,VIIRS,n,2.0NRT,289.39,10.1,D
50.15055,-121.10237,333.24,0.65,0.73,2026-08-17,1934,N,VIIRS,n,2.0NRT,291.52,6.85,D
50.15282,-121.10329,328.93,0.65,0.73,2026-08-17,1934,N,VIIRS,n,2.0NRT,288.91,4.47,D
49.68251,-121.15223,343.01,0.43,0.38,2026-08-17,2114,N,VIIRS,n,2.0NRT,299.2,6.55,D
49.68757,-121.19769,336.15,0.43,0.38,2026-08-17,2114,N,VIIRS,n,2.0NRT,296.08,27.43,D
49.68813,-121.19958,341.36,0.43,0.38,2026-08-17,2114,N,VIIRS,n,2.0NRT,297.99,25.43,D
49.69262,-121.33715,340.93,0.42,0.38,2026-08-17,2114,N,VIIRS,n,2.0NRT,300.5,5.03,D
49.69326,-121.33202,332.67,0.42,0.38,2026-08-17,2114,N,VIIRS,n,2.0NRT,295.96,6.82,D
49.69541,-121.34341,325.73,0.42,0.38,2026-08-17,2114,N,VIIRS,l,2.0NRT,297.69,5.03,D
49.70415,-121.33057,340.84,0.42,0.38,2026-08-17,2114,N,VIIRS,n,2.0NRT,298.72,10.34,D
49.7158,-121.4088,342.91,0.42,0.38,2026-08-17,2114,N,VIIRS,n,2.0NRT,297.97,3.89,D
49.71645,-121.40368,334.13,0.42,0.38,2026-08-17,2114,N,VIIRS,n,2.0NRT,297.26,3.89,D
49.72803,-121.39663,349.08,0.42,0.38,2026-08-17,2114,N,VIIRS,n,2.0NRT,299.54,5.63,D
49.73148,-121.39755,331.77,0.42,0.38,2026-08-17,2114,N,VIIRS,n,2.0NRT,298.17,5.63,D
49.75372,-121.248,334.64,0.42,0.38,2026-08-17,2114,N,VIIRS,n,2.0NRT,298.42,3.05,D
49.8088,-121.52745,339.06,0.42,0.38,2026-08-17,2114,N,VIIRS,n,2.0NRT,296.89,4.89,D
49.80907,-121.49698,335.55,0.42,0.38,2026-08-17,2114,N,VIIRS,n,2.0NRT,298.27,23.41,D
49.80939,-121.11732,347.6,0.43,0.38,2026-08-17,2114,N,VIIRS,n,2.0NRT,305.43,24.65,D
49.8099,-121.11352,352.74,0.43,0.38,2026-08-17,2114,N,VIIRS,n,2.0NRT,311.98,36.94,D
49.81014,-121.11131,345.16,0.43,0.38,2026-08-17,2114,N,VIIRS,n,2.0NRT,301.66,7.77,D
49.81063,-121.10744,332.39,0.43,0.38,2026-08-17,2114,N,VIIRS,n,2.0NRT,301.51,4.58,D
49.8109,-121.10521,328.52,0.43,0.38,2026-08-17,2114,N,VIIRS,n,2.0NRT,303.0,7.77,D
49.81333,-121.11485,367.0,0.43,0.38,2026-08-17,2114,N,VIIRS,l,2.0NRT,330.77,55.95,D
49.81605,-121.12209,326.44,0.43,0.38,2026-08-17,2114,N,VIIRS,n,2.0NRT,290.8,55.95,D
49.8163,-121.1791,331.0,0.43,0.38,2026-08-17,2114,N,VIIRS,n,2.0NRT,293.38,34.0,D
49.81677,-121.11607,340.71,0.43,0.38,2026-08-17,2114,N,VIIRS,n,2.0NRT,293.1,55.95,D
49.81751,-121.11002,345.57,0.43,0.38,2026-08-17,2114,N,VIIRS,n,2.0NRT,293.74,10.74,D
49.82222,-121.13037,341.72,0.43,0.38,2026-08-17,2114,N,VIIRS,n,2.0NRT,298.23,16.0,D
49.83017,-121.21213,326.2,0.43,0.38,2026-08-17,2114,N,VIIRS,n,2.0NRT,294.16,3.64,D
49.83342,-121.244,330.87,0.43,0.38,2026-08-17,2114,N,VIIRS,n,2.0NRT,300.25,9.57,D
49.83415,-121.23801,355.63,0.43,0.38,2026-08-17,2114,N,VIIRS,n,2.0NRT,307.65,35.65,D
49.85192,-121.06332,326.94,0.43,0.38,2026-08-17,2114,N,VIIRS,n,2.0NRT,290.47,2.8,D
49.85841,-121.52926,329.1,0.42,0.38,2026-08-17,2114,N,VIIRS,n,2.0NRT,303.4,2.54,D
49.86181,-121.53049,347.39,0.42,0.38,2026-08-17,2114,N,VIIRS,n,2.0NRT,302.01,6.51,D
49.86307,-121.53282,344.26,0.42,0.38,2026-08-17,2114,N,VIIRS,n,2.0NRT,302.04,10.93,D
49.86502,-121.07391,336.45,0.43,0.38,2026-08-17,2114,N,VIIRS,n,2.0NRT,296.77,4.15,D
49.86527,-121.53132,334.92,0.42,0.38,2026-08-17,2114,N,VIIRS,n,2.0NRT,294.92,6.51,D
49.88779,-121.53431,345.19,0.42,0.38,2026-08-17,2114,N,VIIRS,n,2.0NRT,306.95,10.76,D
49.89116,-121.53588,352.05,0.42,0.38,2026-08-17,2114,N,VIIRS,n,2.0NRT,312.5,23.94,D
49.89185,-121.53037,347.75,0.42,0.38,2026-08-17,2114,N,VIIRS,n,2.0NRT,312.68,11.39,D
49.89254,-121.52483,335.07,0.42,0.38,2026-08-17,2114,N,VIIRS,n,2.0NRT,303.89,11.39,D
49.89452,-121.53749,354.34,0.42,0.38,2026-08-17,2114,N,VIIRS,n,2.0NRT,306.17,23.94,D
49.89523,-121.53184,349.2,0.42,0.38,2026-08-17,2114,N,VIIRS,n,2.0NRT,302.5,11.39,D
49.91435,-121.54957,348.19,0.42,0.38,2026-08-17,2114,N,VIIRS,n,2.0NRT,298.95,6.62,D
49.91698,-121.55686,342.44,0.42,0.38,2026-08-17,2114,N,VIIRS,l,2.0NRT,315.52,39.43,D
49.91774,-121.55087,367.0,0.42,0.38,2026-08-17,2114,N,VIIRS,l,2.0NRT,326.91,39.95,D
49.9185,-121.54488,343.97,0.42,0.38,2026-08-17,2114,N,VIIRS,n,2.0NRT,295.39,39.95,D
49.92039,-121.55807,351.24,0.42,0.38,2026-08-17,2114,N,VIIRS,n,2.0NRT,295.4,39.43,D
50.09135,-121.19447,326.3,0.43,0.38,2026-08-17,2114,N,VIIRS,n,2.0NRT,291.23,4.04,D
50.10082,-121.86794,345.6,0.41,0.37,2026-08-17,2114,N,VIIRS,n,2.0NRT,293.75,14.52,D
50.10165,-121.86149,344.42,0.41,0.37,2026-08-17,2114,N,VIIRS,n,2.0NRT,295.06,16.62,D
50.10414,-121.86966,355.9,0.41,0.37,2026-08-17,2114,N,VIIRS,l,2.0NRT,285.61,14.52,D
50.12917,-121.18131,328.52,0.43,0.38,2026-08-17,2114,N,VIIRS,n,2.0NRT,288.83,2.95,D
50.14649,-121.09704,332.76,0.43,0.38,2026-08-17,2114,N,VIIRS,n,2.0NRT,298.23,18.54,D
49.81667,-121.19312,295.58,0.52,0.5,2026-08-18,1108,N,VIIRS,n,2.0NRT,266.42,1.28,N
50.14602,-121.097,298.82,0.52,0.5,2026-08-18,1108,N,VIIRS,n,2.0NRT,278.05,1.73,N
50.15028,-121.09422,302.66,0.52,0.5,2026-08-18,1108,N,VIIRS,n,2.0NRT,277.79,1.73,N
49.68942,-121.33472,348.46,0.39,0.36,2026-08-18,2053,N,VIIRS,n,2.0NRT,297.45,7.27,D
49.6927,-121.33595,337.92,0.39,0.36,2026-08-18,2053,N,VIIRS,n,2.0NRT,297.01,7.14,D
49.69503,-121.21741,331.76,0.39,0.36,2026-08-18,2053,N,VIIRS,n,2.0NRT,296.51,2.39,D
49.71133,-121.41253,337.61,0.39,0.36,2026-08-18,2053,N,VIIRS,n,2.0NRT,298.83,4.76,D
49.71225,-121.40691,351.38,0.39,0.36,2026-08-18,2053,N,VIIRS,n,2.0NRT,300.23,4.76,D
49.71319,-121.40127,332.2,0.39,0.36,2026-08-18,2053,N,VIIRS,n,2.0NRT,297.7,2.02,D
49.71326,-121.4099,352.94,0.39,0.36,2026-08-18,2053,N,VIIRS,n,2.0NRT,300.67,7.2,D
49.71422,-121.40427,352.95,0.39,0.36,2026-08-18,2053,N,VIIRS,n,2.0NRT,300.82,7.2,D
49.71502,-121.39012,345.74,0.39,0.36,2026-08-18,2053,N,VIIRS,n,2.0NRT,296.65,7.36,D
49.71704,-121.3877,331.14,0.39,0.36,2026-08-18,2053,N,VIIRS,n,2.0NRT,297.21,3.75,D
49.72032,-121.38895,328.39,0.39,0.36,2026-08-18,2053,N,VIIRS,n,2.0NRT,295.34,3.75,D
49.7212,-121.38372,331.44,0.39,0.36,2026-08-18,2053,N,VIIRS,n,2.0NRT,295.42,3.75,D
49.72176,-121.40104,335.42,0.39,0.36,2026-08-18,2053,N,VIIRS,n,2.0NRT,297.0,4.33,D
49.72924,-121.39813,330.46,0.39,0.36,2026-08-18,2053,N,VIIRS,n,2.0NRT,296.82,2.93,D
49.73012,-121.39287,326.2,0.39,0.36,2026-08-18,2053,N,VIIRS,n,2.0NRT,293.99,2.07,D
49.80749,-121.50524,342.39,0.39,0.36,2026-08-18,2053,N,VIIRS,n,2.0NRT,300.67,10.28,D
49.80897,-121.10741,345.18,0.39,0.36,2026-08-18,2053,N,VIIRS,n,2.0NRT,305.86,22.75,D
49.8105,-121.11916,345.4,0.39,0.36,2026-08-18,2053,N,VIIRS,n,2.0NRT,304.02,5.04,D
49.81072,-121.50673,330.91,0.39,0.36,2026-08-18,2053,N,VIIRS,n,2.0NRT,293.03,10.28,D
49.81138,-121.11387,338.63,0.39,0.36,2026-08-18,2053,N,VIIRS,n,2.0NRT,303.72,5.04,D
49.81378,-121.12035,332.0,0.39,0.36,2026-08-18,2053,N,VIIRS,n,2.0NRT,298.57,5.04,D
49.81465,-121.11509,331.52,0.39,0.36,2026-08-18,2053,N,VIIRS,n,2.0NRT,300.52,5.04,D
49.81577,-121.17139,334.72,0.39,0.36,2026-08-18,2053,N,VIIRS,n,2.0NRT,299.34,6.94,D
49.82078,-121.16204,336.91,0.39,0.36,2026-08-18,2053,N,VIIRS,n,2.0NRT,295.77,4.09,D
49.82165,-121.15682,334.0,0.39,0.36,2026-08-18,2053,N,VIIRS,n,2.0NRT,296.35,4.87,D
49.82231,-121.17381,333.95,0.39,0.36,2026-08-18,2053,N,VIIRS,n,2.0NRT,294.8,6.75,D
49.82317,-121.16858,344.46,0.39,0.36,2026-08-18,2053,N,VIIRS,n,2.0NRT,296.72,12.81,D
49.83218,-121.24026,332.16,0.39,0.36,2026-08-18,2053,N,VIIRS,n,2.0NRT,298.7,6.46,D
49.83414,-121.20748,346.12,0.39,0.36,2026-08-18,2053,N,VIIRS,n,2.0NRT,295.4,5.36,D
49.83812,-121.14124,330.67,0.39,0.36,2026-08-18,2053,N,VIIRS,n,2.0NRT,295.21,1.89,D
49.84224,-121.13727,328.0,0.39,0.36,2026-08-18,2053,N,VIIRS,n,2.0NRT,294.68,2.43,D
49.85112,-121.06221,340.17,0.39,0.36,2026-08-18,2053,N,VIIRS,n,2.0NRT,299.62,6.22,D
49.85439,-121.06345,343.85,0.39,0.36,2026-08-18,2053,N,VIIRS,n,2.0NRT,300.18,12.23,D
49.85919,-121.07642,327.77,0.39,0.36,2026-08-18,2053,N,VIIRS,n,2.0NRT,294.25,4.15,D
49.85976,-121.52647,327.9,0.39,0.36,2026-08-18,2053,N,VIIRS,n,2.0NRT,295.76,5.08,D
49.86245,-121.0777,344.21,0.39,0.36,2026-08-18,2053,N,VIIRS,n,2.0NRT,297.46,4.15,D
49.86811,-121.08551,334.29,0.39,0.36,2026-08-18,2053,N,VIIRS,n,2.0NRT,294.82,2.25,D
49.87635,-121.07756,328.03,0.39,0.36,2026-08-18,2053,N,VIIRS,n,2.0NRT,295.37,2.52,D
49.88829,-121.5436,328.4,0.39,0.36,2026-08-18,2053,N,VIIRS,n,2.0NRT,294.36,5.76,D
49.88922,-121.53804,346.0,0.39,0.36,2026-08-18,2053,N,VIIRS,n,2.0NRT,309.0,5.76,D
49.89253,-121.53909,333.75,0.39,0.36,2026-08-18,2053,N,VIIRS,l,2.0NRT,303.9,5.22,D
49.89344,-121.53358,340.9,0.39,0.36,2026-08-18,2053,N,VIIRS,n,2.0NRT,305.76,3.99,D
49.89435,-121.52819,328.17,0.39,0.36,2026-08-18,2053,N,VIIRS,l,2.0NRT,299.67,3.99,D
49.89582,-121.5402,345.72,0.39,0.36,2026-08-18,2053,N,VIIRS,n,2.0NRT,301.74,5.22,D
49.90241,-121.1242,329.4,0.39,0.36,2026-08-18,2053,N,VIIRS,l,2.0NRT,299.62,4.27,D
49.91658,-121.55107,335.59,0.39,0.36,2026-08-18,2053,N,VIIRS,n,2.0NRT,302.01,6.36,D
50.09445,-121.187,335.28,0.39,0.36,2026-08-18,2053,N,VIIRS,n,2.0NRT,299.23,6.24,D
50.09531,-121.18173,332.44,0.39,0.36,2026-08-18,2053,N,VIIRS,n,2.0NRT,295.67,6.24,D
50.09575,-121.87452,347.73,0.39,0.36,2026-08-18,2053,N,VIIRS,n,2.0NRT,302.1,9.0,D
50.09906,-121.87566,345.22,0.39,0.36,2026-08-18,2053,N,VIIRS,n,2.0NRT,301.17,9.0,D
50.09994,-121.87052,350.13,0.39,0.36,2026-08-18,2053,N,VIIRS,n,2.0NRT,302.07,10.61,D
50.1008,-121.86545,353.96,0.39,0.36,2026-08-18,2053,N,VIIRS,n,2.0NRT,303.22,10.61,D
50.10168,-121.86031,345.69,0.39,0.36,2026-08-18,2053,N,VIIRS,n,2.0NRT,299.38,6.09,D
50.10499,-121.86145,341.42,0.39,0.36,2026-08-18,2053,N,VIIRS,n,2.0NRT,297.31,4.76,D
50.10587,-121.85625,334.58,0.39,0.36,2026-08-18,2053,N,VIIRS,n,2.0NRT,297.52,4.76,D
50.10921,-121.85724,331.46,0.39,0.36,2026-08-18,2053,N,VIIRS,n,2.0NRT,298.57,4.76,D
50.12639,-121.18268,337.45,0.39,0.36,2026-08-18,2053,N,VIIRS,n,2.0NRT,293.42,2.44,D
50.14676,-121.10072,330.14,0.39,0.36,2026-08-18,2053,N,VIIRS,l,2.0NRT,300.81,2.5,D
50.14762,-121.09547,337.45,0.39,0.36,2026-08-18,2053,N,VIIRS,n,2.0NRT,301.97,5.32,D
50.14848,-121.09023,349.69,0.39,0.36,2026-08-18,2053,N,VIIRS,n,2.0NRT,301.32,5.32,D
50.15174,-121.09148,351.57,0.39,0.36,2026-08-18,2053,N,VIIRS,n,2.0NRT,308.72,21.29,D
50.15259,-121.08625,337.97,0.39,0.36,2026-08-18,2053,N,VIIRS,n,2.0NRT,305.54,25.54,D
50.155,-121.09273,334.53,0.39,0.36,2026-08-18,2053,N,VIIRS,n,2.0NRT,297.67,21.29,D
50.15585,-121.08756,343.74,0.39,0.36,2026-08-18,2053,N,VIIRS,n,2.0NRT,299.08,25.54,D
49.69275,-121.21889,319.94,0.61,0.71,2026-08-19,0907,N,VIIRS,n,2.0NRT,282.76,2.53,N
49.69282,-121.21069,300.35,0.61,0.71,2026-08-19,0907,N,VIIRS,n,2.0NRT,282.49,2.53,N
49.69605,-121.22187,303.84,0.61,0.71,2026-08-19,0907,N,VIIRS,n,2.0NRT,282.34,4.31,N
49.69608,-121.21387,310.62,0.61,0.71,2026-08-19,0907,N,VIIRS,n,2.0NRT,282.78,3.83,N
49.85604,-121.07334,298.88,0.6,0.7,2026-08-19,0907,N,VIIRS,n,2.0NRT,278.65,1.98,N
49.87358,-121.05704,301.15,0.6,0.7,2026-08-19,0907,N,VIIRS,n,2.0NRT,271.08,0.63,N
49.87594,-121.05444,307.87,0.6,0.7,2026-08-19,0907,N,VIIRS,n,2.0NRT,273.32,1.13,N
50.09621,-121.87908,295.12,0.65,0.73,2026-08-19,0907,N,VIIRS,n,2.0NRT,277.37,2.09,N
50.10257,-121.86214,295.06,0.65,0.73,2026-08-19,0907,N,VIIRS,n,2.0NRT,276.76,4.19,N
50.10329,-121.86161,295.65,0.65,0.73,2026-08-19,0907,N,VIIRS,n,2.0NRT,275.4,4.14,N
50.10943,-121.85762,327.79,0.65,0.73,2026-08-19,0907,N,VIIRS,n,2.0NRT,276.41,9.8,N
50.10948,-121.85247,326.55,0.65,0.73,2026-08-19,0907,N,VIIRS,n,2.0NRT,276.22,6.91,N
50.11012,-121.86182,296.16,0.65,0.73,2026-08-19,0907,N,VIIRS,n,2.0NRT,275.08,5.3,N
50.11018,-121.85675,331.01,0.65,0.73,2026-08-19,0907,N,VIIRS,n,2.0NRT,276.64,4.14,N
50.11025,-121.85178,319.97,0.65,0.73,2026-08-19,0907,N,VIIRS,n,2.0NRT,275.26,4.14,N
50.15192,-121.09129,296.46,0.6,0.71,2026-08-19,0907,N,VIIRS,n,2.0NRT,270.68,2.16,N
49.6904,-121.3362,299.51,0.51,0.41,2026-08-19,1047,N,VIIRS,n,2.0NRT,286.52,1.03,N
49.69297,-121.21819,296.68,0.52,0.41,2026-08-19,1047,N,VIIRS,n,2.0NRT,282.22,0.83,N
49.69422,-121.33517,297.62,0.51,0.41,2026-08-19,1047,N,VIIRS,n,2.0NRT,286.33,1.66,N
49.69647,-121.21565,300.8,0.52,0.41,2026-08-19,1047,N,VIIRS,n,2.0NRT,283.25,0.83,N
49.69681,-121.32853,305.08,0.51,0.41,2026-08-19,1047,N,VIIRS,n,2.0NRT,286.11,1.26,N
49.69852,-121.20638,307.42,0.52,0.41,2026-08-19,1047,N,VIIRS,n,2.0NRT,284.36,1.35,N
49.70569,-121.33221,308.38,0.51,0.41,2026-08-19,1047,N,VIIRS,n,2.0NRT,284.58,1.89,N
49.70951,-121.40537,329.39,0.51,0.41,2026-08-19,1047,N,VIIRS,n,2.0NRT,289.55,3.57,N
49.7108,-121.4113,310.94,0.51,0.41,2026-08-19,1047,N,VIIRS,n,2.0NRT,289.49,2.64,N
49.71339,-121.40469,323.45,0.51,0.41,2026-08-19,1047,N,VIIRS,n,2.0NRT,289.94,3.57,N
49.71599,-121.39809,301.97,0.51,0.41,2026-08-19,1047,N,VIIRS,n,2.0NRT,286.87,1.02,N
49.72211,-121.38918,295.67,0.51,0.41,2026-08-19,1047,N,VIIRS,n,2.0NRT,284.88,0.92,N
49.72864,-121.40067,301.57,0.51,0.41,2026-08-19,1047,N,VIIRS,n,2.0NRT,285.84,1.45,N
49.73078,-121.39198,296.2,0.51,0.41,2026-08-19,1047,N,VIIRS,n,2.0NRT,285.24,0.7,N
49.80777,-121.50519,317.01,0.5,0.41,2026-08-19,1047,N,VIIRS,n,2.0NRT,286.51,2.81,N
49.80826,-121.11831,332.04,0.52,0.41,2026-08-19,1047,N,VIIRS,n,2.0NRT,286.76,4.16,N
49.8091,-121.51126,299.69,0.5,0.41,2026-08-19,1047,N,VIIRS,n,2.0NRT,284.0,1.35,N
49.81128,-121.50289,297.35,0.5,0.41,2026-08-19,1047,N,VIIRS,n,2.0NRT,285.04,1.04,N
49.81204,-121.11701,304.09,0.52,0.41,2026-08-19,1047,N,VIIRS,n,2.0NRT,285.52,4.16,N
49.81575,-121.11542,304.14,0.52,0.41,2026-08-19,1047,N,VIIRS,n,2.0NRT,283.5,1.39,N
49.81751,-121.17957,296.99,0.52,0.41,2026-08-19,1047,N,VIIRS,n,2.0NRT,282.28,0.78,N
49.81799,-121.11409,318.83,0.52,0.41,2026-08-19,1047,N,VIIRS,n,2.0NRT,284.97,3.1,N
49.81944,-121.11372,311.11,0.52,0.41,2026-08-19,1047,N,VIIRS,n,2.0NRT,284.17,1.39,N
49.83195,-121.24606,308.33,0.51,0.41,2026-08-19,1047,N,VIIRS,n,2.0NRT,283.27,1.54,N
49.83403,-121.23698,299.17,0.51,0.41,2026-08-19,1047,N,VIIRS,n,2.0NRT,283.72,1.5,N
49.83548,-121.24368,297.59,0.51,0.41,2026-08-19,1047,N,VIIRS,n,2.0NRT,283.52,1.33,N
49.84012,-121.14056,306.34,0.52,0.41,2026-08-19,1047,N,VIIRS,n,2.0NRT,280.36,1.49,N
49.84161,-121.1473,298.63,0.52,0.41,2026-08-19,1047,N,VIIRS,n,2.0NRT,278.24,1.49,N
49.85149,-121.06311,299.84,0.52,0.41,2026-08-19,1047,N,VIIRS,n,2.0NRT,281.52,1.28,N
49.85511,-121.06107,301.21,0.52,0.41,2026-08-19,1047,N,VIIRS,n,2.0NRT,282.42,1.28,N
49.85849,-121.07639,298.38,0.52,0.41,2026-08-19,1047,N,VIIRS,n,2.0NRT,279.82,1.04,N
49.86009,-121.08366,312.66,0.52,0.41,2026-08-19,1047,N,VIIRS,n,2.0NRT,280.55,2.08,N
49.86032,-121.12168,324.67,0.52,0.41,2026-08-19,1047,N,VIIRS,n,2.0NRT,279.77,3.37,N
49.86206,-121.07413,321.21,0.52,0.41,2026-08-19,1047,N,VIIRS,n,2.0NRT,281.64,2.16,N
49.8637,-121.08158,298.01,0.52,0.41,2026-08-19,1047,N,VIIRS,n,2.0NRT,281.08,1.27,N
49.86567,-121.07204,303.05,0.52,0.41,2026-08-19,1047,N,VIIRS,n,2.0NRT,282.39,2.16,N
49.87453,-121.07535,299.24,0.52,0.41,2026-08-19,1047,N,VIIRS,n,2.0NRT,281.24,1.18,N
50.09582,-121.87251,296.79,0.48,0.4,2026-08-19,1047,N,VIIRS,n,2.0NRT,283.49,0.83,N
50.09696,-121.87153,301.09,0.48,0.4,2026-08-19,1047,N,VIIRS,n,2.0NRT,283.83,2.03,N
50.09942,-121.87101,296.82,0.48,0.4,2026-08-19,1047,N,VIIRS,n,2.0NRT,283.19,1.76,N
50.10479,-121.85941,295.58,0.48,0.4,2026-08-19,1047,N,VIIRS,n,2.0NRT,283.21,1.69,N
50.10856,-121.85865,318.5,0.48,0.4,2026-08-19,1047,N,VIIRS,n,2.0NRT,284.67,1.69,N
50.11047,-121.84915,319.29,0.48,0.4,2026-08-19,1047,N,VIIRS,n,2.0NRT,283.75,2.28,N
50.1123,-121.8577,323.54,0.48,0.4,2026-08-19,1047,N,VIIRS,n,2.0NRT,284.39,3.8,N
50.1293,-121.17481,295.43,0.51,0.41,2026-08-19,1047,N,VIIRS,n,2.0NRT,284.08,0.86,N
50.13068,-121.18114,297.87,0.51,0.41,2026-08-19,1047,N,VIIRS,n,2.0NRT,284.95,0.86,N
50.14742,-121.09242,297.41,0.51,0.41,2026-08-19,1047,N,VIIRS,n,2.0NRT,284.97,0.86,N
50.14761,-121.09171,298.09,0.51,0.41,2026-08-19,1047,N,VIIRS,n,2.0NRT,285.06,1.01,N
50.14913,-121.10013,298.91,0.51,0.41,2026-08-19,1047,N,VIIRS,n,2.0NRT,283.42,0.86,N
50.14928,-121.09946,299.24,0.51,0.41,2026-08-19,1047,N,VIIRS,n,2.0NRT,283.11,1.4,N
50.15102,-121.0904,306.33,0.51,0.41,2026-08-19,1047,N,VIIRS,n,2.0NRT,286.94,0.86,N
50.15121,-121.08968,306.94,0.51,0.41,2026-08-19,1047,N,VIIRS,n,2.0NRT,286.55,1.01,N
50.15458,-121.08817,302.89,0.51,0.41,2026-08-19,1047,N,VIIRS,n,2.0NRT,286.15,1.45,N
50.15475,-121.08739,301.02,0.51,0.41,2026-08-19,1047,N,VIIRS,n,2.0NRT,286.18,0.99,N
50.15644,-121.09521,296.18,0.51,0.41,2026-08-19,1047,N,VIIRS,n,2.0NRT,284.4,1.02,N
49.78854,-121.27824,333.55,0.5,0.41,2026-08-19,2036,N,VIIRS,n,2.0NRT,292.63,7.45,D
49.80988,-121.11974,351.52,0.49,0.4,2026-08-19,2036,N,VIIRS,n,2.0NRT,301.34,23.69,D
49.81357,-121.12097,325.11,0.49,0.4,2026-08-19,2036,N,VIIRS,n,2.0NRT,290.59,3.94,D
49.83851,-121.07699,328.17,0.49,0.4,2026-08-19,2036,N,VIIRS,n,2.0NRT,284.23,3.7,D
49.85448,-121.05695,326.88,0.49,0.4,2026-08-19,2036,N,VIIRS,n,2.0NRT,281.74,2.85,D
49.8676,-121.06958,326.5,0.49,0.4,2026-08-19,2036,N,VIIRS,n,2.0NRT,287.54,4.5,D
49.8714,-121.05119,334.08,0.49,0.4,2026-08-19,2036,N,VIIRS,n,2.0NRT,286.34,4.19,D
49.87332,-121.05192,339.14,0.49,0.4,2026-08-19,2036,N,VIIRS,n,2.0NRT,289.06,38.23,D
49.88047,-121.0554,328.44,0.49,0.4,2026-08-19,2036,N,VIIRS,n,2.0NRT,285.96,7.28,D
49.89207,-121.54621,331.2,0.5,0.41,2026-08-19,2036,N,VIIRS,n,2.0NRT,273.73,9.1,D
50.09773,-121.8779,348.3,0.51,0.41,2026-08-19,2036,N,VIIRS,n,2.0NRT,287.97,22.83,D
50.10024,-121.86624,328.92,0.51,0.41,2026-08-19,2036,N,VIIRS,n,2.0NRT,290.11,5.01,D
50.1015,-121.86038,325.04,0.51,0.41,2026-08-19,2036,N,VIIRS,n,2.0NRT,291.07,5.01,D
50.10664,-121.85527,339.5,0.51,0.41,2026-08-19,2036,N,VIIRS,n,2.0NRT,291.86,12.75,D
50.1106,-121.85563,338.09,0.51,0.41,2026-08-19,2036,N,VIIRS,n,2.0NRT,293.75,12.75,D
50.11185,-121.84982,331.66,0.51,0.41,2026-08-19,2036,N,VIIRS,n,2.0NRT,290.04,12.75,D
50.15287,-121.08712,328.25,0.48,0.4,2026-08-19,2036,N,VIIRS,n,2.0NRT,290.75,3.96,D
50.15524,-121.09461,334.31,0.48,0.4,2026-08-19,2036,N,VIIRS,n,2.0NRT,289.9,4.31,D
50.15873,-121.09666,336.04,0.48,0.4,2026-08-19,2036,N,VIIRS,n,2.0NRT,289.94,4.31,D
49.87881,-121.05591,330.32,0.65,0.73,2026-08-19,2216,N,VIIRS,n,2.0NRT,280.84,6.11,D
49.6849,-121.17838,304.04,0.39,0.36,2026-08-20,1030,N,VIIRS,n,2.0NRT,284.42,0.81,N
49.68898,-121.33085,311.15,0.39,0.36,2026-08-20,1030,N,VIIRS,n,2.0NRT,287.35,1.15,N
49.68966,-121.20544,301.18,0.39,0.36,2026-08-20,1030,N,VIIRS,n,2.0NRT,284.99,0.64,N
49.69243,-121.39115,323.54,0.39,0.36,2026-08-20,1030,N,VIIRS,n,2.0NRT,288.33,4.07,N
49.6933,-121.39616,311.34,0.39,0.36,2026-08-20,1030,N,VIIRS,n,2.0NRT,288.34,4.07,N
49.69419,-121.40128,332.34,0.39,0.36,2026-08-20,1030,N,VIIRS,n,2.0NRT,290.13,2.43,N
49.69474,-121.21445,300.68,0.39,0.36,2026-08-20,1030,N,VIIRS,n,2.0NRT,284.16,0.65,N
49.69481,-121.38467,307.7,0.39,0.36,2026-08-20,1030,N,VIIRS,n,2.0NRT,288.04,1.43,N
49.69559,-121.32867,300.13,0.39,0.36,2026-08-20,1030,N,VIIRS,n,2.0NRT,286.53,0.52,N
49.69569,-121.38979,356.03,0.39,0.36,2026-08-20,1030,N,VIIRS,n,2.0NRT,295.31,4.07,N
49.69659,-121.39497,321.17,0.39,0.36,2026-08-20,1030,N,VIIRS,n,2.0NRT,291.94,4.07,N
49.69746,-121.39996,306.12,0.39,0.36,2026-08-20,1030,N,VIIRS,n,2.0NRT,290.73,2.43,N
49.69809,-121.38345,337.74,0.39,0.36,2026-08-20,1030,N,VIIRS,n,2.0NRT,290.91,2.56,N
49.69888,-121.32752,299.82,0.39,0.36,2026-08-20,1030,N,VIIRS,n,2.0NRT,286.09,0.52,N
49.69891,-121.21825,299.59,0.39,0.36,2026-08-20,1030,N,VIIRS,n,2.0NRT,284.07,0.65,N
49.69898,-121.38862,325.33,0.39,0.36,2026-08-20,1030,N,VIIRS,n,2.0NRT,291.19,1.55,N
49.69984,-121.22356,295.98,0.39,0.36,2026-08-20,1030,N,VIIRS,n,2.0NRT,284.08,0.74,N
49.69989,-121.39381,305.52,0.39,0.36,2026-08-20,1030,N,VIIRS,n,2.0NRT,289.04,1.55,N
49.70075,-121.39876,307.03,0.39,0.36,2026-08-20,1030,N,VIIRS,n,2.0NRT,291.25,0.82,N
49.70077,-121.22889,304.16,0.39,0.36,2026-08-20,1030,N,VIIRS,n,2.0NRT,285.57,0.74,N
49.70137,-121.38223,306.83,0.39,0.36,2026-08-20,1030,N,VIIRS,n,2.0NRT,288.32,2.56,N
49.7019,-121.36504,298.73,0.39,0.36,2026-08-20,1030,N,VIIRS,n,2.0NRT,286.06,3.47,N
49.70228,-121.3875,303.14,0.39,0.36,2026-08-20,1030,N,VIIRS,n,2.0NRT,289.08,1.55,N
49.70283,-121.37041,328.58,0.39,0.36,2026-08-20,1030,N,VIIRS,n,2.0NRT,290.69,3.47,N
49.70317,-121.39261,314.12,0.39,0.36,2026-08-20,1030,N,VIIRS,n,2.0NRT,289.93,1.55,N
49.70374,-121.3757,309.0,0.39,0.36,2026-08-20,1030,N,VIIRS,n,2.0NRT,289.14,1.63,N
49.70406,-121.39769,301.76,0.39,0.36,2026-08-20,1030,N,VIIRS,n,2.0NRT,290.63,0.82,N
49.70466,-121.38103,303.41,0.39,0.36,2026-08-20,1030,N,VIIRS,n,2.0NRT,289.71,1.63,N
49.7049,-121.40251,304.93,0.39,0.36,2026-08-20,1030,N,VIIRS,n,2.0NRT,289.99,0.82,N
49.70531,-121.33515,305.9,0.39,0.36,2026-08-20,1030,N,VIIRS,n,2.0NRT,286.33,1.25,N
49.70557,-121.38631,310.26,0.39,0.36,2026-08-20,1030,N,VIIRS,n,2.0NRT,289.58,1.28,N
49.70582,-121.40787,303.59,0.39,0.36,2026-08-20,1030,N,VIIRS,n,2.0NRT,288.52,0.81,N
49.70608,-121.36898,351.38,0.39,0.36,2026-08-20,1030,N,VIIRS,n,2.0NRT,295.38,3.47,N
49.70647,-121.3915,312.47,0.39,0.36,2026-08-20,1030,N,VIIRS,n,2.0NRT,289.98,1.28,N
49.70701,-121.37437,322.1,0.39,0.36,2026-08-20,1030,N,VIIRS,n,2.0NRT,291.43,1.63,N
49.70741,-121.36746,342.15,0.39,0.36,2026-08-20,1030,N,VIIRS,n,2.0NRT,291.61,2.59,N
49.70794,-121.37977,313.02,0.39,0.36,2026-08-20,1030,N,VIIRS,n,2.0NRT,289.61,1.63,N
49.70823,-121.40159,304.22,0.39,0.36,2026-08-20,1030,N,VIIRS,n,2.0NRT,291.45,0.86,N
49.70835,-121.37287,320.94,0.39,0.36,2026-08-20,1030,N,VIIRS,n,2.0NRT,290.68,2.59,N
49.70886,-121.38514,310.05,0.39,0.36,2026-08-20,1030,N,VIIRS,n,2.0NRT,289.44,1.28,N
49.70912,-121.40676,316.15,0.39,0.36,2026-08-20,1030,N,VIIRS,n,2.0NRT,291.27,2.05,N
49.7093,-121.37831,315.03,0.39,0.36,2026-08-20,1030,N,VIIRS,n,2.0NRT,289.95,1.03,N
49.70971,-121.36065,302.48,0.39,0.36,2026-08-20,1030,N,VIIRS,n,2.0NRT,286.45,0.39,N
49.70976,-121.39034,314.52,0.39,0.36,2026-08-20,1030,N,VIIRS,n,2.0NRT,290.72,1.28,N
49.71,-121.28177,295.94,0.39,0.36,2026-08-20,1030,N,VIIRS,n,2.0NRT,282.39,0.18,N
49.71023,-121.38367,307.9,0.39,0.36,2026-08-20,1030,N,VIIRS,n,2.0NRT,288.54,1.03,N
49.71065,-121.39545,304.55,0.39,0.36,2026-08-20,1030,N,VIIRS,n,2.0NRT,289.16,0.86,N
49.71065,-121.36601,297.91,0.39,0.36,2026-08-20,1030,N,VIIRS,n,2.0NRT,287.0,2.59,N
49.71115,-121.38895,314.69,0.39,0.36,2026-08-20,1030,N,VIIRS,n,2.0NRT,290.13,0.95,N
49.71153,-121.40054,300.59,0.39,0.36,2026-08-20,1030,N,VIIRS,n,2.0NRT,289.38,0.86,N
49.71161,-121.37149,328.35,0.39,0.36,2026-08-20,1030,N,VIIRS,n,2.0NRT,291.59,2.59,N
49.71204,-121.39411,307.86,0.39,0.36,2026-08-20,1030,N,VIIRS,n,2.0NRT,288.78,0.95,N
49.71256,-121.37697,306.87,0.39,0.36,2026-08-20,1030,N,VIIRS,n,2.0NRT,288.7,1.03,N
49.71323,-121.28024,301.85,0.39,0.36,2026-08-20,1030,N,VIIRS,n,2.0NRT,284.54,0.65,N
49.71351,-121.38239,302.48,0.39,0.36,2026-08-20,1030,N,VIIRS,n,2.0NRT,287.54,1.03,N
49.71444,-121.38775,298.27,0.39,0.36,2026-08-20,1030,N,VIIRS,n,2.0NRT,287.16,0.95,N
49.71486,-121.37007,320.29,0.39,0.36,2026-08-20,1030,N,VIIRS,n,2.0NRT,288.77,1.86,N
49.71534,-121.39295,312.8,0.39,0.36,2026-08-20,1030,N,VIIRS,n,2.0NRT,288.92,0.95,N
49.71582,-121.37558,319.56,0.39,0.36,2026-08-20,1030,N,VIIRS,n,2.0NRT,288.39,1.5,N
49.71623,-121.3981,302.34,0.39,0.36,2026-08-20,1030,N,VIIRS,n,2.0NRT,287.83,1.38,N
49.71693,-121.34163,297.51,0.39,0.36,2026-08-20,1030,N,VIIRS,n,2.0NRT,286.38,0.53,N
49.71864,-121.39178,301.04,0.39,0.36,2026-08-20,1030,N,VIIRS,n,2.0NRT,287.09,0.78,N
49.71907,-121.37415,305.02,0.39,0.36,2026-08-20,1030,N,VIIRS,n,2.0NRT,287.57,1.5,N
49.71925,-121.29466,302.1,0.39,0.36,2026-08-20,1030,N,VIIRS,n,2.0NRT,286.13,0.88,N
49.71954,-121.39698,314.45,0.39,0.36,2026-08-20,1030,N,VIIRS,n,2.0NRT,288.48,1.29,N
49.72192,-121.39048,308.73,0.39,0.36,2026-08-20,1030,N,VIIRS,n,2.0NRT,287.23,0.78,N
49.72231,-121.37271,298.9,0.39,0.36,2026-08-20,1030,N,VIIRS,n,2.0NRT,287.3,0.38,N
49.72283,-121.39578,305.13,0.39,0.36,2026-08-20,1030,N,VIIRS,n,2.0NRT,287.07,1.29,N
49.72297,-121.31603,302.99,0.39,0.36,2026-08-20,1030,N,VIIRS,n,2.0NRT,285.25,0.71,N
49.72517,-121.3891,297.95,0.39,0.36,2026-08-20,1030,N,VIIRS,n,2.0NRT,286.6,0.85,N
49.72702,-121.39971,299.08,0.39,0.36,2026-08-20,1030,N,VIIRS,n,2.0NRT,286.25,0.5,N
49.72936,-121.3931,300.15,0.39,0.36,2026-08-20,1030,N,VIIRS,n,2.0NRT,286.59,0.5,N
49.75316,-121.16763,304.44,0.39,0.36,2026-08-20,1030,N,VIIRS,n,2.0NRT,286.28,1.8,N
49.7541,-121.17305,324.33,0.39,0.36,2026-08-20,1030,N,VIIRS,n,2.0NRT,288.47,1.8,N
49.75628,-121.24583,300.98,0.39,0.36,2026-08-20,1030,N,VIIRS,n,2.0NRT,282.45,0.58,N
49.77259,-121.23895,297.01,0.39,0.36,2026-08-20,1030,N,VIIRS,n,2.0NRT,283.3,0.38,N
49.77295,-121.30148,299.29,0.39,0.36,2026-08-20,1030,N,VIIRS,n,2.0NRT,285.32,0.61,N
49.78898,-121.41447,296.41,0.39,0.36,2026-08-20,1030,N,VIIRS,n,2.0NRT,285.72,0.6,N
49.78977,-121.27741,298.95,0.39,0.36,2026-08-20,1030,N,VIIRS,n,2.0NRT,284.45,0.85,N
49.79959,-121.27349,300.33,0.39,0.36,2026-08-20,1030,N,VIIRS,n,2.0NRT,283.75,0.45,N
49.80453,-121.50498,325.05,0.39,0.36,2026-08-20,1030,N,VIIRS,n,2.0NRT,286.56,1.9,N
49.80777,-121.50352,321.75,0.39,0.36,2026-08-20,1030,N,VIIRS,n,2.0NRT,290.19,2.79,N
49.80865,-121.50867,303.01,0.39,0.36,2026-08-20,1030,N,VIIRS,n,2.0NRT,285.86,0.63,N
49.80874,-121.1138,296.28,0.39,0.36,2026-08-20,1030,N,VIIRS,n,2.0NRT,280.94,1.3,N
49.80969,-121.11922,314.34,0.39,0.36,2026-08-20,1030,N,VIIRS,n,2.0NRT,284.88,1.3,N
49.81065,-121.12466,329.6,0.39,0.36,2026-08-20,1030,N,VIIRS,n,2.0NRT,287.08,3.93,N
49.81189,-121.50722,299.65,0.39,0.36,2026-08-20,1030,N,VIIRS,n,2.0NRT,285.34,0.63,N
49.81404,-121.164,306.66,0.39,0.36,2026-08-20,1030,N,VIIRS,n,2.0NRT,284.77,0.75,N
49.815,-121.16947,299.94,0.39,0.36,2026-08-20,1030,N,VIIRS,n,2.0NRT,284.74,1.27,N
49.82752,-121.22112,295.91,0.39,0.36,2026-08-20,1030,N,VIIRS,n,2.0NRT,282.37,0.55,N
49.82842,-121.10596,295.62,0.39,0.36,2026-08-20,1030,N,VIIRS,n,2.0NRT,282.63,0.49,N
49.82983,-121.2143,306.14,0.39,0.36,2026-08-20,1030,N,VIIRS,n,2.0NRT,286.06,1.2,N
49.83211,-121.20729,303.24,0.39,0.36,2026-08-20,1030,N,VIIRS,n,2.0NRT,284.45,0.68,N
49.83308,-121.21287,298.95,0.39,0.36,2026-08-20,1030,N,VIIRS,n,2.0NRT,285.84,0.68,N
49.83356,-121.23569,297.18,0.39,0.36,2026-08-20,1030,N,VIIRS,n,2.0NRT,283.31,0.65,N
49.83535,-121.20583,302.19,0.39,0.36,2026-08-20,1030,N,VIIRS,n,2.0NRT,283.9,0.68,N
49.83541,-121.24631,319.18,0.39,0.36,2026-08-20,1030,N,VIIRS,n,2.0NRT,283.7,3.03,N
49.83821,-121.14189,306.99,0.39,0.36,2026-08-20,1030,N,VIIRS,n,2.0NRT,284.55,1.51,N
49.83914,-121.1472,303.18,0.39,0.36,2026-08-20,1030,N,VIIRS,n,2.0NRT,283.46,1.14,N
49.84147,-121.14046,301.53,0.39,0.36,2026-08-20,1030,N,VIIRS,n,2.0NRT,282.46,1.13,N
49.8424,-121.14577,302.01,0.39,0.36,2026-08-20,1030,N,VIIRS,n,2.0NRT,281.33,0.54,N
49.8521,-121.06073,298.3,0.39,0.37,2026-08-20,1030,N,VIIRS,n,2.0NRT,282.83,0.69,N
49.85537,-121.05934,295.56,0.39,0.37,2026-08-20,1030,N,VIIRS,n,2.0NRT,282.81,0.45,N
49.8592,-121.08131,302.56,0.39,0.36,2026-08-20,1030,N,VIIRS,n,2.0NRT,283.89,1.02,N
49.85934,-121.52631,302.05,0.39,0.36,2026-08-20,1030,N,VIIRS,n,2.0NRT,284.95,0.48,N
49.86013,-121.08672,308.79,0.39,0.36,2026-08-20,1030,N,VIIRS,n,2.0NRT,283.76,1.02,N
49.86055,-121.06894,303.55,0.39,0.36,2026-08-20,1030,N,VIIRS,n,2.0NRT,284.87,1.49,N
49.86246,-121.0799,304.12,0.39,0.36,2026-08-20,1030,N,VIIRS,n,2.0NRT,285.71,1.02,N
49.86257,-121.52486,296.87,0.39,0.36,2026-08-20,1030,N,VIIRS,n,2.0NRT,285.78,0.48,N
49.86353,-121.53039,295.9,0.39,0.36,2026-08-20,1030,N,VIIRS,n,2.0NRT,284.49,0.48,N
49.86803,-121.07162,305.21,0.39,0.36,2026-08-20,1030,N,VIIRS,n,2.0NRT,284.08,1.16,N
49.87087,-121.08789,328.33,0.39,0.36,2026-08-20,1030,N,VIIRS,n,2.0NRT,284.52,2.66,N
49.87265,-121.05778,299.88,0.39,0.36,2026-08-20,1030,N,VIIRS,n,2.0NRT,282.89,0.47,N
49.8737,-121.05637,301.23,0.39,0.36,2026-08-20,1030,N,VIIRS,n,2.0NRT,283.45,1.09,N
49.87696,-121.05492,310.42,0.39,0.36,2026-08-20,1030,N,VIIRS,n,2.0NRT,282.77,1.09,N
49.88023,-121.05357,324.84,0.39,0.36,2026-08-20,1030,N,VIIRS,n,2.0NRT,284.53,1.99,N
49.88998,-121.54236,321.16,0.39,0.36,2026-08-20,1030,N,VIIRS,n,2.0NRT,286.05,0.95,N
49.89329,-121.54132,298.85,0.39,0.36,2026-08-20,1030,N,VIIRS,n,2.0NRT,284.93,0.95,N
49.89447,-121.1345,299.65,0.39,0.36,2026-08-20,1030,N,VIIRS,n,2.0NRT,285.59,1.22,N
49.89906,-121.12069,298.54,0.39,0.36,2026-08-20,1030,N,VIIRS,n,2.0NRT,283.82,0.39,N
49.90002,-121.12617,305.23,0.39,0.36,2026-08-20,1030,N,VIIRS,n,2.0NRT,285.18,1.44,N
49.90231,-121.11928,295.45,0.39,0.36,2026-08-20,1030,N,VIIRS,n,2.0NRT,284.24,0.39,N
50.09613,-121.86518,304.66,0.39,0.36,2026-08-20,1030,N,VIIRS,n,2.0NRT,284.72,0.99,N
50.09704,-121.87067,298.47,0.39,0.36,2026-08-20,1030,N,VIIRS,n,2.0NRT,285.56,0.99,N
50.09795,-121.87614,304.33,0.39,0.36,2026-08-20,1030,N,VIIRS,n,2.0NRT,285.79,1.12,N
50.09939,-121.86389,315.88,0.39,0.36,2026-08-20,1030,N,VIIRS,n,2.0NRT,287.26,0.99,N
50.1003,-121.8694,304.33,0.39,0.36,2026-08-20,1030,N,VIIRS,n,2.0NRT,286.43,0.99,N
50.10264,-121.86261,309.89,0.39,0.36,2026-08-20,1030,N,VIIRS,n,2.0NRT,286.73,1.16,N
50.10499,-121.85592,322.11,0.39,0.36,2026-08-20,1030,N,VIIRS,n,2.0NRT,287.85,2.41,N
50.1059,-121.86138,298.14,0.39,0.36,2026-08-20,1030,N,VIIRS,n,2.0NRT,286.65,1.16,N
50.10825,-121.8547,327.01,0.39,0.36,2026-08-20,1030,N,VIIRS,n,2.0NRT,288.82,12.75,N
50.1106,-121.84801,315.16,0.39,0.36,2026-08-20,1030,N,VIIRS,n,2.0NRT,291.17,12.75,N
50.11152,-121.85352,336.89,0.39,0.36,2026-08-20,1030,N,VIIRS,n,2.0NRT,287.76,12.75,N
49.69231,-121.21648,351.27,0.5,0.49,2026-08-20,2017,N,VIIRS,n,2.0NRT,293.42,9.87,D
49.70361,-121.36619,333.0,0.51,0.49,2026-08-20,2017,N,VIIRS,n,2.0NRT,296.05,3.85,D
49.70783,-121.36903,325.75,0.51,0.49,2026-08-20,2017,N,VIIRS,l,2.0NRT,297.09,3.85,D
49.71215,-121.37144,326.09,0.51,0.49,2026-08-20,2017,N,VIIRS,n,2.0NRT,293.87,7.46,D
49.7225,-121.31287,326.87,0.5,0.49,2026-08-20,2017,N,VIIRS,n,2.0NRT,294.64,3.2,D
49.75471,-121.17015,341.28,0.5,0.49,2026-08-20,2017,N,VIIRS,n,2.0NRT,293.59,7.1,D
49.80484,-121.22272,336.87,0.5,0.49,2026-08-20,2017,N,VIIRS,n,2.0NRT,293.67,3.57,D
49.81029,-121.12532,367.0,0.49,0.49,2026-08-20,2017,N,VIIRS,h,2.0NRT,305.83,24.03,D
49.81199,-121.11865,328.31,0.49,0.49,2026-08-20,2017,N,VIIRS,n,2.0NRT,297.39,13.74,D
49.81396,-121.16808,330.21,0.49,0.49,2026-08-20,2017,N,VIIRS,n,2.0NRT,295.88,5.39,D
49.81857,-121.16917,329.44,0.49,0.49,2026-08-20,2017,N,VIIRS,n,2.0NRT,293.24,5.39,D
49.8299,-121.10581,325.29,0.49,0.49,2026-08-20,2017,N,VIIRS,n,2.0NRT,296.33,3.17,D
49.83315,-121.20779,347.39,0.5,0.49,2026-08-20,2017,N,VIIRS,n,2.0NRT,297.44,7.39,D
49.83463,-121.20198,338.79,0.5,0.49,2026-08-20,2017,N,VIIRS,n,2.0NRT,297.95,7.39,D
49.83529,-121.20825,343.5,0.5,0.49,2026-08-20,2017,N,VIIRS,n,2.0NRT,297.15,9.38,D
49.83678,-121.20255,331.35,0.49,0.49,2026-08-20,2017,N,VIIRS,n,2.0NRT,296.06,3.87,D
49.84151,-121.13666,329.56,0.49,0.49,2026-08-20,2017,N,VIIRS,n,2.0NRT,296.73,3.76,D
49.85038,-121.08276,335.19,0.49,0.49,2026-08-20,2017,N,VIIRS,n,2.0NRT,301.19,4.42,D
49.85194,-121.05753,334.17,0.49,0.48,2026-08-20,2017,N,VIIRS,n,2.0NRT,298.61,6.22,D
49.85522,-121.53037,341.13,0.51,0.49,2026-08-20,2017,N,VIIRS,n,2.0NRT,301.16,6.54,D
49.8577,-121.07308,342.16,0.49,0.48,2026-08-20,2017,N,VIIRS,n,2.0NRT,299.41,18.07,D
49.86045,-121.08132,339.49,0.49,0.48,2026-08-20,2017,N,VIIRS,n,2.0NRT,296.04,5.24,D
49.86056,-121.1192,329.67,0.49,0.49,2026-08-20,2017,N,VIIRS,n,2.0NRT,294.03,2.82,D
49.86317,-121.08228,341.16,0.49,0.48,2026-08-20,2017,N,VIIRS,n,2.0NRT,296.77,4.59,D
49.86468,-121.08385,340.37,0.49,0.48,2026-08-20,2017,N,VIIRS,n,2.0NRT,294.82,5.92,D
49.86737,-121.08484,336.61,0.49,0.48,2026-08-20,2017,N,VIIRS,n,2.0NRT,294.82,4.59,D
49.86886,-121.08649,348.9,0.49,0.48,2026-08-20,2017,N,VIIRS,n,2.0NRT,297.81,5.92,D
49.87157,-121.08745,347.1,0.49,0.48,2026-08-20,2017,N,VIIRS,n,2.0NRT,299.95,13.53,D
49.87307,-121.08904,344.88,0.49,0.48,2026-08-20,2017,N,VIIRS,n,2.0NRT,296.46,8.17,D
49.92852,-121.30805,350.36,0.5,0.49,2026-08-20,2017,N,VIIRS,n,2.0NRT,297.61,35.3,D
49.9304,-121.31448,333.64,0.5,0.49,2026-08-20,2017,N,VIIRS,n,2.0NRT,296.14,37.03,D
49.93185,-121.30881,347.87,0.5,0.49,2026-08-20,2017,N,VIIRS,n,2.0NRT,304.5,37.03,D
49.9328,-121.31047,344.5,0.5,0.49,2026-08-20,2017,N,VIIRS,n,2.0NRT,296.74,35.3,D
50.08517,-121.20433,335.74,0.49,0.48,2026-08-20,2017,N,VIIRS,n,2.0NRT,297.01,3.91,D
50.08693,-121.19751,327.72,0.49,0.48,2026-08-20,2017,N,VIIRS,n,2.0NRT,295.84,3.91,D
50.09008,-121.18533,349.64,0.49,0.48,2026-08-20,2017,N,VIIRS,n,2.0NRT,297.92,7.24,D
50.09127,-121.19952,337.29,0.49,0.48,2026-08-20,2017,N,VIIRS,n,2.0NRT,295.93,6.12,D
50.09444,-121.18723,343.84,0.49,0.48,2026-08-20,2017,N,VIIRS,n,2.0NRT,297.0,10.95,D
50.10031,-121.18332,338.23,0.49,0.48,2026-08-20,2017,N,VIIRS,n,2.0NRT,297.16,9.59,D
50.15458,-121.08485,337.84,0.48,0.48,2026-08-20,2017,N,VIIRS,n,2.0NRT,300.26,6.32,D
50.0944,-121.87386,353.68,0.52,0.5,2026-08-20,2019,N,VIIRS,n,2.0NRT,299.7,12.81,D
50.09568,-121.86893,327.54,0.52,0.5,2026-08-20,2019,N,VIIRS,n,2.0NRT,295.43,6.74,D
50.09763,-121.88062,345.34,0.52,0.5,2026-08-20,2019,N,VIIRS,n,2.0NRT,300.04,14.74,D
50.09908,-121.87507,330.29,0.52,0.5,2026-08-20,2019,N,VIIRS,n,2.0NRT,298.61,14.74,D
50.10318,-121.85944,326.35,0.52,0.5,2026-08-20,2019,N,VIIRS,l,2.0NRT,300.66,14.6,D
50.10675,-121.86492,330.11,0.52,0.5,2026-08-20,2019,N,VIIRS,n,2.0NRT,301.25,9.36,D
50.10965,-121.85384,339.7,0.52,0.5,2026-08-20,2019,N,VIIRS,n,2.0NRT,303.61,14.6,D
50.11106,-121.8484,341.28,0.52,0.5,2026-08-20,2019,N,VIIRS,n,2.0NRT,302.79,47.7,D
50.11446,-121.85452,338.13,0.52,0.5,2026-08-20,2019,N,VIIRS,n,2.0NRT,297.59,7.29,D
50.16795,-121.10816,340.04,0.48,0.48,2026-08-20,2019,N,VIIRS,n,2.0NRT,299.8,10.78,D
50.16939,-121.10249,341.59,0.48,0.48,2026-08-20,2019,N,VIIRS,n,2.0NRT,301.52,8.79,D
49.69158,-121.33271,335.15,0.39,0.59,2026-08-20,2157,N,VIIRS,n,2.0NRT,297.71,6.48,D
49.69168,-121.32913,367.0,0.39,0.59,2026-08-20,2157,N,VIIRS,h,2.0NRT,299.73,6.48,D
49.69487,-121.40916,327.2,0.38,0.59,2026-08-20,2157,N,VIIRS,n,2.0NRT,296.91,9.6,D
49.69501,-121.40425,367.0,0.38,0.59,2026-08-20,2157,N,VIIRS,h,2.0NRT,309.94,19.55,D
49.69513,-121.40034,350.77,0.38,0.59,2026-08-20,2157,N,VIIRS,n,2.0NRT,299.31,19.55,D
49.69523,-121.39671,339.74,0.38,0.59,2026-08-20,2157,N,VIIRS,n,2.0NRT,298.67,6.47,D
49.70161,-121.36809,367.0,0.39,0.59,2026-08-20,2157,N,VIIRS,h,2.0NRT,302.62,7.99,D
49.70254,-121.33653,354.81,0.39,0.59,2026-08-20,2157,N,VIIRS,n,2.0NRT,300.85,7.0,D
49.70263,-121.33339,345.2,0.39,0.59,2026-08-20,2157,N,VIIRS,n,2.0NRT,301.13,7.0,D
49.70717,-121.36715,367.0,0.39,0.59,2026-08-20,2157,N,VIIRS,h,2.0NRT,299.65,7.99,D
49.71378,-121.33077,326.49,0.39,0.59,2026-08-20,2157,N,VIIRS,l,2.0NRT,296.97,2.87,D
49.71756,-121.38927,339.94,0.38,0.59,2026-08-20,2157,N,VIIRS,n,2.0NRT,299.47,5.31,D
49.72289,-121.39548,330.86,0.38,0.59,2026-08-20,2157,N,VIIRS,n,2.0NRT,296.83,3.93,D
49.72305,-121.39031,341.47,0.38,0.59,2026-08-20,2157,N,VIIRS,n,2.0NRT,297.09,5.12,D
49.7551,-121.24967,329.15,0.39,0.59,2026-08-20,2157,N,VIIRS,n,2.0NRT,298.6,2.55,D
49.76489,-121.25443,338.61,0.39,0.59,2026-08-20,2157,N,VIIRS,n,2.0NRT,296.74,4.53,D
49.76597,-121.25795,327.87,0.39,0.59,2026-08-20,2157,N,VIIRS,n,2.0NRT,296.56,2.28,D
49.80196,-121.50535,288.26,0.38,0.59,2026-08-20,2157,N,VIIRS,l,2.0NRT,312.29,60.79,D
49.80226,-121.49565,367.0,0.38,0.59,2026-08-20,2157,N,VIIRS,h,2.0NRT,296.68,100.91,D
49.80457,-121.22739,338.15,0.39,0.59,2026-08-20,2157,N,VIIRS,n,2.0NRT,294.12,87.34,D
49.80481,-121.21841,367.0,0.39,0.6,2026-08-20,2157,N,VIIRS,h,2.0NRT,295.67,57.57,D
49.80753,-121.50301,353.34,0.38,0.59,2026-08-20,2157,N,VIIRS,n,2.0NRT,296.08,60.79,D
49.80766,-121.49889,367.0,0.38,0.59,2026-08-20,2157,N,VIIRS,h,2.0NRT,294.47,100.91,D
49.81184,-121.16644,334.22,0.39,0.6,2026-08-20,2157,N,VIIRS,n,2.0NRT,294.87,3.64,D
49.81289,-121.12838,351.59,0.4,0.6,2026-08-20,2157,N,VIIRS,n,2.0NRT,296.95,6.08,D
49.81305,-121.12228,342.4,0.4,0.6,2026-08-20,2157,N,VIIRS,n,2.0NRT,296.45,8.34,D
49.81732,-121.16982,330.36,0.39,0.6,2026-08-20,2157,N,VIIRS,n,2.0NRT,294.91,3.64,D
49.82324,-121.15786,341.58,0.4,0.6,2026-08-20,2157,N,VIIRS,n,2.0NRT,294.93,4.81,D
49.82699,-121.22194,345.98,0.39,0.6,2026-08-20,2157,N,VIIRS,n,2.0NRT,298.47,4.51,D
49.8319,-121.24453,329.68,0.39,0.59,2026-08-20,2157,N,VIIRS,n,2.0NRT,298.12,2.08,D
49.84034,-121.14577,331.65,0.4,0.6,2026-08-20,2157,N,VIIRS,n,2.0NRT,295.22,2.12,D
49.8405,-121.1402,329.59,0.4,0.6,2026-08-20,2157,N,VIIRS,n,2.0NRT,294.88,2.12,D
49.84758,-121.08862,329.53,0.4,0.6,2026-08-20,2157,N,VIIRS,n,2.0NRT,295.12,4.24,D
49.85395,-121.06182,343.02,0.4,0.6,2026-08-20,2157,N,VIIRS,n,2.0NRT,295.45,5.2,D
49.85891,-121.08416,333.58,0.4,0.6,2026-08-20,2157,N,VIIRS,n,2.0NRT,294.39,7.7,D
49.8591,-121.07742,340.18,0.4,0.6,2026-08-20,2157,N,VIIRS,n,2.0NRT,295.16,16.36,D
49.86117,-121.53194,333.35,0.38,0.59,2026-08-20,2157,N,VIIRS,n,2.0NRT,299.99,3.5,D
49.86181,-121.08796,329.76,0.4,0.6,2026-08-20,2157,N,VIIRS,n,2.0NRT,293.89,8.4,D
49.86196,-121.08163,367.0,0.4,0.6,2026-08-20,2157,N,VIIRS,h,2.0NRT,296.79,8.4,D
49.86451,-121.08413,367.0,0.4,0.6,2026-08-20,2157,N,VIIRS,h,2.0NRT,296.14,7.7,D
49.86742,-121.08793,367.0,0.4,0.6,2026-08-20,2157,N,VIIRS,h,2.0NRT,296.82,8.4,D
49.86994,-121.09026,367.0,0.4,0.6,2026-08-20,2157,N,VIIRS,h,2.0NRT,296.93,12.28,D
49.87301,-121.08797,343.88,0.4,0.6,2026-08-20,2157,N,VIIRS,n,2.0NRT,294.52,5.75,D
49.89407,-121.53477,336.48,0.38,0.59,2026-08-20,2157,N,VIIRS,n,2.0NRT,303.7,7.82,D
49.92067,-121.56272,343.89,0.38,0.59,2026-08-20,2157,N,VIIRS,n,2.0NRT,295.25,6.09,D
49.92088,-121.55614,344.95,0.38,0.59,2026-08-20,2157,N,VIIRS,n,2.0NRT,295.1,9.62,D
50.05721,-121.42171,343.17,0.39,0.59,2026-08-20,2157,N,VIIRS,n,2.0NRT,298.77,3.63,D
50.08617,-121.20238,367.0,0.39,0.6,2026-08-20,2157,N,VIIRS,h,2.0NRT,300.46,8.01,D
50.08952,-121.20428,367.0,0.39,0.6,2026-08-20,2157,N,VIIRS,h,2.0NRT,298.07,9.89,D
50.08967,-121.19844,332.72,0.4,0.6,2026-08-20,2157,N,VIIRS,n,2.0NRT,295.28,6.83,D
50.09188,-121.19809,335.15,0.39,0.6,2026-08-20,2157,N,VIIRS,n,2.0NRT,294.4,8.01,D
50.09521,-121.2001,334.2,0.4,0.6,2026-08-20,2157,N,VIIRS,n,2.0NRT,293.65,6.83,D
50.09738,-121.87878,367.0,0.37,0.58,2026-08-20,2157,N,VIIRS,h,2.0NRT,301.29,8.48,D
50.10883,-121.86059,335.89,0.37,0.58,2026-08-20,2157,N,VIIRS,n,2.0NRT,298.84,3.31,D
50.10917,-121.85001,348.65,0.37,0.58,2026-08-20,2157,N,VIIRS,n,2.0NRT,298.46,3.31,D
49.6847,-121.14489,299.63,0.41,0.37,2026-08-21,1011,N,VIIRS,n,2.0NRT,288.3,0.83,N
49.68535,-121.20345,309.91,0.41,0.37,2026-08-21,1011,N,VIIRS,n,2.0NRT,287.87,0.94,N
49.68551,-121.15102,309.89,0.41,0.37,2026-08-21,1011,N,VIIRS,n,2.0NRT,289.34,1.47,N
49.68725,-121.13744,319.32,0.41,0.37,2026-08-21,1011,N,VIIRS,n,2.0NRT,290.82,1.14,N
49.68772,-121.33046,318.84,0.42,0.37,2026-08-21,1011,N,VIIRS,n,2.0NRT,291.48,2.29,N
49.68804,-121.14342,316.8,0.41,0.37,2026-08-21,1011,N,VIIRS,n,2.0NRT,291.29,1.14,N
49.68876,-121.20248,312.58,0.41,0.37,2026-08-21,1011,N,VIIRS,n,2.0NRT,288.64,1.62,N
49.68939,-121.39859,301.38,0.42,0.37,2026-08-21,1011,N,VIIRS,n,2.0NRT,289.82,0.64,N
49.68953,-121.20837,304.94,0.41,0.37,2026-08-21,1011,N,VIIRS,n,2.0NRT,288.01,1.11,N
49.69006,-121.34861,305.07,0.42,0.37,2026-08-21,1011,N,VIIRS,n,2.0NRT,288.75,0.79,N
49.69017,-121.40475,327.5,0.42,0.38,2026-08-21,1011,N,VIIRS,n,2.0NRT,290.24,3.08,N
49.69027,-121.32269,303.76,0.42,0.37,2026-08-21,1011,N,VIIRS,n,2.0NRT,289.73,0.85,N
49.69029,-121.2142,315.49,0.41,0.37,2026-08-21,1011,N,VIIRS,n,2.0NRT,288.99,1.11,N
49.69061,-121.13611,295.29,0.41,0.37,2026-08-21,1011,N,VIIRS,n,2.0NRT,284.82,1.14,N
49.69107,-121.32886,320.26,0.42,0.37,2026-08-21,1011,N,VIIRS,n,2.0NRT,292.86,2.6,N
49.69139,-121.14201,297.01,0.41,0.37,2026-08-21,1011,N,VIIRS,n,2.0NRT,286.93,1.14,N
49.69276,-121.3971,312.23,0.42,0.37,2026-08-21,1011,N,VIIRS,n,2.0NRT,291.73,1.33,N
49.69347,-121.34757,303.19,0.42,0.37,2026-08-21,1011,N,VIIRS,n,2.0NRT,288.91,0.78,N
49.69358,-121.40361,323.61,0.42,0.38,2026-08-21,1011,N,VIIRS,n,2.0NRT,292.78,2.83,N
49.69363,-121.32113,307.1,0.42,0.37,2026-08-21,1011,N,VIIRS,n,2.0NRT,290.06,0.85,N
49.69371,-121.21339,304.58,0.41,0.37,2026-08-21,1011,N,VIIRS,n,2.0NRT,288.94,1.11,N
49.69441,-121.32723,318.72,0.42,0.37,2026-08-21,1011,N,VIIRS,n,2.0NRT,293.61,2.6,N
49.69638,-121.20676,298.48,0.41,0.37,2026-08-21,1011,N,VIIRS,n,2.0NRT,286.74,1.1,N
49.69776,-121.32568,315.38,0.42,0.37,2026-08-21,1011,N,VIIRS,n,2.0NRT,292.15,1.25,N
49.6979,-121.21828,301.94,0.41,0.37,2026-08-21,1011,N,VIIRS,n,2.0NRT,287.15,1.37,N
49.69796,-121.38217,308.44,0.42,0.37,2026-08-21,1011,N,VIIRS,n,2.0NRT,290.44,1.51,N
49.69939,-121.2297,301.8,0.41,0.37,2026-08-21,1011,N,VIIRS,n,2.0NRT,289.58,1.01,N
49.70035,-121.40085,329.42,0.42,0.38,2026-08-21,1011,N,VIIRS,n,2.0NRT,292.67,1.93,N
49.70036,-121.31841,311.46,0.42,0.37,2026-08-21,1011,N,VIIRS,n,2.0NRT,288.3,1.48,N
49.70112,-121.32424,299.33,0.42,0.37,2026-08-21,1011,N,VIIRS,n,2.0NRT,288.49,1.25,N
49.70324,-121.36806,314.4,0.42,0.37,2026-08-21,1011,N,VIIRS,n,2.0NRT,290.98,1.2,N
49.70457,-121.40607,302.08,0.42,0.38,2026-08-21,1011,N,VIIRS,n,2.0NRT,290.57,1.93,N
49.70612,-121.3354,302.18,0.42,0.37,2026-08-21,1011,N,VIIRS,n,2.0NRT,290.0,0.75,N
49.70667,-121.36716,308.14,0.42,0.37,2026-08-21,1011,N,VIIRS,n,2.0NRT,290.46,1.2,N
49.70739,-121.37275,308.76,0.42,0.37,2026-08-21,1011,N,VIIRS,n,2.0NRT,291.47,2.14,N
49.70811,-121.26926,299.02,0.42,0.37,2026-08-21,1011,N,VIIRS,n,2.0NRT,288.04,0.35,N
49.71081,-121.37173,301.45,0.42,0.37,2026-08-21,1011,N,VIIRS,n,2.0NRT,289.96,1.09,N
49.71152,-121.37717,300.87,0.42,0.37,2026-08-21,1011,N,VIIRS,n,2.0NRT,290.23,1.09,N
49.71224,-121.38267,304.87,0.42,0.37,2026-08-21,1011,N,VIIRS,n,2.0NRT,290.5,1.33,N
49.71281,-121.35977,310.02,0.42,0.37,2026-08-21,1011,N,VIIRS,n,2.0NRT,289.72,1.17,N
49.71424,-121.37078,309.86,0.42,0.37,2026-08-21,1011,N,VIIRS,n,2.0NRT,290.99,1.09,N
49.71494,-121.37614,320.69,0.42,0.37,2026-08-21,1011,N,VIIRS,n,2.0NRT,292.11,1.09,N
49.71621,-121.35865,306.7,0.42,0.37,2026-08-21,1011,N,VIIRS,n,2.0NRT,289.63,1.06,N
49.71629,-121.33178,304.28,0.42,0.37,2026-08-21,1011,N,VIIRS,n,2.0NRT,289.69,1.1,N
49.71714,-121.3931,305.02,0.42,0.38,2026-08-21,1011,N,VIIRS,n,2.0NRT,291.2,1.17,N
49.71793,-121.39925,310.59,0.42,0.38,2026-08-21,1011,N,VIIRS,n,2.0NRT,291.38,1.17,N
49.71803,-121.29088,302.33,0.42,0.37,2026-08-21,1011,N,VIIRS,n,2.0NRT,289.13,1.49,N
49.71837,-121.37521,318.16,0.42,0.37,2026-08-21,1011,N,VIIRS,n,2.0NRT,291.25,2.47,N
49.71878,-121.29668,299.56,0.42,0.37,2026-08-21,1011,N,VIIRS,n,2.0NRT,289.45,0.93,N
49.72052,-121.39174,312.74,0.42,0.38,2026-08-21,1011,N,VIIRS,n,2.0NRT,291.57,2.14,N
49.72101,-121.31368,307.25,0.42,0.37,2026-08-21,1011,N,VIIRS,n,2.0NRT,290.07,1.14,N
49.72129,-121.39771,315.88,0.42,0.38,2026-08-21,1011,N,VIIRS,n,2.0NRT,292.09,2.14,N
49.72393,-121.39063,315.44,0.42,0.38,2026-08-21,1011,N,VIIRS,n,2.0NRT,291.73,2.14,N
49.72447,-121.31306,300.91,0.42,0.37,2026-08-21,1011,N,VIIRS,n,2.0NRT,290.62,0.61,N
49.72468,-121.39644,335.93,0.42,0.38,2026-08-21,1011,N,VIIRS,n,2.0NRT,294.21,2.14,N
49.72808,-121.39527,320.75,0.42,0.38,2026-08-21,1011,N,VIIRS,n,2.0NRT,291.73,2.99,N
49.74399,-121.29958,302.04,0.42,0.37,2026-08-21,1011,N,VIIRS,n,2.0NRT,288.93,1.39,N
49.74654,-121.23827,318.84,0.41,0.37,2026-08-21,1011,N,VIIRS,n,2.0NRT,285.44,2.15,N
49.75077,-121.29723,303.98,0.42,0.37,2026-08-21,1011,N,VIIRS,n,2.0NRT,287.2,0.56,N
49.75175,-121.17089,340.92,0.41,0.37,2026-08-21,1011,N,VIIRS,n,2.0NRT,292.45,4.79,N
49.75249,-121.17646,303.99,0.41,0.37,2026-08-21,1011,N,VIIRS,n,2.0NRT,289.06,1.33,N
49.75414,-121.24221,304.72,0.41,0.37,2026-08-21,1011,N,VIIRS,n,2.0NRT,286.26,0.63,N
49.75493,-121.24819,311.48,0.42,0.37,2026-08-21,1011,N,VIIRS,n,2.0NRT,287.26,2.17,N
49.76598,-121.2513,305.64,0.42,0.37,2026-08-21,1011,N,VIIRS,n,2.0NRT,287.52,1.25,N
49.7677,-121.25019,322.99,0.42,0.37,2026-08-21,1011,N,VIIRS,n,2.0NRT,288.52,2.26,N
49.76937,-121.25012,311.58,0.42,0.37,2026-08-21,1011,N,VIIRS,n,2.0NRT,288.46,1.25,N
49.77555,-121.2287,303.99,0.41,0.37,2026-08-21,1011,N,VIIRS,n,2.0NRT,289.85,1.63,N
49.77814,-121.22132,316.22,0.41,0.37,2026-08-21,1011,N,VIIRS,n,2.0NRT,287.87,1.04,N
49.7789,-121.22716,298.26,0.41,0.37,2026-08-21,1011,N,VIIRS,n,2.0NRT,287.04,1.04,N
49.78716,-121.41216,299.81,0.42,0.38,2026-08-21,1011,N,VIIRS,n,2.0NRT,289.53,0.45,N
49.78847,-121.41125,298.82,0.42,0.38,2026-08-21,1011,N,VIIRS,n,2.0NRT,288.57,0.5,N
49.80005,-121.22652,310.04,0.42,0.37,2026-08-21,1011,N,VIIRS,n,2.0NRT,289.42,2.39,N
49.80125,-121.2086,306.64,0.41,0.37,2026-08-21,1011,N,VIIRS,n,2.0NRT,285.51,1.89,N
49.80175,-121.49672,302.67,0.42,0.38,2026-08-21,1011,N,VIIRS,n,2.0NRT,288.36,1.88,N
49.80195,-121.21397,348.0,0.41,0.37,2026-08-21,1011,N,VIIRS,n,2.0NRT,296.93,10.46,N
49.80255,-121.50282,327.14,0.42,0.38,2026-08-21,1011,N,VIIRS,n,2.0NRT,293.79,1.88,N
49.80289,-121.4961,299.87,0.42,0.38,2026-08-21,1011,N,VIIRS,n,2.0NRT,288.2,1.08,N
49.80343,-121.22524,338.37,0.42,0.37,2026-08-21,1011,N,VIIRS,n,2.0NRT,293.03,2.39,N
49.80366,-121.50217,338.93,0.42,0.38,2026-08-21,1011,N,VIIRS,n,2.0NRT,298.64,3.14,N
49.80424,-121.23145,301.23,0.42,0.37,2026-08-21,1011,N,VIIRS,n,2.0NRT,289.56,2.39,N
49.80446,-121.50856,301.56,0.42,0.38,2026-08-21,1011,N,VIIRS,n,2.0NRT,290.15,3.14,N
49.80535,-121.21291,342.31,0.41,0.37,2026-08-21,1011,N,VIIRS,n,2.0NRT,294.15,4.39,N
49.80605,-121.21818,300.95,0.41,0.37,2026-08-21,1011,N,VIIRS,n,2.0NRT,287.54,4.39,N
49.80708,-121.11855,296.0,0.41,0.37,2026-08-21,1011,N,VIIRS,n,2.0NRT,283.65,3.34,N
49.80712,-121.50148,336.29,0.42,0.38,2026-08-21,1011,N,VIIRS,n,2.0NRT,297.58,5.27,N
49.80782,-121.12413,339.8,0.41,0.37,2026-08-21,1011,N,VIIRS,n,2.0NRT,289.45,3.34,N
49.80807,-121.20667,317.83,0.41,0.37,2026-08-21,1011,N,VIIRS,n,2.0NRT,286.65,3.63,N
49.80875,-121.21187,334.31,0.41,0.37,2026-08-21,1011,N,VIIRS,n,2.0NRT,297.42,4.39,N
49.8097,-121.11166,299.75,0.41,0.37,2026-08-21,1011,N,VIIRS,n,2.0NRT,286.89,0.57,N
49.81116,-121.12275,313.13,0.41,0.37,2026-08-21,1011,N,VIIRS,n,2.0NRT,291.26,3.34,N
49.8119,-121.12833,300.56,0.41,0.37,2026-08-21,1011,N,VIIRS,n,2.0NRT,288.54,1.3,N
49.81365,-121.16832,326.18,0.41,0.37,2026-08-21,1011,N,VIIRS,n,2.0NRT,289.66,1.71,N
49.81417,-121.52872,305.15,0.42,0.38,2026-08-21,1011,N,VIIRS,n,2.0NRT,287.0,0.91,N
49.81438,-121.17383,348.79,0.41,0.37,2026-08-21,1011,N,VIIRS,n,2.0NRT,294.05,8.75,N
49.81511,-121.17938,330.43,0.41,0.37,2026-08-21,1011,N,VIIRS,n,2.0NRT,288.43,8.75,N
49.81628,-121.16149,303.1,0.41,0.37,2026-08-21,1011,N,VIIRS,n,2.0NRT,287.67,1.71,N
49.81701,-121.16698,315.91,0.41,0.37,2026-08-21,1011,N,VIIRS,n,2.0NRT,287.5,1.71,N
49.81717,-121.11473,303.9,0.41,0.37,2026-08-21,1011,N,VIIRS,n,2.0NRT,285.8,1.31,N
49.81892,-121.15465,301.74,0.41,0.37,2026-08-21,1011,N,VIIRS,n,2.0NRT,286.51,1.19,N
49.81964,-121.16016,341.48,0.41,0.37,2026-08-21,1011,N,VIIRS,n,2.0NRT,291.63,2.78,N
49.82038,-121.1657,304.9,0.41,0.37,2026-08-21,1011,N,VIIRS,n,2.0NRT,286.83,2.78,N
49.8211,-121.1712,316.82,0.41,0.37,2026-08-21,1011,N,VIIRS,n,2.0NRT,285.87,2.66,N
49.82184,-121.1768,327.38,0.41,0.37,2026-08-21,1011,N,VIIRS,n,2.0NRT,284.97,2.66,N
49.82231,-121.15356,320.98,0.41,0.37,2026-08-21,1011,N,VIIRS,n,2.0NRT,289.28,1.19,N
49.82305,-121.15917,300.8,0.41,0.37,2026-08-21,1011,N,VIIRS,n,2.0NRT,286.58,2.78,N
49.82385,-121.21902,311.31,0.42,0.37,2026-08-21,1011,N,VIIRS,n,2.0NRT,288.92,0.65,N
49.8246,-121.22472,297.58,0.42,0.37,2026-08-21,1011,N,VIIRS,n,2.0NRT,283.89,0.65,N
49.82929,-121.20651,329.35,0.41,0.37,2026-08-21,1011,N,VIIRS,n,2.0NRT,288.39,2.68,N
49.82998,-121.21175,313.29,0.41,0.37,2026-08-21,1011,N,VIIRS,n,2.0NRT,291.06,2.68,N
49.83028,-121.24097,305.79,0.42,0.37,2026-08-21,1011,N,VIIRS,n,2.0NRT,288.13,1.66,N
49.83104,-121.24677,314.99,0.42,0.37,2026-08-21,1011,N,VIIRS,n,2.0NRT,287.77,1.66,N
49.83108,-121.13963,302.52,0.41,0.37,2026-08-21,1011,N,VIIRS,n,2.0NRT,289.75,1.6,N
49.83271,-121.20557,335.38,0.41,0.37,2026-08-21,1011,N,VIIRS,n,2.0NRT,292.83,4.75,N
49.83296,-121.23442,305.62,0.42,0.37,2026-08-21,1011,N,VIIRS,n,2.0NRT,288.3,1.24,N
49.83447,-121.24594,317.22,0.42,0.37,2026-08-21,1011,N,VIIRS,n,2.0NRT,286.75,1.66,N
49.83556,-121.17355,298.58,0.41,0.37,2026-08-21,1011,N,VIIRS,n,2.0NRT,288.19,0.63,N
49.83612,-121.20456,300.36,0.41,0.37,2026-08-21,1011,N,VIIRS,n,2.0NRT,286.79,4.75,N
49.8363,-121.17915,302.55,0.41,0.37,2026-08-21,1011,N,VIIRS,n,2.0NRT,287.47,1.05,N
49.83651,-121.07407,308.34,0.41,0.37,2026-08-21,1011,N,VIIRS,n,2.0NRT,285.94,1.09,N
49.83792,-121.13794,302.0,0.41,0.37,2026-08-21,1011,N,VIIRS,n,2.0NRT,287.79,1.04,N
49.83869,-121.14368,319.16,0.41,0.37,2026-08-21,1011,N,VIIRS,n,2.0NRT,289.19,1.76,N
49.83901,-121.17288,299.84,0.41,0.37,2026-08-21,1011,N,VIIRS,n,2.0NRT,288.91,0.63,N
49.8399,-121.07294,306.03,0.41,0.37,2026-08-21,1011,N,VIIRS,n,2.0NRT,284.58,1.09,N
49.84134,-121.13696,315.54,0.41,0.37,2026-08-21,1011,N,VIIRS,n,2.0NRT,285.68,1.04,N
49.8421,-121.14272,299.78,0.41,0.37,2026-08-21,1011,N,VIIRS,n,2.0NRT,284.46,1.76,N
49.84406,-121.23795,306.16,0.42,0.37,2026-08-21,1011,N,VIIRS,n,2.0NRT,288.05,0.78,N
49.84481,-121.2437,298.18,0.42,0.37,2026-08-21,1011,N,VIIRS,n,2.0NRT,287.3,0.78,N
49.84557,-121.24947,300.51,0.42,0.37,2026-08-21,1011,N,VIIRS,n,2.0NRT,289.21,0.61,N
49.85167,-121.06247,306.09,0.41,0.37,2026-08-21,1011,N,VIIRS,n,2.0NRT,286.05,0.94,N
49.85197,-121.05755,302.97,0.41,0.37,2026-08-21,1011,N,VIIRS,n,2.0NRT,285.76,0.99,N
49.8527,-121.06301,306.56,0.41,0.37,2026-08-21,1011,N,VIIRS,n,2.0NRT,286.37,0.99,N
49.85506,-121.06139,303.38,0.41,0.37,2026-08-21,1011,N,VIIRS,n,2.0NRT,286.29,0.94,N
49.85563,-121.08495,335.62,0.41,0.37,2026-08-21,1011,N,VIIRS,n,2.0NRT,287.86,4.37,N
49.85698,-121.52911,325.07,0.42,0.38,2026-08-21,1011,N,VIIRS,n,2.0NRT,289.22,2.52,N
49.85722,-121.07774,296.81,0.41,0.37,2026-08-21,1011,N,VIIRS,n,2.0NRT,286.74,1.34,N
49.85795,-121.08333,343.02,0.41,0.37,2026-08-21,1011,N,VIIRS,n,2.0NRT,294.79,8.83,N
49.85869,-121.08897,330.49,0.41,0.37,2026-08-21,1011,N,VIIRS,n,2.0NRT,292.27,8.83,N
49.85975,-121.52289,304.81,0.42,0.38,2026-08-21,1011,N,VIIRS,n,2.0NRT,288.69,1.6,N
49.85989,-121.07127,299.01,0.41,0.37,2026-08-21,1011,N,VIIRS,n,2.0NRT,287.52,1.6,N
49.86022,-121.11933,295.78,0.41,0.37,2026-08-21,1011,N,VIIRS,n,2.0NRT,281.25,0.22,N
49.86041,-121.528,318.77,0.42,0.38,2026-08-21,1011,N,VIIRS,n,2.0NRT,289.72,1.6,N
49.8611,-121.53343,315.02,0.42,0.38,2026-08-21,1011,N,VIIRS,n,2.0NRT,287.35,1.13,N
49.86134,-121.08229,320.92,0.41,0.37,2026-08-21,1011,N,VIIRS,n,2.0NRT,290.78,5.55,N
49.86208,-121.08791,330.43,0.41,0.37,2026-08-21,1011,N,VIIRS,n,2.0NRT,291.19,5.55,N
49.86401,-121.07574,323.11,0.41,0.37,2026-08-21,1011,N,VIIRS,n,2.0NRT,289.98,1.6,N
49.86456,-121.53253,300.96,0.42,0.38,2026-08-21,1011,N,VIIRS,n,2.0NRT,287.57,1.13,N
49.86548,-121.08689,337.26,0.41,0.37,2026-08-21,1011,N,VIIRS,n,2.0NRT,290.03,5.55,N
49.86741,-121.07471,312.99,0.41,0.37,2026-08-21,1011,N,VIIRS,n,2.0NRT,287.23,1.34,N
49.86888,-121.08588,300.64,0.41,0.37,2026-08-21,1011,N,VIIRS,n,2.0NRT,285.21,1.13,N
49.87494,-121.07822,295.97,0.41,0.37,2026-08-21,1011,N,VIIRS,n,2.0NRT,285.52,0.37,N
49.8823,-121.1885,299.19,0.41,0.37,2026-08-21,1011,N,VIIRS,n,2.0NRT,284.82,0.45,N
49.88667,-121.53806,302.89,0.42,0.38,2026-08-21,1011,N,VIIRS,n,2.0NRT,289.43,0.93,N
49.88746,-121.54414,307.7,0.42,0.38,2026-08-21,1011,N,VIIRS,n,2.0NRT,288.22,0.93,N
49.89079,-121.54234,311.92,0.42,0.38,2026-08-21,1011,N,VIIRS,n,2.0NRT,288.9,1.8,N
49.89159,-121.54845,326.49,0.42,0.38,2026-08-21,1011,N,VIIRS,n,2.0NRT,288.69,5.6,N
49.89412,-121.54047,308.12,0.42,0.38,2026-08-21,1011,N,VIIRS,n,2.0NRT,288.78,1.8,N
49.89491,-121.54662,344.3,0.42,0.38,2026-08-21,1011,N,VIIRS,n,2.0NRT,292.91,5.6,N
49.89828,-121.54504,314.57,0.42,0.38,2026-08-21,1011,N,VIIRS,n,2.0NRT,289.82,1.51,N
49.8987,-121.12457,305.89,0.41,0.37,2026-08-21,1011,N,VIIRS,n,2.0NRT,288.39,1.3,N
49.89942,-121.13006,302.22,0.41,0.37,2026-08-21,1011,N,VIIRS,n,2.0NRT,288.42,1.69,N
49.90137,-121.11803,304.53,0.41,0.37,2026-08-21,1011,N,VIIRS,n,2.0NRT,285.58,0.72,N
49.90211,-121.1236,302.79,0.41,0.37,2026-08-21,1011,N,VIIRS,n,2.0NRT,287.3,0.72,N
49.90241,-121.15285,327.29,0.41,0.37,2026-08-21,1011,N,VIIRS,n,2.0NRT,287.78,3.04,N
49.90506,-121.14613,297.01,0.41,0.37,2026-08-21,1011,N,VIIRS,n,2.0NRT,286.27,0.56,N
49.90581,-121.15179,310.63,0.41,0.37,2026-08-21,1011,N,VIIRS,n,2.0NRT,288.14,1.12,N
49.91349,-121.55231,318.54,0.42,0.38,2026-08-21,1011,N,VIIRS,n,2.0NRT,285.58,2.29,N
49.91462,-121.55121,325.81,0.42,0.38,2026-08-21,1011,N,VIIRS,n,2.0NRT,288.53,2.4,N
49.91494,-121.56355,305.16,0.42,0.38,2026-08-21,1011,N,VIIRS,n,2.0NRT,282.11,2.61,N
49.91604,-121.56241,345.07,0.42,0.38,2026-08-21,1011,N,VIIRS,n,2.0NRT,286.76,4.28,N
49.91762,-121.5567,313.39,0.42,0.38,2026-08-21,1011,N,VIIRS,n,2.0NRT,286.68,2.29,N
49.91834,-121.56232,328.53,0.42,0.38,2026-08-21,1011,N,VIIRS,n,2.0NRT,288.06,2.61,N
49.91946,-121.56121,313.93,0.42,0.38,2026-08-21,1011,N,VIIRS,n,2.0NRT,285.81,4.28,N
49.93118,-121.29173,302.59,0.42,0.37,2026-08-21,1011,N,VIIRS,n,2.0NRT,287.37,0.41,N
49.93182,-121.54613,296.07,0.42,0.38,2026-08-21,1011,N,VIIRS,n,2.0NRT,285.87,0.35,N
49.94297,-121.3553,304.04,0.42,0.38,2026-08-21,1011,N,VIIRS,n,2.0NRT,286.25,1.19,N
49.94641,-121.3544,303.33,0.42,0.38,2026-08-21,1011,N,VIIRS,n,2.0NRT,286.89,0.93,N
49.95479,-121.30949,298.15,0.42,0.38,2026-08-21,1011,N,VIIRS,n,2.0NRT,285.24,0.75,N
49.97857,-121.30121,297.18,0.42,0.38,2026-08-21,1011,N,VIIRS,n,2.0NRT,286.56,0.71,N
50.00494,-121.3289,295.81,0.42,0.38,2026-08-21,1011,N,VIIRS,n,2.0NRT,284.58,0.54,N
50.01345,-121.42335,303.1,0.42,0.38,2026-08-21,1011,N,VIIRS,n,2.0NRT,284.93,0.79,N
50.01762,-121.42814,300.11,0.42,0.38,2026-08-21,1011,N,VIIRS,n,2.0NRT,285.55,0.79,N
50.05618,-121.42319,327.18,0.42,0.38,2026-08-21,1011,N,VIIRS,n,2.0NRT,288.83,3.2,N
50.0862,-121.20038,298.88,0.42,0.37,2026-08-21,1011,N,VIIRS,n,2.0NRT,288.12,1.14,N
50.0877,-121.20071,310.55,0.42,0.37,2026-08-21,1011,N,VIIRS,n,2.0NRT,289.55,1.48,N
50.0896,-121.19918,313.17,0.42,0.37,2026-08-21,1011,N,VIIRS,n,2.0NRT,288.91,1.14,N
50.09034,-121.20492,298.65,0.42,0.37,2026-08-21,1011,N,VIIRS,n,2.0NRT,287.81,1.14,N
50.09153,-121.18679,308.6,0.42,0.37,2026-08-21,1011,N,VIIRS,n,2.0NRT,290.05,1.85,N
50.09176,-121.31304,298.17,0.42,0.38,2026-08-21,1011,N,VIIRS,n,2.0NRT,285.89,0.79,N
50.09253,-121.3189,303.06,0.42,0.38,2026-08-21,1011,N,VIIRS,n,2.0NRT,287.75,0.79,N
50.09299,-121.19801,321.61,0.42,0.37,2026-08-21,1011,N,VIIRS,n,2.0NRT,288.95,1.77,N
50.0948,-121.87191,332.45,0.43,0.38,2026-08-21,1011,N,VIIRS,n,2.0NRT,291.0,4.15,N
50.09493,-121.18563,320.35,0.42,0.37,2026-08-21,1011,N,VIIRS,n,2.0NRT,290.17,1.85,N
50.09546,-121.87713,310.84,0.43,0.38,2026-08-21,1011,N,VIIRS,n,2.0NRT,290.36,3.21,N
50.09639,-121.19685,308.48,0.42,0.37,2026-08-21,1011,N,VIIRS,n,2.0NRT,287.73,1.77,N
50.09762,-121.86562,325.54,0.43,0.38,2026-08-21,1011,N,VIIRS,n,2.0NRT,292.98,2.31,N
50.09827,-121.87077,304.23,0.43,0.38,2026-08-21,1011,N,VIIRS,n,2.0NRT,290.16,2.31,N
50.09834,-121.18449,305.19,0.42,0.37,2026-08-21,1011,N,VIIRS,n,2.0NRT,286.18,1.03,N
50.09907,-121.19012,313.49,0.42,0.37,2026-08-21,1011,N,VIIRS,n,2.0NRT,288.18,1.03,N
50.1004,-121.85898,310.66,0.43,0.38,2026-08-21,1011,N,VIIRS,n,2.0NRT,288.96,1.65,N
50.10247,-121.18903,307.86,0.42,0.37,2026-08-21,1011,N,VIIRS,n,2.0NRT,287.8,1.03,N
50.10386,-121.85783,314.08,0.43,0.38,2026-08-21,1011,N,VIIRS,n,2.0NRT,291.35,6.48,N
50.10661,-121.85097,348.78,0.43,0.38,2026-08-21,1011,N,VIIRS,n,2.0NRT,295.15,6.48,N
50.11003,-121.84948,347.85,0.43,0.38,2026-08-21,1011,N,VIIRS,n,2.0NRT,294.87,14.63,N
50.11068,-121.8547,306.91,0.43,0.38,2026-08-21,1011,N,VIIRS,n,2.0NRT,288.91,14.63,N
50.11348,-121.8483,344.67,0.43,0.38,2026-08-21,1011,N,VIIRS,n,2.0NRT,307.61,14.63,N
50.11412,-121.85343,328.45,0.43,0.38,2026-08-21,1011,N,VIIRS,n,2.0NRT,292.07,14.63,N
50.11478,-121.85869,298.22,0.43,0.38,2026-08-21,1011,N,VIIRS,n,2.0NRT,286.33,0.86,N
50.11695,-121.84721,348.08,0.43,0.38,2026-08-21,1011,N,VIIRS,n,2.0NRT,292.68,4.87,N
50.11761,-121.85249,319.41,0.43,0.38,2026-08-21,1011,N,VIIRS,n,2.0NRT,290.02,4.87,N
50.12476,-121.16944,296.09,0.42,0.37,2026-08-21,1011,N,VIIRS,n,2.0NRT,286.07,0.55,N
50.12898,-121.17467,299.07,0.42,0.37,2026-08-21,1011,N,VIIRS,n,2.0NRT,287.36,0.8,N
50.12977,-121.18073,298.09,0.42,0.37,2026-08-21,1011,N,VIIRS,n,2.0NRT,287.08,0.8,N
50.13083,-121.1616,297.78,0.42,0.37,2026-08-21,1011,N,VIIRS,n,2.0NRT,287.32,0.4,N
50.13546,-121.14285,347.92,0.42,0.37,2026-08-21,1011,N,VIIRS,n,2.0NRT,289.03,12.18,N
50.13622,-121.14858,305.19,0.42,0.37,2026-08-21,1011,N,VIIRS,n,2.0NRT,285.79,0.92,N
50.1389,-121.14195,339.43,0.42,0.37,2026-08-21,1011,N,VIIRS,n,2.0NRT,292.12,12.18,N
50.13964,-121.1477,297.14,0.42,0.37,2026-08-21,1011,N,VIIRS,n,2.0NRT,286.53,0.92,N
50.14649,-121.14582,299.48,0.42,0.37,2026-08-21,1011,N,VIIRS,n,2.0NRT,287.1,0.48,N
50.1515,-121.10294,306.6,0.42,0.37,2026-08-21,1011,N,VIIRS,n,2.0NRT,287.9,2.14,N
50.15185,-121.13258,305.4,0.42,0.37,2026-08-21,1011,N,VIIRS,n,2.0NRT,288.71,0.96,N
50.15299,-121.11428,308.75,0.42,0.37,2026-08-21,1011,N,VIIRS,n,2.0NRT,288.63,1.34,N
50.15417,-121.09631,327.21,0.42,0.37,2026-08-21,1011,N,VIIRS,n,2.0NRT,288.96,2.14,N
50.15491,-121.10192,321.14,0.42,0.37,2026-08-21,1011,N,VIIRS,n,2.0NRT,289.81,2.14,N
50.1572,-121.11935,298.91,0.42,0.37,2026-08-21,1011,N,VIIRS,n,2.0NRT,288.03,1.06,N
50.15761,-121.09548,298.15,0.42,0.37,2026-08-21,1011,N,VIIRS,n,2.0NRT,287.99,1.02,N
50.16602,-121.1054,313.19,0.42,0.37,2026-08-21,1011,N,VIIRS,n,2.0NRT,289.57,3.39,N
50.16635,-121.13495,304.41,0.42,0.37,2026-08-21,1011,N,VIIRS,n,2.0NRT,289.49,0.78,N
50.16677,-121.11112,310.94,0.42,0.37,2026-08-21,1011,N,VIIRS,n,2.0NRT,288.61,3.39,N
50.1687,-121.09885,302.0,0.42,0.37,2026-08-21,1011,N,VIIRS,n,2.0NRT,288.37,1.05,N
50.1702,-121.1102,353.53,0.42,0.37,2026-08-21,1011,N,VIIRS,n,2.0NRT,294.77,3.39,N
49.68021,-121.13055,298.2,0.72,0.76,2026-08-21,1149,N,VIIRS,n,2.0NRT,286.58,16.47,N
49.68282,-121.13719,307.15,0.72,0.76,2026-08-21,1149,N,VIIRS,n,2.0NRT,286.73,134.41,N
49.6832,-121.11701,304.34,0.72,0.76,2026-08-21,1149,N,VIIRS,n,2.0NRT,284.36,16.47,N
49.68519,-121.2065,298.58,0.72,0.75,2026-08-21,1149,N,VIIRS,n,2.0NRT,286.62,1.77,N
49.6855,-121.144,312.01,0.72,0.76,2026-08-21,1149,N,VIIRS,n,2.0NRT,286.22,134.41,N
49.68631,-121.12495,330.14,0.72,0.76,2026-08-21,1149,N,VIIRS,n,2.0NRT,287.03,16.47,N
49.68793,-121.15019,298.69,0.72,0.76,2026-08-21,1149,N,VIIRS,n,2.0NRT,285.9,28.71,N
49.69084,-121.19979,313.36,0.72,0.75,2026-08-21,1149,N,VIIRS,n,2.0NRT,287.5,3.93,N
49.69365,-121.14366,367.0,0.72,0.76,2026-08-21,1149,N,VIIRS,h,2.0NRT,295.3,134.41,N
49.69621,-121.15018,303.1,0.72,0.76,2026-08-21,1149,N,VIIRS,n,2.0NRT,285.74,28.71,N
49.72279,-121.38633,300.49,0.7,0.75,2026-08-21,1149,N,VIIRS,n,2.0NRT,287.72,1.45,N
49.72569,-121.39126,310.75,0.7,0.75,2026-08-21,1149,N,VIIRS,n,2.0NRT,287.91,1.79,N
49.72675,-121.39645,300.39,0.7,0.75,2026-08-21,1149,N,VIIRS,n,2.0NRT,287.47,1.45,N
49.80033,-121.50118,303.24,0.69,0.74,2026-08-21,1149,N,VIIRS,n,2.0NRT,287.22,1.48,N
49.80223,-121.50609,301.9,0.69,0.74,2026-08-21,1149,N,VIIRS,n,2.0NRT,287.85,1.48,N
49.80431,-121.49043,310.24,0.69,0.74,2026-08-21,1149,N,VIIRS,n,2.0NRT,289.26,2.26,N
49.80715,-121.16111,303.19,0.71,0.75,2026-08-21,1149,N,VIIRS,n,2.0NRT,285.26,1.61,N
49.80775,-121.49928,302.45,0.69,0.74,2026-08-21,1149,N,VIIRS,n,2.0NRT,288.14,2.26,N
49.81275,-121.17544,299.67,0.71,0.75,2026-08-21,1149,N,VIIRS,n,2.0NRT,285.48,2.18,N
49.81453,-121.15891,301.56,0.71,0.75,2026-08-21,1149,N,VIIRS,n,2.0NRT,285.01,2.15,N
49.82061,-121.17445,304.02,0.71,0.75,2026-08-21,1149,N,VIIRS,n,2.0NRT,282.98,1.8,N
49.82304,-121.22274,296.21,0.71,0.75,2026-08-21,1149,N,VIIRS,n,2.0NRT,284.68,1.14,N
49.83233,-121.24648,308.74,0.71,0.75,2026-08-21,1149,N,VIIRS,n,2.0NRT,285.95,2.96,N
49.83633,-121.17247,295.24,0.71,0.75,2026-08-21,1149,N,VIIRS,n,2.0NRT,285.0,1.44,N
49.84012,-121.1438,296.79,0.71,0.75,2026-08-21,1149,N,VIIRS,n,2.0NRT,285.18,2.05,N
49.85599,-121.07922,296.07,0.71,0.75,2026-08-21,1149,N,VIIRS,n,2.0NRT,285.2,2.03,N
49.85872,-121.08178,305.17,0.71,0.75,2026-08-21,1149,N,VIIRS,n,2.0NRT,286.41,2.52,N
49.85986,-121.08902,296.62,0.71,0.75,2026-08-21,1149,N,VIIRS,n,2.0NRT,285.54,1.85,N
49.86544,-121.08218,300.94,0.71,0.75,2026-08-21,1149,N,VIIRS,n,2.0NRT,285.44,1.85,N
49.88753,-121.53761,301.48,0.68,0.74,2026-08-21,1149,N,VIIRS,n,2.0NRT,286.19,2.84,N
49.88893,-121.53797,305.09,0.68,0.74,2026-08-21,1149,N,VIIRS,n,2.0NRT,286.46,4.59,N
49.89089,-121.54637,325.79,0.68,0.74,2026-08-21,1149,N,VIIRS,n,2.0NRT,286.53,4.35,N
49.89244,-121.54699,332.52,0.68,0.74,2026-08-21,1149,N,VIIRS,n,2.0NRT,287.64,4.59,N
49.89722,-121.54182,303.65,0.68,0.74,2026-08-21,1149,N,VIIRS,n,2.0NRT,286.31,2.84,N
49.8983,-121.54118,295.78,0.68,0.74,2026-08-21,1149,N,VIIRS,n,2.0NRT,285.25,1.02,N
49.89991,-121.54883,300.84,0.68,0.74,2026-08-21,1149,N,VIIRS,n,2.0NRT,284.85,4.35,N
49.91538,-121.56424,302.41,0.68,0.74,2026-08-21,1149,N,VIIRS,n,2.0NRT,283.68,2.09,N
49.9206,-121.56068,304.66,0.68,0.74,2026-08-21,1149,N,VIIRS,n,2.0NRT,284.29,2.2,N
49.92144,-121.55898,297.32,0.68,0.74,2026-08-21,1149,N,VIIRS,n,2.0NRT,284.12,1.26,N
50.0557,-121.42292,296.53,0.68,0.74,2026-08-21,1149,N,VIIRS,n,2.0NRT,285.79,1.08,N
50.13594,-121.14352,313.69,0.69,0.74,2026-08-21,1149,N,VIIRS,n,2.0NRT,284.9,1.77,N
50.13657,-121.14471,310.28,0.69,0.74,2026-08-21,1149,N,VIIRS,n,2.0NRT,285.92,2.42,N
50.15313,-121.10372,297.6,0.69,0.75,2026-08-21,1149,N,VIIRS,n,2.0NRT,286.32,1.58,N
49.67995,-121.21493,331.26,0.4,0.6,2026-08-21,1958,N,VIIRS,n,2.0URT,278.33,7.21,D
49.68227,-121.20747,356.65,0.4,0.6,2026-08-21,1958,N,VIIRS,l,2.0URT,281.92,15.72,D
49.68346,-121.22346,356.7,0.4,0.6,2026-08-21,1958,N,VIIRS,l,2.0URT,285.31,20.34,D
49.71265,-121.32749,336.85,0.4,0.6,2026-08-21,1958,N,VIIRS,n,2.0URT,284.76,3.74,D
49.71296,-121.32742,337.92,0.4,0.6,2026-08-21,1958,N,VIIRS,n,2.0URT,285.26,4.4,D
49.72941,-121.39259,347.52,0.4,0.6,2026-08-21,1958,N,VIIRS,n,2.0URT,279.42,8.06,D
49.73055,-121.38896,327.61,0.4,0.6,2026-08-21,1958,N,VIIRS,n,2.0URT,278.78,5.78,D
49.80415,-121.21143,336.73,0.4,0.6,2026-08-21,1958,N,VIIRS,n,2.0URT,278.51,6.71,D
49.80526,-121.20782,340.6,0.4,0.6,2026-08-21,1958,N,VIIRS,n,2.0URT,280.5,8.93,D
49.85899,-121.53468,332.51,0.4,0.6,2026-08-21,1958,N,VIIRS,n,2.0URT,297.44,5.16,D
49.86156,-121.52639,345.94,0.4,0.6,2026-08-21,1958,N,VIIRS,n,2.0URT,292.89,8.34,D
49.86212,-121.08244,329.25,0.4,0.6,2026-08-21,1958,N,VIIRS,n,2.0URT,283.41,3.28,D
49.86456,-121.53667,325.76,0.4,0.6,2026-08-21,1958,N,VIIRS,n,2.0URT,290.98,5.16,D
49.92896,-121.28816,350.4,0.4,0.6,2026-08-21,1958,N,VIIRS,n,2.0URT,296.77,5.2,D
49.94094,-121.3089,333.5,0.4,0.6,2026-08-21,1958,N,VIIRS,n,2.0URT,293.62,2.14,D
49.95341,-121.28814,330.51,0.4,0.6,2026-08-21,1958,N,VIIRS,n,2.0URT,288.32,12.27,D
49.95486,-121.28612,348.89,0.4,0.6,2026-08-21,1958,N,VIIRS,n,2.0URT,293.55,24.02,D
49.95513,-121.28253,367.0,0.4,0.6,2026-08-21,1958,N,VIIRS,h,2.0URT,297.16,33.35,D
49.95657,-121.28064,356.93,0.4,0.6,2026-08-21,1958,N,VIIRS,l,2.0URT,287.35,25.53,D
50.08074,-121.3597,355.79,0.4,0.6,2026-08-21,1958,N,VIIRS,n,2.0URT,298.21,10.03,D
50.09133,-121.32559,332.56,0.4,0.6,2026-08-21,1958,N,VIIRS,n,2.0URT,296.99,10.07,D
50.09248,-121.87676,340.2,0.4,0.6,2026-08-21,1958,N,VIIRS,n,2.0URT,296.46,11.84,D
50.09349,-121.31861,367.0,0.4,0.6,2026-08-21,1958,N,VIIRS,h,2.0URT,302.56,24.68,D
50.09354,-121.87337,345.27,0.4,0.6,2026-08-21,1958,N,VIIRS,n,2.0URT,298.94,11.84,D
50.09574,-121.18468,341.04,0.4,0.6,2026-08-21,1958,N,VIIRS,n,2.0URT,301.01,6.41,D
50.09814,-121.87863,367.0,0.4,0.6,2026-08-21,1958,N,VIIRS,h,2.0URT,299.12,11.84,D
50.10798,-121.84723,343.23,0.4,0.6,2026-08-21,1958,N,VIIRS,n,2.0URT,295.48,5.29,D
50.11282,-121.85171,333.06,0.4,0.6,2026-08-21,1958,N,VIIRS,n,2.0URT,299.94,9.97,D
50.11388,-121.8483,367.0,0.4,0.6,2026-08-21,1958,N,VIIRS,h,2.0URT,302.6,18.91,D
50.11497,-121.8448,367.0,0.4,0.6,2026-08-21,1958,N,VIIRS,h,2.0URT,300.86,18.91,D
50.13622,-121.14112,355.09,0.4,0.6,2026-08-21,1958,N,VIIRS,n,2.0URT,298.86,6.95,D
50.1392,-121.14103,333.31,0.4,0.6,2026-08-21,1958,N,VIIRS,n,2.0URT,296.03,7.23,D
50.15545,-121.13759,332.59,0.4,0.6,2026-08-21,1958,N,VIIRS,n,2.0URT,296.43,2.5,D
50.17044,-121.10839,325.96,0.4,0.6,2026-08-21,1958,N,VIIRS,l,2.0URT,297.72,2.64,D
